Description,0
RP11-495P10.6,0.030191404483260045
AC090505.6,0.030170614138955384
AC103564.6,0.030168250566853683
CNGA3,0.030151249834008225
CPA3,0.03011892373939287
NPY5R,0.03010697213052928
AC018865.5,0.030066259928459762
AC078994.2,0.03005972507600627
Y_RNA,0.03005371638193566
ADCY10,0.03003071433234039
RP11-571L19.7,0.030022801181175094
AC106875.1,0.030014389650016737
AC025750.6,0.029996576157293092
CNTNAP5,0.02997771225218045
GRIA2,0.029972915097766978
RP11-366M4.12,0.02997179407874886
S100A12,0.029962273095794637
RP11-302F12.2,0.02995922771306478
OR2T8,0.029887508076246013
AC067945.4,0.029863103635991803
RNU6-1305P,0.02977748844535245
RP11-452C8.1,0.029765591415363512
HNRNPA1P55,0.029736786880098263
CAMTA1-IT1,0.029700572246031523
LDLRAD1,0.02967550086887914
SNORD39,0.02965679126713594
EPGN,0.029655182276553615
RPL12P44,0.029654644744469327
RN7SL717P,0.029631616537819972
RP11-397P13.6,0.029631544199256135
AC112518.3,0.029631284109438317
RP11-706D8.3,0.029630764259356734
RN7SL165P,0.02960790017097895
RPS7P15,0.029602115771760595
RP11-62G11.1,0.029575584076871293
ENPP7P10,0.029571348818725834
RP11-119H12.5,0.02956199440868289
VIT,0.02955544393033048
SPINK2,0.029540137582475933
RP11-502M1.1,0.029531142354575057
snoU13,0.029516384427325404
AC011747.6,0.029484990820364033
UBL4B,0.029476652482282584
RP11-389E17.1,0.02946797419478543
RP11-419C19.3,0.02946648518274887
RP4-764D2.1,0.0294553216547853
KRT8P15,0.029455258612716268
RP11-332L8.1,0.029438700993490535
RN7SL589P,0.02941582527049764
AC093702.1,0.029405188718391304
RP11-306I1.2,0.02939236159411281
RN7SL517P,0.029389049559829922
AC013262.1,0.029387128773410476
LYST-AS1,0.029335412530213035
SNORD51,0.029307959022156594
RP11-1E3.1,0.02930111565658093
KRT18P21,0.029299528843644927
SNORA4,0.02928549255112602
ZMYM4-AS1,0.029284534956802614
RN7SL378P,0.029280259218483554
VPS26BP1,0.02927094665551099
SPRR2C,0.02916851679669302
MRPL45P1,0.029139766080506595
RP11-225N10.1,0.029135870272020994
RN7SL558P,0.02912099381016039
CD247,0.029083874254263602
MUC7,0.029069654041413984
RPS24P7,0.0290612241733037
RNU1-73P,0.02906070019156923
RP11-98D18.15,0.02904169273502054
LMLN-AS1,0.02902213517872521
RP11-317P15.4,0.02894684039294956
POTEI,0.02894177146108572
TXNDC12-AS1,0.028922912824403752
FCAMR,0.028913609006919323
CCT7P2,0.02888530258247084
RP13-685P2.7,0.028865553947238876
RP11-83M16.5,0.028848354736010457
CASQ2,0.02878847246489819
UOX,0.02876990304623302
HMGN2P18,0.028758397429481355
RP11-496D1.2,0.02873917160711001
RNU6-151P,0.02872999690624065
RNU6V,0.028713081305762264
AC092569.2,0.028694307000928565
RP4-633I8.4,0.028688263509321618
RP11-44F21.2,0.02868727710491741
RP1-125I3.4,0.028676982625934665
HNRNPA1P42,0.028675145155287834
AC092168.4,0.028664333965989986
QRSL1P1,0.028633683467766718
MAB21L2,0.028586926432276203
RNU6-1099P,0.028574814938211318
RP4-799P18.2,0.028573248055847187
PPP1R11P1,0.028559605494574137
RP11-399E6.1,0.02853680573843827
RP1-134O19.3,0.028532607970357973
VHLL,0.028514212315701854
RP13-685P2.8,0.0284946484101023
AC098973.1,0.028489846748836267
AC104777.3,0.028465999019391994
MRPS6P2,0.028465841769709167
AC009237.17,0.028453311283265146
RP11-61J19.2,0.028426790159779673
RPL31P11,0.02839734980216253
CTD-2260A17.3,0.028386935783587613
VDAC1P4,0.02837001868271563
AC116609.3,0.028330630449514324
AC068946.1,0.028308436763432022
RP11-325I22.2,0.028279699508291224
MIR4781,0.02824494652727857
RASA2-IT1,0.028218650549976233
AC073069.2,0.02818963190483816
TRIM61,0.02817265155127481
LINC00504,0.028162452728147953
RPS4XP5,0.028138164967490508
RP4-735C1.6,0.028089453352505678
MTND5P10,0.02807870483216388
C1orf94,0.02807425186465724
RP11-635L1.3,0.028069782666704207
AC079807.3,0.028050047933487157
CICP5,0.027977076429625033
CHCHD2P7,0.0279708565700911
RP11-338C15.3,0.027943727833268952
RSL24D1P2,0.02790134020709086
KRT8P40,0.027887591658456567
RP11-317M11.1,0.027882496549256786
GRM2,0.027872839159489935
RP11-461L13.5,0.02785905418781241
C3orf22,0.02784974818725657
RP11-417J1.1,0.027846735047294943
TAS1R1,0.02780632168913338
AC023115.4,0.027790837781889375
ENPP7P2,0.027784208627014806
RP11-362F19.3,0.02778274718811415
RP11-326I11.4,0.027780355503509744
DDX50P2,0.02777135640552482
HIST2H3A,0.02775208511022124
AC004051.2,0.027746021908654356
RP11-624D20.1,0.027738213428349295
RP11-305E17.4,0.027699420935925978
RP11-576N17.5,0.0276941278021381
AC138655.6,0.027692578312731506
SUCLA2P3,0.027686092415044595
MRPL50P2,0.027673871217188676
RP5-1061H20.3,0.027670011222904845
RP4-784A16.3,0.02766739872512235
RN7SKP43,0.0276334217989887
RP11-10L12.2,0.027622559623435253
RP11-23D24.2,0.02761068455996124
GSTM3P2,0.02760163098951708
UGT1A12P,0.027587254066911957
RNU6-1094P,0.027545659650471715
RP11-1191J2.4,0.02750011661433585
RP11-296O14.1,0.027429522102454515
RP11-424N24.2,0.02742716665512515
C2orf78,0.027422931395952286
ATP5G2P3,0.02738932852117969
SNORD19,0.027344446941255787
RP11-77M5.1,0.027342632378088455
RPL21P32,0.02733352566008382
RNU5A-8P,0.02730796178870581
RN7SL753P,0.027289666070739054
IL1F10,0.02727160793932047
RP11-322J23.1,0.027207905874397666
RP5-892K4.1,0.027184984884663473
LIMS3L,0.027163915786967297
AADACL4,0.02716389867057757
AC115115.3,0.027148228759726594
RMDN2-AS1,0.02714554911136675
RP11-260E18.1,0.027136542646286028
RP11-22A3.2,0.027136035621547473
LUZPP1,0.027120893564392665
OTOF,0.02708393903283136
AC092796.1,0.02707754825506138
AC016730.1,0.0270603406203628
TLR10,0.02703635836898891
MIR765,0.02699863500730822
S100A7,0.026995263760683463
RP11-434D11.4,0.02698926393771459
FER1L5,0.026967761888334666
RP11-359D14.2,0.026965183833906864
CHCHD4P5,0.026958138572197046
RP11-18H21.1,0.026937899382430658
SERPINC1,0.026923848235541017
RP11-337C18.7,0.02685926781384493
RP11-432B6.1,0.026844902662245474
AL138847.1,0.02684151267396223
CHL1-AS2,0.026841107379878073
RPL31P12,0.026836897670496657
GYG1P3,0.026825359542438008
CTD-2312P21.1,0.026798272863766192
NBPF13P,0.02679190818871849
AC009336.1,0.026786262874138753
RP11-65L3.1,0.02678285595030759
CTC-498M16.2,0.026771055078169886
HNRNPA1P57,0.02676282371166032
RPL21P44,0.02676003381082832
RN7SL552P,0.02674645578525067
FCGR2B,0.02674565056454324
MYBPH,0.026729927918579987
ZNF806,0.026727898140550533
IGBP1P4,0.026694804455793305
SMYD3-IT1,0.026693452469249573
RP11-335O13.8,0.02668514413375586
RP11-289K10.1,0.02667199503365426
AC092652.1,0.02666713351572152
AC017079.3,0.026641408024308092
VN1R20P,0.02663710184142445
RP11-747H12.6,0.026604864303537968
HDAC1P2,0.026596355202432764
RP11-479O16.1,0.026583552286407155
CTC-287O8.1,0.026549044187368562
CTD-2186M15.1,0.026522998898845383
CXCL1P,0.02650648093403885
AC007919.2,0.02650501519669203
ITIH3,0.02645056201139495
RP11-52A20.2,0.02644867502093028
PGAM1P11,0.02643477520594995
CTC-463N11.1,0.02642485993194781
C2orf80,0.026416655611540843
CTC-507E12.1,0.026415053991291664
AC010984.3,0.02639736385027565
SLC9A4,0.02635818414974683
TPO,0.02633112072571023
RP4-665N4.8,0.026323311234652775
FGD5P1,0.026304965788394016
LCE6A,0.026301366770478715
SALL4P1,0.026273576342003096
CERS6-AS1,0.026265727197991657
Y_RNA,0.02626159286087329
EIF4BP8,0.02625428080906123
RGS13,0.026248011036953057
MIR200A,0.02622225232354894
RNA5SP150,0.02622095868305896
DNAJC5G,0.026176232457075024
GRIK3,0.026152385027449692
GBP7,0.026125351602537067
MIR34A,0.026121758851876606
NPY2R,0.0260928405631904
AC130709.1,0.026075789152195314
DPRXP1,0.026074661561335588
SNORA4,0.02607225614960147
PRSS50,0.026067816192326246
RP11-266J6.2,0.026035833564113736
AC011742.3,0.026035156355768325
SPRR2F,0.02602536776554758
PPBP,0.02602226309218442
PAX7,0.026006152967845305
RP11-679C8.2,0.026003356219807153
RP11-701P16.5,0.025983133118231073
KDELC1P1,0.02597570410744369
GS1-120K12.4,0.025971803174874325
AC013401.2,0.025966993416316586
CDC20B,0.025939460181793314
LCE2B,0.025934849492696768
RP11-155G15.2,0.025923937023340893
OR2M4,0.025917191766457112
C4orf6,0.025899999389417085
RNA5SP123,0.025894273187570926
RHBDF1P1,0.025862022012146022
CTC-232H10.1,0.02585510245006226
RP11-20B7.1,0.025854362512331436
ZNF648,0.025805566984579805
SMYD1,0.025796544568064756
RP11-278L15.6,0.025754865081703323
AL356475.1,0.025717850681005475
RP1-45C12.1,0.025707772273038443
RP4-717I23.2,0.0256985162206672
RP11-823P9.3,0.02568532915448338
RP11-547I7.1,0.025681767478410403
AC009312.1,0.025663929270298105
LRRC14B,0.025644919990098474
RPS3AP12,0.025630496833528374
RP11-358H9.1,0.025608085121553197
RP4-794H19.2,0.025600581367943635
AC004066.2,0.025586664378629848
CTD-2272G21.2,0.025567654662534762
SNORD112,0.02556764416388696
AC123023.1,0.025549915607032316
SUMO1P2,0.025523108996472862
MIR320B2,0.025520366007727297
Y_RNA,0.025463632384373155
CELF3,0.02545606095570388
RP11-1191J2.5,0.025444382027857704
RP11-480I12.4,0.02542257938864463
RP11-93K22.1,0.025372325653097712
RN7SL425P,0.025294652497636645
AC007679.1,0.025244324343979427
CTD-2533K21.1,0.025239670569850704
MIR885,0.025239670569850704
RP5-886K2.1,0.02519235966889945
AC133965.1,0.025160335663249375
CXCR2,0.025159077003453448
RP11-494K3.2,0.025124878458477384
C4orf22,0.025087434061002056
HNRNPA1P64,0.02506335498504116
CTD-2384B11.2,0.025062889416148548
SNORA3,0.0250254675334102
RP11-674I16.1,0.025018809456001795
RP4-580O19.2,0.025018630837752853
RN7SKP237,0.025011668719215615
PPIL1P1,0.024971399883795594
AC009474.2,0.02496869287819428
RP11-445O3.3,0.024915657342214768
GPR52,0.024890289197985794
RP11-461L13.4,0.024877544011424908
RP11-181K12.2,0.024876281930586528
AC091633.3,0.0248724657814161
RP11-689P11.3,0.024868274564375546
AC017002.4,0.02486708884770063
ASTL,0.024863453207852035
RP11-71E19.1,0.024861454046566412
AC074367.1,0.02481493488773877
RP11-446H18.6,0.02478307707309078
ASB5,0.024779356208962877
CTD-2015H6.2,0.0247777027853088
RP11-506N2.1,0.024757363767339297
RP11-759F5.1,0.024747633497804455
RN7SKP48,0.024715629447750496
RP13-582L3.4,0.02470304160987272
RP11-2H3.2,0.024682723988490547
AC008074.5,0.024655694432951136
DUTP7,0.024611690611935105
MIR4280,0.02460820957866723
RP11-420J11.1,0.024594327479329315
PSMC1P4,0.024587626687041675
RP11-363D14.1,0.02457635295301532
PLA2G2C,0.024568071475067264
RP11-163G10.4,0.02455803907329887
TRIM71,0.024555250918462047
MTND5P12,0.02454867918667142
RP11-335L23.4,0.0245294302655573
SHE,0.0245291585267373
RP11-99J16__A.2,0.024517235461700402
IGKV1-27,0.024485757512424558
TEX38,0.02443408639531988
RP11-254F7.1,0.024427412322446787
AC073321.4,0.02439407688247093
AC011816.1,0.024385852384146225
RP11-70C1.1,0.024378952732597922
RP11-307C12.13,0.024366782683694577
FGD5,0.024337023737735664
SLC25A38P1,0.024328885410146522
MRPS33P2,0.02431906201385495
RP11-134P9.1,0.024221220773305453
AC107083.1,0.024198161763001366
HMGN1P12,0.024197631454801877
CTD-2201G3.1,0.02419725459575287
RP11-63H19.1,0.02418566008734235
REG1A,0.024179314176382975
VDAC1P7,0.024158435290759863
RP11-148L24.1,0.024147213473228884
RP11-98D18.17,0.02414027447689927
RP11-345P4.10,0.024118518301435226
ACSL6,0.02411627520635783
RP11-61J19.3,0.02410624135897019
RP5-1007G16.1,0.02409910335118004
RP11-511I11.1,0.02408483567870819
SHFM1P1,0.0240839617627653
RP11-555K12.2,0.024080016411324897
RP11-296A18.6,0.02406695128629452
RP11-292E2.1,0.024046601903245698
GAPDHP64,0.024045527057115202
PDCL3P3,0.024008543580816957
LINC00954,0.024001728836999487
RP11-366M4.18,0.02399575991318509
MYLKP1,0.023994480062720647
RP11-467C18.1,0.02399281801701932
ANGPTL3,0.023970565971991126
OR6F1,0.023950858326915892
RBM48P1,0.023946155209208734
RP4-635E8.1,0.023926707760041774
LCT,0.023924118154820234
CCDC27,0.023913888234477886
IL5,0.023911855235168242
RP11-772C9.1,0.023847738273656893
RP11-192C21.1,0.02383219220538649
RNU1-1,0.02382323602058078
RP11-432M8.17,0.023812213782218077
CTD-2108O9.4,0.023795762971638924
RP11-457K10.2,0.023783979926144116
RP11-274J2.1,0.023775883545973184
IL13,0.02374078613382472
AL137127.1,0.02372511607178161
AC005037.4,0.02372459078811971
RP11-756P10.1,0.02367460104233639
DISC1-IT1,0.023664641979316208
AC007391.2,0.023584387218233277
HMGN2P20,0.02357029705383749
RP11-789C1.2,0.0235695158598289
AC010095.7,0.023553115196862
HMGB3P9,0.02353800772993479
RP11-701P16.2,0.02352932692757993
RP4-790G17.7,0.02352122759920236
C1orf177,0.023519245340959092
GAPDHP59,0.023507378402838217
RP11-306K13.1,0.023501272803836296
SMCO1,0.02348526081341853
AC093698.1,0.023445082631115527
AC008592.5,0.02343348776327023
RP11-160H22.3,0.02340625504346519
RP11-335E6.3,0.02340067838430257
RP11-133F8.2,0.02339156937125797
OR7E91P,0.023362110340019383
RP13-480C15.1,0.023362110340019383
LINC00302,0.02335447370466714
RP11-334A14.2,0.02331061290222357
RNU7-128P,0.02331061290222357
RNU7-183P,0.02331061290222357
AC010729.2,0.023285514814533018
RP4-591B8.2,0.02326384565601824
AL844165.1,0.0232584495930571
STAB1,0.023241948090935702
CNTN2,0.02321810857342858
AC012467.1,0.023210641476805224
CYP4Z1,0.02319475482340368
ECEL1P2,0.023159795591367854
RP11-379K17.4,0.023153332761487053
RP11-105N14.2,0.02314517629065847
FLG2,0.023144031252618293
OR13Z2P,0.023143930123112468
ADRA2B,0.023117759546908995
RP11-448G15.1,0.02310022780918077
Y_RNA,0.0230662862506429
RN7SL127P,0.022983793357172936
XXYLT1-AS2,0.022979314877823107
CTD-2158P22.1,0.022956121837153773
AC104451.2,0.022953991525301826
AC117947.1,0.022953699015523955
TMPRSS11D,0.022940019961662502
RP11-706F1.1,0.02293249754009179
AC006445.6,0.0228972475197103
RP11-131L23.1,0.02289615281559719
RP11-660M5.1,0.022887629443003807
RP11-614F17.1,0.022824247720048638
NUP210L,0.022813815136453825
RP11-129B22.1,0.02280652858645184
AC023115.2,0.022796632448298142
FABP1,0.02278166671393107
LAX1,0.02277675813308283
AC008277.1,0.02275518921764698
ECEL1P3,0.022736936637443445
CTC-575N7.1,0.02272492107067731
A3GALT2,0.022723040900418587
KRBOX1-AS1,0.022721317366546017
RP11-308D13.3,0.022707582540483967
SPRR4,0.022705849946407158
RP11-115A15.2,0.022692635124645522
AC009310.1,0.022677093366170364
RNU6-969P,0.02264690273539027
AC010150.2,0.02264690273539027
FAM3D,0.02264646870195139
FAM170A,0.022637691535597217
RNU6-1058P,0.02261875876979218
NDUFB4P1,0.022571571779451655
RP11-513D4.1,0.022544544918213106
RP11-307L14.2,0.022537685521614975
RP11-241F15.3,0.02251664290956844
AC108868.3,0.02248552265482813
GJA4,0.022469131213730707
RP11-810D13.1,0.022466659046932822
RP11-439E19.8,0.022459368253828632
ACTBP13,0.022459294255253212
RP11-136I13.1,0.022427619382258287
FCRL6,0.02240280935011571
AC009960.2,0.022396982557553822
AC140076.1,0.022395389107566322
FMO1,0.022391156784015306
RP11-438D8.2,0.022363781078970028
RHOH,0.0223562217727066
AC016737.1,0.022333399589604203
EGR4,0.022331521245887942
RP5-1024G6.7,0.022330703914937824
RP4-665J23.2,0.022324934983415392
AC009313.1,0.022308770884242383
AC114798.1,0.022302270952431674
RP11-475O6.1,0.022297719687996848
RP11-584P21.2,0.022296951815373525
AC073464.11,0.022282352001221983
CCR4,0.022281866444148337
AC114730.2,0.022276791580338986
MMEL1,0.02227389963764188
RNU6-636P,0.022242569699537588
RNU6-942P,0.022242569699537588
Y_RNA,0.022242569699537588
AC110926.4,0.02223225212229274
RP11-342M1.7,0.022159724686652744
MED15P4,0.022149557297433117
RP11-138I17.1,0.02212751915731288
POU5F1P6,0.022123595712896956
ALG1L14P,0.022104812268629984
RP11-465K1.2,0.022103423686163262
RN7SL253P,0.02209459397369667
RP11-206P5.1,0.022078625176153537
RP11-242J7.1,0.022072083892988214
RP11-98C1.1,0.022058125331963125
RP11-778J15.1,0.022057391324949837
Y_RNA,0.02204577518856843
Y_RNA,0.02204577518856843
RNA5SP122,0.02204577518856843
PTCHD3P2,0.022044165099940893
RP11-466F5.6,0.022027767979457255
THRAP3P1,0.022027528716975203
AC016697.2,0.022014782335242677
RP11-288L9.4,0.02201030371037667
GAPDHP58,0.022007583636080713
AC079610.1,0.021997132869553463
RP11-731C17.1,0.02198017694812293
RP11-478C6.5,0.021977894308649368
RP11-649A16.1,0.021976274250380946
FCGR1A,0.02188575167480709
AC016710.1,0.021876417043695435
MIR186,0.02187290440325414
RP3-522D1.2,0.021840196578086824
LARS2-AS1,0.021828471680389844
AC107057.2,0.021787048299160002
AC061961.2,0.021776089009617926
CNOT7P2,0.021755883003198095
ZNF732,0.021742732960638736
HNRNPA1P56,0.021736165984439254
CBX5P1,0.021735429933349776
RP11-202K23.1,0.021729962275847156
NXPH2,0.021720986954992246
Y_RNA,0.021698393310869802
RP5-968D22.1,0.021688259695903923
RP11-528N21.1,0.021669765321358874
PSMB3P2,0.02165743175796675
CTC-575I10.1,0.021607712238393712
ZEB2-AS1,0.021584520822161918
MIR4428,0.021582407139541387
HNRNPA1P66,0.021581093847364164
RP11-185E12.2,0.021576112061679375
IQCF1,0.02157413857089516
AC066593.1,0.021558359048000936
AC008565.1,0.021545410770441236
SPATA21,0.021515533974517068
IGKV3-11,0.02150586370664677
RP11-307B6.3,0.021493632675200824
MIR200B,0.021479889270083378
CTD-2613O8.1,0.021475777090590786
RP11-553P9.3,0.021472785531681648
RP11-134P9.3,0.021471993270627442
RP11-47A17.2,0.02146752631095657
RP11-157F20.1,0.021458572551045645
RP11-402L6.1,0.02145046103861976
AC016722.1,0.02142615577844033
AC009974.11,0.021411720696576913
UGT2B11,0.02138536071162661
RP11-58H15.1,0.02138012846551433
TCEB1P18,0.021338240465437697
UPP2,0.02131720802039826
MIR4444-1,0.02130331010345361
EFCC1,0.021293266432123068
CFL1P6,0.021262716008356816
RP11-803A13.1,0.02125693850258356
IGBP1P3,0.021242861966173577
PLCH1-AS2,0.02123467813409491
KRT18P52,0.021203101700960323
RGPD6,0.021197468321893714
RN7SL37P,0.021163608832976872
RP11-472K22.1,0.021089766586537356
AC012513.6,0.02108035675038958
CCDC158,0.021049070627398428
AC072062.3,0.021047417286749758
AC097523.3,0.02103151321961365
MIR1226,0.021031335373646834
AC012370.2,0.021018415479970878
SFRP2,0.020996996524591402
RP11-452J21.2,0.02098768625815292
AC007395.3,0.020969369522795014
Y_RNA,0.02093451106548519
RP11-758I14.3,0.02086708521666965
FABP5P6,0.02086146743989384
RP11-168O16.1,0.020858652922287457
RP11-25O10.2,0.020848850643300925
RP11-404O13.4,0.020838950193142847
RP11-130C6.1,0.020831848824103907
FABP2,0.020831450094055865
RP1-91G5.3,0.020830361373871342
CTD-2228K2.2,0.020821802390446648
SPCS2P3,0.020777109413967345
AC007919.19,0.02077578497076173
RP11-34P13.7,0.020754992665995804
RP4-799P18.4,0.020748584235191752
AC074019.2,0.020739760684223677
RP11-384C4.7,0.020706751963353982
RP11-42D20.1,0.020700228665043702
CRB1,0.02069695764846866
CTC-441N14.1,0.020692850012530354
SLC9C2,0.0206914397695013
FIGLA,0.02068997037116831
AC128709.2,0.020655695245837477
AC159540.2,0.020625624101000474
CXCL6,0.02062449018798743
AC105053.3,0.020596347077449173
Y_RNA,0.020576204263543587
HMGB1P44,0.020565312500810798
FOXE3,0.02055037963949036
SLC2A3P2,0.020535288266592375
AC008073.9,0.020531907954198465
CTD-2110K23.1,0.02053127446673454
RP11-76N22.1,0.020505494439762424
CTD-2337A12.1,0.020486657116568257
RP11-561I11.3,0.020460117818751386
RP11-202A13.1,0.02044724200629835
RP11-335E6.4,0.020440344124301808
GAPDHP51,0.02043848880842796
RP11-286H15.1,0.02043234084285989
KRT8P29,0.020432147452444174
RN7SL857P,0.02042950891375298
ANKRD33B-AS1,0.02038119406217055
RP11-439E19.7,0.02038119406217055
AGXT,0.02036814824830912
CTD-2247C11.1,0.020364034472234185
ATP13A4,0.020353022422789812
RN7SL711P,0.02034788401173609
RP11-5P22.1,0.020336749886311612
CLCA3P,0.02033513548205419
RP1-272L16.1,0.020332427830878998
RP11-713M6.2,0.020328971335213403
MIR4784,0.020319956167464532
IL4,0.02031000943230159
SNTG2,0.020307934344810978
RP11-109G23.3,0.020258821197673638
IGKV2-30,0.020255536493091506
MIR5697,0.020255536493091506
AC103563.2,0.020253923017271133
RNA5SP172,0.020253923017271133
SCN11A,0.020246697950205613
AC104695.4,0.02024568533479004
AC004053.1,0.020209838231900524
DNAH12,0.02018836431189856
RP11-9B6.1,0.020188291789976987
LHFPL4,0.02017704203742074
RP11-451F14.1,0.02017328270097663
RP11-403P14.1,0.020165449915628787
TMCO2,0.02016442064068034
RP11-92A5.2,0.020140992552350547
RP11-84D1.2,0.020140499645976643
RP11-1281K21.3,0.020135228951529242
P2RY12,0.020113786904773417
DNASE2B,0.02008756684743478
AC007016.3,0.020066889741603356
snoU13,0.020065558205503972
RP11-153M7.5,0.02005981502874259
C3orf36,0.020052875992556507
CTD-2194F12.1,0.020050228692518927
RP11-190P13.2,0.020015291772834346
FKSG52,0.01998131746164068
RP11-44F21.3,0.019974287679430724
AC010127.5,0.019960019693911226
PPEF2,0.019936147605769488
RP11-777B9.5,0.019927632038053592
RP1-69M21.2,0.019921546161515626
ALPI,0.019900731510148234
RP11-529G21.3,0.019900058129061753
MIR556,0.01988397454450844
HNRNPA3P14,0.01988310745137319
OR4G4P,0.019864794276044716
FOXP1-IT1,0.019845836612771246
MDS2,0.019842930082745177
RP11-479I16.2,0.01984270602881667
RAB5CP2,0.01983505979713131
SIX3-AS1,0.01982579537349919
RN7SKP83,0.019817987973179182
PEX5L-AS1,0.019798025233296882
RP11-717D12.1,0.019773605293122554
Y_RNA,0.01977184909312561
RP11-124A7.1,0.019747611629483255
MEIS1-AS3,0.019739541784296464
RP3-477M7.6,0.019719197870926627
CT64,0.019714378748391725
BFSP2-AS1,0.019702081857857972
snoU13,0.019695053736130782
AC011999.1,0.01969111566902996
MIR578,0.01968510642272663
SNORD99,0.01968078619185003
AC104076.3,0.01966594423216496
RP11-73M7.9,0.019622630190606328
AC096574.4,0.019611774077231938
AC016753.7,0.019607309998577786
RP11-45L9.1,0.019603287424978594
AC106900.6,0.019586377653678964
RN7SL440P,0.01957059610310378
CLCNKA,0.01955614681627237
AC093382.1,0.019553004970698104
RP11-461L13.2,0.019539305593303535
RP11-145A3.2,0.01949411886770303
RP4-564M11.2,0.019480811691463165
GAPDHP29,0.019443221576147352
RP11-669M2.2,0.01944276557157779
CTC-484P3.1,0.019434607076921826
RP11-109P14.8,0.019390190129662734
TECRP2,0.0193871557774989
RN7SL172P,0.019366663654378866
RP11-115D7.3,0.01935451136813396
RNU6-1000P,0.019337999970348744
KCNJ9,0.019337614513500058
RP11-453E17.4,0.019328784785643868
PFN1P10,0.01930607099300923
CDH12P3,0.019302882267692185
ALG1L3P,0.01923935314719806
RP11-252I13.1,0.019235534788169122
RP11-752D24.2,0.019223440924987557
RP11-531A21.3,0.01920724280754091
CTC-276P9.3,0.019200115882957846
RP3-333A15.1,0.019164280863174437
RNU6-451P,0.019164280863174437
RNU6-1055P,0.019164280863174437
Y_RNA,0.019164280863174437
RNU6-108P,0.019164280863174437
AC011306.2,0.019146600704993296
RP11-545A16.3,0.019138130617855357
PTPRVP,0.019137657264800895
RN7SL434P,0.019123337935596004
RP4-651E10.4,0.01911184316574834
snoU13,0.01911167650640015
CROCCP4,0.01910061605663268
FAM86KP,0.019088613625927214
AC118282.1,0.01908244935798265
RP11-425A23.1,0.01907137832771832
POMC,0.01904783845111931
RP11-345I18.4,0.01903921640004212
AC083939.1,0.019017452858294575
RNVU1-16,0.019017430641859828
AC104405.1,0.018993657880397502
RNU6-31P,0.018993657880397502
MMRN1,0.018976545507041878
RP11-12K11.1,0.018972593694245785
CTD-2533K21.2,0.018945171936262297
ZNF385D,0.01893527946773821
RP11-379B18.6,0.01893430582816021
CSF3R,0.01892806176796241
IGKV3-20,0.018927881732558622
AC008171.1,0.018927881732558622
FGR,0.018913456017372543
RP11-426L16.7,0.018908719818737034
BX004987.1,0.018907256315912394
RP11-290F5.1,0.0188919509516568
CTB-113I20.1,0.018873447253498057
RP11-446H18.5,0.018868287428213285
AC079807.4,0.018856398491628134
RPL23P4,0.018854867048249544
TMEM78,0.01885078163952174
RP4-791M13.4,0.018839523053691732
FEV,0.018832969123024148
MROH2A,0.018805611114494827
AC023672.2,0.018802523913815154
RP11-221E20.4,0.018798153236679906
MTND6P3,0.018764227406135547
CTC-448D22.1,0.01874026806617358
RP11-190P13.1,0.018731918140276044
CTC-512J14.1,0.018709758409664847
RNY5P1,0.018709758409664847
RN7SL480P,0.018650740552038882
OSBPL10-AS1,0.018639022356607266
C7,0.018561996605063708
UGT2A2,0.01855281384140669
AC079776.6,0.01854568382879124
RP11-1250I15.3,0.01853654187513652
RP11-435B5.3,0.018491539944540693
C1orf195,0.01848916150756476
RP11-290M5.2,0.01847903506254148
RP4-655J12.5,0.01847614043432049
RP11-426M1.2,0.018472011483249767
GS1-279B7.1,0.018456364227311558
AC140481.4,0.018454184658055758
LINC00881,0.01844847377817816
AL157407.1,0.018441669413865915
UNC93B3,0.01844082115834036
AC099048.1,0.018439967056245163
snoU13,0.01839714816740427
CWH43,0.018383336878377874
CNR2,0.018374985303497553
RP11-572C15.3,0.018369883464602655
RP11-815M8.1,0.0183499959050748
RP11-421E17.4,0.01834052144667715
AC093166.2,0.01831265291324574
UGT2A3,0.01829077626137813
SFTPB,0.018289574706562957
RABGAP1L-IT1,0.01828696351404593
LCE1C,0.018282463839852995
RP11-286E11.2,0.01827639793792283
LINC00994,0.018275819930907985
MIR5193,0.018259322816652494
HMGB1P27,0.018258035528438677
FAM179A,0.01825071668708692
RP11-93K22.6,0.018245082447340872
LDHAL6EP,0.01824213924011517
Y_RNA,0.01822678219031452
AC092625.1,0.018226334562903953
KCND3,0.01822361703903797
OPA1-AS1,0.01821857172552496
SEPW1P,0.018206639241593117
RP11-428L21.2,0.018199942291316374
MTND3P5,0.01819769650298565
ENPP7P3,0.01818634544061175
WI2-925H4.1,0.018184896368024048
RP11-4M23.4,0.018177460729790037
GPR150,0.01816964479483213
CTB-118N6.2,0.018157522120547855
RP11-789L4.1,0.01815009370908283
HNRNPA3P13,0.01814414644057737
AC096579.13,0.018135535661607725
UBE2E2-AS1,0.0180926380516801
AC068491.2,0.01809236837655374
AC073551.1,0.01808798987578182
AC017079.4,0.018058231076321856
MGC4771,0.0180378704365442
AC116035.1,0.018037173147846846
LINC00682,0.018024065399449365
AC019080.1,0.01801931814518947
HCN1,0.01800351536892204
RP11-216N14.5,0.017995346261011756
RP4-597N16.1,0.017972902926624096
RP1-224A6.8,0.017970895113125083
AC013472.3,0.0179543967106652
RP11-466L17.1,0.01794835817522522
RP11-782C8.6,0.017944142601026756
RP11-300M6.1,0.01794067899926066
RP11-497H16.7,0.017930529456497778
RP11-116O11.2,0.017923340679602617
HNRNPDLP2,0.017917869501536805
RP4-763G1.2,0.017914301818856136
KRT18P56,0.01791092971554169
RP11-10O22.1,0.01790136993252003
AC073869.2,0.017896667741180636
AC019178.2,0.017876367386770068
HMGCS2,0.017870078756484702
FUCA1P1,0.01785736562313663
RP11-166A12.1,0.01783731266332415
AC096546.1,0.017830079014275694
RN7SL503P,0.017815598409853313
AC007163.3,0.01780537293818085
RNU4-91P,0.01779535893522861
HNRNPA1P23,0.017783553214390346
AC012362.3,0.017779587363410742
TDRD10,0.017772963758852303
RGSL1,0.017759495953419673
C2orf91,0.017753207382225755
OR7E93P,0.017735329377596483
AC092570.1,0.01768230582086502
RP1-79C4.4,0.017682250578869546
PPIAP7,0.017655153765775963
RP11-57B24.2,0.01764759984502962
AL583842.2,0.017622934658113276
MIR4263,0.017622934658113276
RP11-272L13.4,0.017622558517616804
RP11-319G6.3,0.017606800553634835
AL672294.1,0.017591178072169127
RP11-416A14.1,0.017590892968443815
RP13-539F13.2,0.0175760712522289
RNA5SP89,0.017575780701910758
Y_RNA,0.017575780701910758
RNU6-720P,0.017575780701910758
DNAJA1P5,0.01753576054059643
CTB-49A3.5,0.017534770105283773
RP11-24J23.2,0.0175204484610247
RP11-562F9.1,0.017514428981220093
CACNA1S,0.017514312630620286
AC073218.1,0.017495326627712898
RP11-553L6.2,0.017462908872114814
RP11-382D8.5,0.017429999316568662
AC006509.7,0.017429108775971435
AC117422.1,0.017420554294370744
AC105402.3,0.017420241191571276
FTH1P21,0.01741771675095835
RP4-800M22.2,0.017412380568378263
HMGB1P45,0.017409369142908478
AC079354.3,0.017389281139735036
HCRTR1,0.017382194620591998
RP11-182I10.2,0.017369852895969286
RNU2-70P,0.017369275878267042
RN7SKP119,0.017366563037282637
AC018804.3,0.017361504840540998
ATP6V1G3,0.017349294118222575
RP11-277A4.4,0.017346802223140015
RP4-799P18.3,0.017326020271623874
CTC-422A18.2,0.017321756057852137
AC006227.1,0.017316087929480913
RP11-357D18.1,0.01731196356092403
AC012493.1,0.017311398338010632
CDCP2,0.017296656295802095
CTD-2122P11.1,0.017288610329814682
RNA5SP140,0.017281116123126536
Y_RNA,0.017281116123126536
RP4-714D9.2,0.017281116123126536
PDC,0.0172710569790511
Y_RNA,0.017267420737260782
MIR181B1,0.017267420737260782
AC097721.1,0.017266029190470596
AC110620.1,0.01726086544350065
RP11-270B14.1,0.01723960214187514
RN7SL230P,0.017233795928776465
AC004066.3,0.017233280388553596
RP11-767L7.1,0.017212017147725377
RPL5P8,0.01719151750571751
RP11-39H13.1,0.017190246531332287
PRKRIRP8,0.017182296823737526
RMRPP3,0.017181985991386275
OR4F16,0.01717758377898764
RNA5SP141,0.017160404271394966
AL121985.1,0.017153976159738626
AC012494.1,0.017149625814762984
GPAT2,0.017145326314835296
TBCAP2,0.017144466559791554
GPR25,0.0171428148969396
RP5-1059H15.1,0.017141048034913457
AC097463.1,0.01712596801409057
PPIAL4D,0.017116139223925457
RP11-504P24.4,0.017101761164993873
RNU6-1333P,0.017101761164993873
RP11-255I10.1,0.01710017281291089
AC092839.4,0.017098432703345438
H3F3AP3,0.017086857581368967
RPS3AP22,0.017084472676399756
AC108025.2,0.017070034333433733
AC109642.1,0.017044580792693532
RP11-89B16.1,0.017022909893177937
BTLA,0.01702288441416813
AC009228.1,0.016999392745911945
RP11-231E19.1,0.01699301135579132
TKTL2,0.016991183167447643
RNA5SP120,0.016969711444346502
RNU2-17P,0.01696579786042758
UBTFL6,0.016962110810388526
XCR1,0.016961443411591916
RP11-344P13.1,0.016948312338231138
RP13-1056D16.2,0.016939210722663436
RP11-214O14.1,0.016936146259132322
AC017028.4,0.016926082140066825
RP11-118D22.3,0.016911492958070626
RP11-466F5.3,0.016891087919937046
AC090952.5,0.016872895627797476
RP11-768B22.2,0.016871947461815053
AC096670.3,0.016857440204291103
RP11-296A18.3,0.01684610479344208
EAF1-AS1,0.016826802725203743
RP11-445O3.1,0.016814138363046696
TAS2R1,0.016809760466220874
AC013439.4,0.016806152077606648
RP11-520H16.4,0.016802792732944796
RPS2P24,0.016795642467167034
SNRPD2P2,0.01678847263486131
RP11-731D1.1,0.016737974102340996
LINC00870,0.016734709216306615
GLYCTK-AS1,0.016727339505289318
ANKRD20A8P,0.016725920341345384
AC009970.1,0.016720916058703794
RP11-567P17.1,0.016720916058703794
RP11-622A1.2,0.016713690570495893
RP11-526F3.1,0.016692307052962985
AQP10,0.016686864094007103
RP1-118J21.5,0.016679427578930334
GUSBP8,0.01667792933319363
CLDN24,0.016655673599279358
MIR5095,0.016655502331174812
AC068134.5,0.01661869258615131
RN7SL467P,0.016609504658943217
AC005037.6,0.016609504658943217
LCE2C,0.016609504658943217
SNORD21,0.016599406431055685
RP11-120J4.1,0.016590823926502084
RP11-510I6.1,0.016587877818642082
RNU6-1098P,0.016585335526371325
PYHIN1,0.01656717022061075
CTD-2037L6.2,0.016560188402961775
RP5-1066H13.4,0.016539932509358816
CCDC37,0.01653057062418153
NPHP3-AS1,0.016512592159503407
ALG3P1,0.016501935322899005
IGKV1D-8,0.016494935729333512
MIR149,0.016474624664008706
DMP1,0.01647060255644434
RP11-435B5.6,0.01646634304314071
RP3-395M20.2,0.01646259912427128
RP11-33A14.3,0.01645009527227792
HNRNPA1P46,0.016441939779972777
RP11-365D23.2,0.01644117801887843
Y_RNA,0.01643227528128052
AC013460.1,0.01642741317631827
MIR570,0.016420058590697884
HNRNPA3P15,0.016414223879447506
RP11-312B8.2,0.016403075864700137
RP11-63H19.5,0.01639104146266053
USH2A,0.016381888071475927
FAM204BP,0.01637924858045749
RP3-436N22.3,0.01637867882648569
RP11-193H5.1,0.016370421901404093
RNU6ATAC26P,0.016370421901404093
RP11-474J18.1,0.01636714597193921
CTD-2236F14.1,0.016348481598811516
RP11-811I15.1,0.016341533572672477
RTEL1P1,0.016312378026617294
AIG1P1,0.01628397120538499
AC073648.1,0.01628397120538499
AC011998.4,0.016268488576288008
AC019118.2,0.01622895494628612
RP11-372M18.2,0.01621333625002051
RP1-140J1.4,0.016212037217692783
RN7SL721P,0.016204749868088383
RP1-159A19.4,0.016194009198861374
RP11-452J6.2,0.016168485639199714
CTD-2297D10.1,0.016158778288963727
RP11-744O11.2,0.016137798069568967
RP11-257I8.2,0.01613514839990785
AC121157.1,0.016124423126511248
RP11-1J11.1,0.016113661786288307
AC108039.3,0.01611202821434338
CHL1-AS1,0.01610731116523594
RP4-654C18.1,0.016093680457265922
RP11-161D15.3,0.01607645563393566
EGFLAM,0.016075849628099086
RP4-749H3.1,0.016033761273835285
RP11-3L21.2,0.0160237808581308
RP11-114M1.2,0.016013040383754874
RPL7L1P4,0.016007553136072203
RP4-758J24.4,0.016003961414808848
CABYRP1,0.016001969337151613
RP11-113I24.1,0.015982818572637735
CTB-51A17.1,0.015971924246743614
MIR573,0.015950481004272474
RNU6-1116P,0.015950481004272474
RNU6-887P,0.015943415390756544
CTD-2026C7.1,0.015928783954691935
RP11-94D20.1,0.015927480002007697
RP11-157D18.2,0.01591159505508094
IL18RAP,0.01591079460148415
RP11-354K1.2,0.0159030312837577
CDV3P1,0.015895370505332726
RP11-538D16.3,0.015893524792998607
RP5-849H19.2,0.015891627561839424
RP11-243M12.1,0.01587490867853503
AC104634.3,0.01587159030820734
RP11-710C12.1,0.015871510252760932
SNORA62,0.0158692589293246
IGKV1D-39,0.015864064170989418
MLLT10P2,0.015830130763894123
RP11-52I18.1,0.01582997712239864
RPL12P18,0.015827066618668343
TTLL7-IT1,0.015798674682523477
PRDX3P4,0.015793945858834525
snoU13,0.01579064386384856
ATP1A2,0.01578800314124087
AC034187.2,0.01577761670707967
AC092535.3,0.015758282733228518
RN7SL122P,0.015754635413803664
THRB-IT1,0.015752881785074932
RP11-752L20.1,0.015737879870489902
RP11-506H20.2,0.015710839874490647
CADM2-AS2,0.015709255148918747
AC068134.6,0.01567062026100768
RP11-586D19.1,0.015661100406725362
Y_RNA,0.015640749271650007
CPN2,0.015631796746316422
AC017083.2,0.015630257648585357
RP5-1125M8.3,0.01562617151399579
SLC1A7,0.015618424475943157
LRRTM4,0.015579573176812925
RP11-287J9.1,0.015571863277895844
RP11-293P20.2,0.015570950236671191
PGAM1P1,0.015553137593897981
C2orf57,0.015552331216770044
RP11-379K17.9,0.015546102012257349
RP4-710M16.1,0.015543895995042084
RP11-803B1.3,0.015536049186208151
HIST2H3PS2,0.015533795619364835
7SK,0.015514997204411908
AC092687.5,0.015510334874670269
AC083822.2,0.01549849345891559
RNU6-369P,0.015496149297280474
snoU13,0.015493691969043306
KRT18P57,0.015479833902976489
AC008280.1,0.015465239446420009
RP11-443F16.1,0.015459713446546489
RP11-44D5.1,0.01544585014716157
U8,0.01542374903459662
RP11-529E10.7,0.015397182524686156
AC013474.4,0.015384636264767776
RP11-3K16.2,0.015375000435443672
AC108051.3,0.015372823552502178
RP11-295M18.2,0.015362537262480921
HAND2-AS1,0.015356933602806539
RN7SL817P,0.015353073278532824
RNU6-755P,0.015350402095260151
snoU13,0.015349364431932458
RNU6-198P,0.015349364431932458
AC068279.3,0.01533498300583362
AC008592.4,0.01533241087952771
MTND1P19,0.015332400257296984
RP5-966M1.4,0.01532626151715602
AC092839.3,0.015326139373171739
HTT-AS,0.015316278175899365
RPS27P12,0.015287100198497881
INSRR,0.015265498288385847
RN7SL681P,0.015259431638547498
ANKUB1,0.015252075163218517
RPS3AP9,0.015247990208737435
RN7SL831P,0.015238669667271228
RP1-20N18.4,0.015233055592413442
VN1R5,0.015226418539091346
Y_RNA,0.015207703918604777
RNU6-662P,0.015207365349751088
AC108938.3,0.015203957063402149
RP4-704D23.1,0.01519152615325245
RP11-470E16.1,0.015183737945135426
RP11-184I16.4,0.015183036715684363
RP11-276E17.2,0.01517783966903422
RP11-468N14.11,0.015176756755712171
HMGB1P48,0.015168492150329274
RHO,0.015163513799806334
AC093267.1,0.015157793725117977
snoU13,0.015157793725117977
RP11-520D19.2,0.015147603695974753
CDC42-IT1,0.015127552186447624
ABHD17AP2,0.01511343798974251
RN7SL788P,0.015109098881149996
RP11-296O14.2,0.015104034352973209
SNRPEP10,0.015096379362257622
NRBF2P2,0.01507578147227803
AC105393.1,0.015069731487226764
RNU6-646P,0.01506864744335734
TPMTP2,0.015068456254730647
RP13-392I16.1,0.015062028111668116
SNX18P14,0.015052748065148523
RP11-311B14.1,0.015050753190878367
RP11-96A1.5,0.01504153663675406
LCE3A,0.015034361378348756
RP11-561I11.4,0.015010250916435203
RP11-443K8.1,0.015007865415175854
Y_RNA,0.015007865415175854
RP11-324J13.2,0.015004982386162937
DPPA2P2,0.014998674137401162
CCDC108,0.014977458159117935
HNRNPA3P8,0.014965970605776611
RP11-25B7.1,0.014942402780627313
RP11-476H20.1,0.01493394682222629
RNU6-308P,0.01493210918604587
RNU6-47P,0.01493210918604587
RNU6-484P,0.01493210918604587
RNU6-951P,0.01493210918604587
AC023593.1,0.01493210918604587
RNU6-1024P,0.01493210918604587
RNU6-291P,0.01493210918604587
RNU6-145P,0.014929148944285202
RNU6-1263P,0.014929148944285202
ABT1P1,0.01492711304493112
RN7SL397P,0.014909533597154375
PRICKLE2-AS2,0.014894669284136339
RP11-95M5.1,0.014890915153806361
RP11-486B10.3,0.014889838827888106
RP11-351N6.1,0.014889735840911139
RNU4-84P,0.014885758012859995
RP11-394I13.1,0.014878316507693423
ACTG1P12,0.014853682169153178
RP11-284N8.3,0.014839233880047443
RP11-344H11.5,0.014824545406747033
RP11-490K7.1,0.01481990486924207
RP11-483I13.2,0.014798278447801565
Y_RNA,0.014798003045338015
Y_RNA,0.014798003045338015
RNA5SP101,0.014798003045338015
AC064853.3,0.014794494439800623
AC131094.1,0.014793842818494921
RP11-804H8.5,0.014779844764183992
CTD-3007L5.1,0.014772068283096266
RP11-380D23.2,0.014771886227006042
ARPC3P2,0.01475076736790598
GK3P,0.014749453757874316
CAV3,0.014747535226711081
CELA3A,0.014742968177148317
RP11-267N12.1,0.014739177675722442
MIR2115,0.014716707314094952
KCNH8,0.014714218728343657
AL365331.2,0.014688227001575698
AC007557.4,0.014685425103983287
HSD3B1,0.014683971461072786
Y_RNA,0.014666310513657148
RNA5SP79,0.014666310513657148
RNU6-838P,0.014660949011560594
AC007099.2,0.014658677463161823
RP11-467I20.3,0.014654448711399667
RETNLB,0.01463200806998964
RP11-248N22.1,0.014593218493281206
RP11-302F12.5,0.014592986036034275
RANBP3L,0.01459171237525469
PKP4P1,0.014579355474209953
AC007899.3,0.014558124628125974
RP11-78H24.1,0.01455371330325265
RNA5SP124,0.01453692242808207
AC008581.1,0.01453692242808207
RP11-436H11.4,0.014527664822819891
RP11-569A11.1,0.01451627697718603
MINOS1P3,0.014505639796199218
RP11-767N15.1,0.01449203442951056
PFN1P5,0.014485921950927258
RP11-182I10.3,0.014478438793264237
CTD-2199O4.1,0.014474472394205568
EEF1GP3,0.014466262143014214
FAM159A,0.01445797041917368
AC092620.3,0.014432290684854106
PPIAL4A,0.014430309784904024
RP11-492M19.3,0.014428658730439704
WI2-2998D17.2,0.014427225757155984
AC104772.1,0.014413760320568153
CTD-2249K22.1,0.014410720353849533
SLCO6A1,0.014381465108998478
UGT2B15,0.01433535664542234
AC104651.3,0.01433270398160248
FAM19A1,0.014332290457740073
RNU1-93P,0.014319512292831295
RNU6-1279P,0.014300549501972874
RNU6-1006P,0.014300549501972874
RNU6-823P,0.014300549501972874
RP11-782C8.8,0.01429971033016632
TMEM212,0.014292291328624364
RP5-1092A3.5,0.014292144361798376
RP11-149A7.2,0.014292143772220189
PGAM5P1,0.014284893311053317
RP11-98D18.16,0.014284893311053317
RP11-341G5.1,0.014268327951744653
TTC24,0.014223392226382366
RP11-131J3.1,0.014222786825352808
GALNT15,0.014218811390000993
RPS7P5,0.014213173500086615
MTHFD2P1,0.014199547590201908
RP11-707A18.1,0.014198223061758171
DDX4,0.014197025475309474
AC008073.7,0.014191577562089901
RP11-366H4.1,0.014182457186173858
RP11-497H16.2,0.014176277335597199
RP11-520H14.1,0.01416701999539295
snoU13,0.01416701999539295
RNU6-777P,0.01416701999539295
AC009229.5,0.014163108067577236
Y_RNA,0.014162123410662164
AC138393.1,0.014161896714509535
RP11-385M4.3,0.014155889083669932
RP11-132N15.2,0.01415244329465643
AC053503.11,0.014149726579982426
RP11-426L16.9,0.0141471472741165
SRGAP3-AS1,0.014134034129957977
SPSB4,0.014132903767004294
CTD-2233C11.3,0.014130572703991923
RP13-1016M1.2,0.014114034960922714
RP11-524L6.2,0.01409907722747031
RP11-353N4.5,0.014097781196841618
DIS3L2P1,0.01409389767153281
AC017101.10,0.014088411685838168
RP11-139K4.4,0.014086084082121197
TCEB1P20,0.014037272159471169
snoU13,0.01403595663591134
RNU6-176P,0.01403595663591134
AL136380.1,0.01403595663591134
RNU6-1285P,0.01403595663591134
RNA5SP114,0.014030785197676523
SULT1C4,0.014027559242492596
RP11-478C1.7,0.014023321169646934
RP11-423E7.1,0.014022533057147095
GAPDHP49,0.014022330078236542
AC109826.1,0.014012261108377782
RP5-968D22.3,0.013997871376779186
PHOX2B,0.013989236205139664
RP11-6C10.1,0.013975110603663646
AC092664.1,0.013972646660754692
CTD-2081C10.1,0.013949576355388654
RP11-774D14.1,0.013939324749591453
RNU6-548P,0.0139228173680778
OR2L2,0.013921375929475626
RP11-466P24.5,0.01391970851964361
RNU6-658P,0.013907295417581416
RP11-245G13.2,0.013893474592066822
C1orf137,0.013892880167084344
RP11-42O15.2,0.013869152880764323
RP11-278L15.3,0.013861787328888714
RP11-654C22.2,0.013860580797545588
RP4-781K5.8,0.013833180734428937
CTC-347C20.1,0.013828660054968847
RP11-861A13.4,0.013823022848221794
RP1-102G20.4,0.013805457341177683
RP11-18M17.1,0.013782668850735846
SLC25A6P3,0.013781199175290255
RNU6-701P,0.013780972119716394
RNU6-456P,0.013780972119716394
RNU6-40P,0.013780972119716394
Y_RNA,0.013780972119716394
Y_RNA,0.013780972119716394
RNU6-125P,0.013780972119716394
RNU6-106P,0.013780972119716394
RNU6-95P,0.013780972119716394
RP5-888M10.2,0.013780084128291936
NEUROG1,0.013768355265229
CTC-461F20.1,0.01376596327078001
RP11-707F2.2,0.01376596327078001
AC018696.3,0.013765804321829438
RN7SL359P,0.013765517196607943
TTC34,0.013763321184555649
AC018693.6,0.013760476634361897
RP11-364M6.1,0.013756695391614207
AC022431.3,0.013755994697537665
RP11-79P5.3,0.013746404031482693
CTC-347C20.2,0.01374227380425437
HMGB3P17,0.013741914059916599
RP11-556I14.1,0.0137411585645799
RP4-640E24.1,0.013728062325166044
CPZ,0.013724945359345533
RP11-277L2.4,0.013724550407199948
CD5L,0.013723026421216275
RP11-745L13.2,0.013706509033093424
Y_RNA,0.013691472821282724
RP11-641C17.1,0.013690908199808565
AL589685.1,0.013690359831673792
CTD-2139B15.1,0.013678048460086564
RP5-866L20.2,0.013656922313027607
SNORA44,0.013656922313027607
OTOL1,0.01365410481559737
AK3P4,0.013640932878009495
IGKV1OR-1,0.013635616999603329
KRT18P26,0.013630005964512054
RNU2-41P,0.013615596020180719
WDR49,0.013613480620896649
RP11-141E13.1,0.013611435157640997
RP11-157E16.1,0.013609926887083226
RP4-566D2.1,0.01359913584013494
RNU4-90P,0.01357596699947476
RP11-601H16.1,0.013566195078879496
RP11-430G17.1,0.013560036292345957
CYP4F43P,0.01354502648626058
RP11-101C11.1,0.013543721441860695
BFSP2,0.013539392623508853
TBL1XR1-AS1,0.013535910201548408
AC079140.1,0.013535104094416476
CD8B,0.013534039109224696
RP11-646D13.1,0.013505448741209061
RP11-261C10.4,0.013499940590915855
RP11-167H9.6,0.01349854672960762
RP4-763G1.1,0.013498127571285505
CBX1P3,0.013477281039267458
HHATL-AS1,0.013463043010083197
RBM43P1,0.013456358647848369
RP11-241G9.3,0.013452288826088704
PRSS56,0.013446198275596408
RP11-368I23.2,0.01344461373701788
DCAF13P2,0.013439393542490831
RN7SKP208,0.01343218880787767
AC104134.2,0.013420061652249243
CASP3P1,0.013410122826060586
AC009505.2,0.013409352774887716
Y_RNA,0.013358527435261162
AREGB,0.013338933798926152
RP11-79E3.2,0.013325047364308397
TVP23BP2,0.013318996801365562
Y_RNA,0.013297834796650343
RP11-764I5.1,0.013286731936884566
RP11-225N10.3,0.013279451530641423
RP11-813N20.1,0.013271483392002681
RP11-368I23.3,0.013268779712204049
RP11-439A17.9,0.013262736124100524
RNA5SP179,0.013251099215152655
PFN1P4,0.013240397250116026
SLC7A14,0.013237247754855309
LINC00696,0.013224081465287042
EIF2S2P5,0.013220169174563937
RP11-327O17.2,0.013214412760077425
RP1-8B22.1,0.013214137367048745
RP11-541E12.1,0.01321170950518614
IL12A-AS1,0.013203687962247511
CYP4F30P,0.013196572500241402
CTD-2299I21.1,0.013192613262935618
SETP6,0.01318355093189407
RP11-533E19.3,0.013175714779451975
KRT18P32,0.013168405338986153
LINC00636,0.013164357623251062
MED15P5,0.0131605192826706
RP11-558F24.6,0.01315593740785658
RP11-153F1.1,0.013127771404210222
RP11-317B7.2,0.013124407120226276
DSPP,0.013120635019998272
RPL3P5,0.01310515959371332
RP13-494C23.1,0.013105132166413867
KNG1,0.013090965167698837
RP11-315D13.1,0.013085768036037499
AC011242.5,0.013082996785340634
AC017078.1,0.013075885083923489
FLJ30594,0.013073220716256552
Y_RNA,0.013068757264948836
RNU6-335P,0.013068757264948836
RNU5B-2P,0.013068757264948836
RP11-641C17.2,0.013064140003607139
UGT2B10,0.013051351941045133
RN7SL55P,0.013036599748649444
CPB1,0.013031231353646902
RP11-84A1.1,0.01300764017772691
NBPF23,0.012971876772738089
LINC00635,0.01296608681717903
AC115115.4,0.012938984914343707
AC005041.11,0.012922834312226494
AC090960.1,0.012922834312226494
TEDDM1,0.012914269719093291
RP11-488I4.2,0.012910456131331472
RN7SL820P,0.012908382421692675
RP11-359K18.3,0.012905259047134398
RPL7P14,0.012898516925194338
ATP2B2,0.012889146801359214
RP11-478P10.1,0.012884020619383754
RP11-486F17.1,0.012879972182991065
RN7SKP260,0.012866197918251257
NDUFS5P4,0.012844594916806479
UBE2D3P3,0.01283447970795859
RP5-979D14.1,0.012833247280885226
CD28,0.012825863003447804
RP11-586L23.1,0.012823322128243006
MORF4L2P1,0.0128218974950882
ASB18,0.012806244361237826
AC092431.2,0.012798095769418242
RN7SKP66,0.012793274886832596
RP11-12L8.1,0.012786866009607094
PGLYRP4,0.012781835945143429
PRKRIRP2,0.012780336028082269
RP11-610J23.1,0.012750940541230368
HNRNPA1P20,0.012747976060341839
CTB-49A3.2,0.012745819360565932
ZEB2P1,0.012741919031292894
BANF1P4,0.012741399623706065
RP11-289A15.1,0.012739842396007317
RP11-1267H10.4,0.012739814899568028
RNU4-21P,0.012738961468389891
RP5-943J3.1,0.012722330666206122
RP11-326I11.1,0.012715586350520879
AC019109.1,0.012705971280331123
PCGEM1,0.012703384336048203
RP11-91I11.1,0.012700214047318211
POTEJ,0.012684705997482962
RP11-117D22.1,0.01268273284634396
ERVMER61-1,0.01267920189402603
AC140481.9,0.012677745903955309
RNU1-132P,0.012675260960766778
RP11-556I14.2,0.012669854877703708
CCDC54,0.012658985952043941
TBR1,0.01264191550615231
TMEM14E,0.012639603369701186
RNU5F-1,0.012633491819074296
RP4-581O6.1,0.012618821851638476
AC011366.3,0.012614719446891881
RP11-116B13.1,0.012608988137574504
RPL9P16,0.012599978378480954
RP11-78O9.1,0.012598537949607904
AC005150.1,0.012598093996739676
SLC25A48,0.012590652086516193
C1orf127,0.012586984950924652
RP11-312A15.1,0.012555089504099932
RP11-267N12.2,0.012553223898231559
RP11-219C20.1,0.012552523500696598
AC011298.2,0.012548882043226803
OR7E100P,0.01254779789024378
AC010423.1,0.012546354079931835
RP11-18D7.2,0.012533622732520516
AC093166.3,0.012509960046295848
RP11-440I14.3,0.01250763866700661
OR5K2,0.012505675612013377
HES5,0.01248259417222343
RP5-1115A15.2,0.012472437313766125
RP11-312J18.7,0.012464786526257625
CTC-529L17.2,0.01245743533777846
SNORA72,0.012450246933291305
CTC-441N14.4,0.0124471745331867
RP11-235D19.3,0.012441790067847321
RP11-211A18.1,0.012436085950956738
F11,0.01243480816793427
AC062028.1,0.01243181800443867
SNORA57,0.012428281953393953
SNORA40,0.012428281953393953
RP11-169N13.4,0.012426569422619592
RPL21P50,0.01240117686851191
RP11-346M5.6,0.01239683794443708
RP11-340E6.2,0.012393476278684595
AC105402.2,0.012392727312562577
AC019178.3,0.01237778471505513
AC107072.2,0.012375895825764037
ENO1P3,0.012368576251324053
BMS1P19,0.012366097850606576
PRKAG3,0.0123660532826241
RNU4-4P,0.012356893328419577
RP1-15D23.2,0.012336269257221824
RP11-386I23.1,0.012307322015231442
RP11-79L21.1,0.012303395060804662
LINC00492,0.012294942067973484
RP11-229A12.2,0.01229480227992078
RP4-782L23.2,0.012279558360682294
RP11-439E19.1,0.012241245049332543
RP4-677H15.4,0.012239672918212768
ST13P12,0.012232725431406216
C1orf200,0.012227660056562875
CTD-2375G15.1,0.012224815632513287
RP11-484O2.1,0.012199727097560889
CTC-431G16.2,0.012194283295778159
RP11-531A21.4,0.012193551536235128
ODAM,0.012186505100874887
RN7SL466P,0.012178514439026414
HNRNPA1P47,0.012175686966940451
CTD-2176I21.2,0.012171174869707637
AC007679.3,0.012169300135676532
RP11-666A20.3,0.012150738504695502
RP11-14I2.2,0.012147656096340914
TRIM51JP,0.012144183264690368
RP1-212P9.3,0.01212867006020147
AC139712.2,0.012124824191970878
RP11-400N13.2,0.012110109708511346
RP11-83A16.1,0.01210976318440297
CNN2P6,0.012097892473998574
AC080094.1,0.012096096815787945
RP11-565P22.2,0.012077483798756013
HMGB1P36,0.012067729938220846
LINC01033,0.01206365017989156
SNORA36C,0.012060950389824564
S100A7L2,0.012059217281450848
C3orf27,0.012046005430762391
ELAVL4,0.012044389196346894
RP11-294L13.1,0.012041242996935169
RNU4-85P,0.012032385847104489
AC133106.2,0.012031333765526795
RP11-651P23.2,0.012024867511599695
ZNF80,0.012012185206749812
PPBPP2,0.011983791113078244
IGKV4-1,0.011949962254014209
AC008269.2,0.011948793054783467
RP11-171I2.4,0.011922532828979265
STPG2-AS1,0.011921607436250066
OR10J6P,0.011906991573526045
RP4-604K5.3,0.011906492194131722
AC008278.2,0.011887459905069625
RP11-815I22.1,0.011882623762419463
HSPD1P14,0.011873057417125884
LCE5A,0.011860059776390224
RNVU1-8,0.011844539210809859
KRT18P35,0.011834260606845101
EEF1GP8,0.011810232504913672
CXCL13,0.011803812420353032
KCNA2,0.011803610154942168
SNORA70,0.011799397543471419
SNRPFP2,0.011798481803288923
RP11-84A19.2,0.011795716053849848
RP11-502M1.2,0.011795342745423062
RP11-16L9.1,0.011795171727018106
RP11-731D1.3,0.011787767384038007
HMGB3P13,0.011780350391085164
OR7E99P,0.011775832514149638
AC009963.6,0.011766263485274509
RP11-431K24.2,0.011766211360260048
CTD-2284O10.3,0.011756903525203225
RN7SL370P,0.011753546101111808
RNU6ATAC2P,0.01175280483647575
RP11-294O2.2,0.011746482527624993
CTD-2215E18.3,0.011745813997135637
RP11-400N13.1,0.01173844993583618
RP4-597A16.2,0.011734371322386597
RP11-547D24.1,0.011727204181127786
RNU1-2,0.011717608192053251
RP11-755B10.3,0.011712627325395642
SYNPR-AS1,0.011683458494884355
RN7SL649P,0.011672832080356492
UBE2WP1,0.011646949067990284
RP11-463J7.1,0.01164410684929777
ITLN1,0.011625631114549895
IL10,0.011611584383069494
AC096579.7,0.011600416845303002
GPR89C,0.011600321745356761
AC019171.4,0.011597169472988986
AC027612.3,0.011593252225702212
HAO2,0.011561333144045166
RP11-766F14.1,0.011548950055752913
RP4-549F15.1,0.011543954028350777
RP11-542G1.2,0.011536345200030463
AC104472.1,0.011486636248425225
CTD-2331D11.2,0.011483214200556887
RP11-483E7.1,0.011478514819714916
AC113607.1,0.011451726137948683
AC012668.2,0.011442383197687138
RP11-651J20.1,0.011438761260437661
RP11-365D9.1,0.011433601853241623
AC096664.2,0.011428214230381836
MT1HL1,0.011416957556389424
LINC00272,0.011412831157728703
AC112229.6,0.011411980071374324
CDKN2AIPNLP1,0.011407435326797366
RP11-495P10.10,0.011401057050613403
SCARNA11,0.011399597348851266
RNU4-62P,0.011399597348851266
RP11-497H16.6,0.011381952380988136
ASH1L-IT1,0.011371558750831878
ADAMTS19,0.011367951059951196
RP11-109P14.2,0.01135246837853054
CCT6P4,0.011346941578784221
LINC01032,0.011336210534261615
RP11-848G14.2,0.011335697772272238
PTP4A1P1,0.011329327253898095
RP11-82L20.1,0.011313611564907773
AC113618.1,0.011309436492340674
CYMP,0.011309301766901939
RP11-811J10.1,0.011308931808327913
RP11-89F17.5,0.011288288850463872
AC011755.1,0.01128604428807859
RP11-224O19.5,0.01127545971742789
RP4-631H13.5,0.011258641616986934
GCSAML,0.011257666647528863
MARK2P6,0.011251304906186912
RP11-813N20.2,0.011232941838075427
TRMT112P2,0.011230853610376191
GYPA,0.011226230900701453
CTD-2330K9.2,0.011224703559708596
AC006077.4,0.01121694692821939
FAM188B2,0.011208610878362368
GZMA,0.011202391425218635
RP11-13J8.1,0.011201631711313975
RP11-301H24.3,0.011185900691701467
AC009299.1,0.011183002985042953
MAPRE1P3,0.011175704067051378
RP11-699L21.2,0.011168045059297292
AL355149.2,0.01115897897671027
MTND5P20,0.011154356903251193
PABPC1P7,0.011150783098499187
RP11-413E1.4,0.011149398581086092
LSP1P2,0.011148342628900467
RP4-799D16.1,0.01111771585292312
AC013267.1,0.011107547186737244
GS1-39E22.1,0.011095870849743311
TGFA-IT1,0.011082749726136128
RN7SL815P,0.01107032707378034
SNORA51,0.01106702038163447
SNORA48,0.01106702038163447
RP11-375A5.1,0.011065114420363224
RP11-767L7.2,0.01105941940992504
RP11-380D23.1,0.011055089357843412
RP11-91K8.5,0.011040197753799767
RN7SL141P,0.011026808284892583
RP11-431K24.4,0.011025621094734248
RP4-791M13.5,0.011007662793216839
RP11-439L8.4,0.01099788394622317
RP11-641C17.3,0.010995499156716456
SLAMF1,0.01098677012109108
SUCLG2P4,0.010980777733790102
HSPB7,0.010965342681576664
AC079776.4,0.01096517417318831
RN7SL635P,0.010959895701202425
AC012501.2,0.010947100620829047
RP11-1336O20.2,0.01094342242033508
CDKN2AIPNLP2,0.010936576436839323
IQCF2,0.010928306533388684
RP11-565F4.1,0.010923594782692989
RP11-432M8.13,0.010922286823240345
RP11-302F12.3,0.010907923958544166
AC133680.1,0.010906822892239286
AC007106.1,0.010902997101515328
AL138935.1,0.01089614685524721
RN7SL856P,0.010887495207091362
RP4-575N6.5,0.010887495207091362
HIST2H3C,0.010882939023549703
CTD-2017D15.1,0.010881750026166826
CICP13,0.010848221353574059
MAGI1-AS1,0.0108478946229404
HFE2,0.010839242914360336
RP11-692C23.1,0.010819608634701003
RP1-37C10.3,0.010816061361205732
HNRNPA1P24,0.010797714949749819
RP11-478C6.1,0.010791689490194144
CTD-2089O24.2,0.010787578437674522
AC010747.2,0.010787578437674522
NDUFA5P10,0.01078677378631118
AC010127.3,0.010782597315487806
RP11-465O11.2,0.010767677997926828
RGS18,0.010764612900974415
AC097374.2,0.0107634783034738
RP11-290K4.2,0.010761895752225177
RP11-394I13.3,0.010757321693448703
AC009963.3,0.010753320896678761
RP11-548L20.1,0.010753320803429967
RP5-1065P14.2,0.010748541063960929
RN7SKP42,0.010745526049710658
RN7SKP126,0.010745526049710658
AC114814.3,0.010743604555341416
OLFM3,0.010742318704125751
RP11-803B1.2,0.010742307956634842
RP11-95H11.1,0.010729930508733004
HAPLN1,0.010726030850559787
PRSS48,0.010720774758913679
UCHL1-AS1,0.010715057040727421
RP11-288L9.1,0.010709566596096827
IGKV2-28,0.01070436322792389
ST13P2,0.010702310628080747
FAM86MP,0.010687551893465042
AC012462.3,0.01067759211420395
RP11-536I6.1,0.010676695092290406
CYP4A22,0.01066718726119731
LINC00971,0.010648124355017352
PRSS38,0.010646059332198643
AL591806.1,0.010645182198805015
RN7SL455P,0.01064021336567298
SLC6A19,0.010627964739010653
KBTBD12,0.010607161008485938
SPATA42,0.01060417709763598
RP11-362M19.1,0.010603035874524444
RNU4-49P,0.010603035874524444
SCARNA21,0.010603035874524444
GS1-204I12.1,0.010562032743006931
AC068137.11,0.0105471926481667
RP11-159M11.2,0.010541933112833836
FUNDC2P2,0.010540911089034063
AC073218.3,0.010529446143868929
PROSP,0.010509893918062882
RN7SL182P,0.010508420929108591
ANKRD36BP2,0.010494905678235718
RP11-342M1.6,0.010480819551232687
LCE1A,0.010472752661596127
AC023137.2,0.01047240896658721
AC019070.1,0.010466264735188082
ASS1P9,0.010453971610607453
RP11-383G10.5,0.010432266391898678
RP11-739N20.3,0.01042664054390102
SLIT2-IT1,0.010425466289664323
RP11-338C15.2,0.010418696947542319
RP11-400N9.1,0.010412721922432658
AIMP1P2,0.010402805582387778
RP11-608O8.2,0.010396225631135288
CHIT1,0.010396190569598568
RP11-104D3.2,0.010394407515870382
RP11-454H13.1,0.010391640701016362
MRPL42P6,0.010388393746835292
C1orf222,0.010386074444694839
INSL5,0.010385330976819493
RP4-785J1.1,0.010383212346162105
RP4-802A10.1,0.010383212346162105
RPL5P14,0.010381063320736987
RN7SKP25,0.010374553400723829
RP11-1396O13.1,0.010361057720421328
RP11-305E17.7,0.010340144828730953
AC012370.3,0.010331704523183898
AC007163.8,0.0103281768393707
RP11-322N21.2,0.010314738285327368
SIDT1-AS1,0.01030904851014725
LCE1E,0.010293325586164494
RNU1-120P,0.010276519760923064
IGKV1-37,0.010252401359718019
AC016907.3,0.01024616673189691
AC114755.3,0.010231895645760028
RC3H1-IT1,0.01022036182894222
RP11-94H6.1,0.010213085257924142
AC103563.8,0.010213085257924142
BMP10,0.010197903441218018
LINC00693,0.010185403946429082
PTGER3,0.01016857116951179
ACTR3P3,0.010167909343824772
GTF2A1L,0.010149956730291374
LINC01031,0.010147157264853724
RP11-634B7.5,0.01014465493122897
NRXN1,0.01012375236421655
RPL23AP39,0.01011531372332283
GHSR,0.01011212673129138
RP4-789D17.4,0.010109544850624505
C1orf168,0.010108940910114134
C1orf180,0.010102228089435665
RN7SL516P,0.01007502915727775
RN7SL276P,0.01007502915727775
UBE2U,0.010069689701191485
RN7SL152P,0.01004168464431687
AC116562.1,0.01004168464431687
PADI4,0.010028174403649358
RP11-354O24.1,0.010026901814455794
RP11-195M16.3,0.010021237642665671
FNDC7,0.010016167123533967
SLC6A1,0.010009396720035106
CTD-2154B17.4,0.010008566152791455
RP5-1028L10.1,0.01000728515567495
RP11-9L18.3,0.010006167421931719
HES3,0.009996132011235871
AC092651.1,0.009992410490037356
RP11-98D18.7,0.009989876301775516
AC009960.3,0.00998473151628935
MIR548I1,0.009975673776743061
RP11-317P15.5,0.009969980841589862
AC008281.1,0.009963620662644059
AL121656.5,0.009952858679620006
RP11-72L22.1,0.009950782375245019
C5orf48,0.009947279010402628
AC011747.4,0.009926592464089898
AC096669.3,0.009926529808174538
WARS2-IT1,0.0099222985309559
RP11-330C7.3,0.009904547734567129
CD244,0.0098939689686069
RP11-203F10.1,0.009893729507411879
SETP9,0.009892550452168667
NBPF21P,0.009891758401787236
ZNF587P1,0.009889700552649636
CTD-2269E23.3,0.009886131129102544
CLCNKB,0.009868528089109013
AC093609.1,0.00986040026896126
GRXCR1,0.00985966109632956
RNVU1-9,0.00984675964925423
RN7SKP227,0.009841161204457737
RP11-171N4.1,0.009840204802720923
RPL38P3,0.009817977003338764
RP11-665I14.1,0.009817977003338764
AC068718.1,0.009815120757025635
RP11-97C18.1,0.009797316988098933
NKAIN1P1,0.009792666987686653
YTHDF1P1,0.009791405901753453
CTD-2046J7.1,0.009782749926915356
RP11-115M14.1,0.009772707187175558
RN7SL281P,0.009772707187175558
RP11-10L7.1,0.009770856792972678
RP11-478C1.8,0.009750612020251457
AC092964.1,0.009745670508974813
RP11-278H7.3,0.009737632115268789
YBX1P7,0.009737570953118863
AC092653.5,0.00973677796996394
NDUFAF4P4,0.009734564041218073
MRPS5P3,0.009730476916678929
RCC2P4,0.009714335900538029
AC092619.1,0.009709184001961782
RP11-445J14.1,0.009700383944179542
RP11-357G3.1,0.009689983333856263
AC114808.3,0.00968433608178581
AC010733.4,0.009684138918726697
HMGB1P28,0.009679910068962431
TTC39DP,0.009678285658093396
TNN,0.009677591231295904
RNU1-129P,0.009673365361258169
RP11-573D15.8,0.009671166440753625
C4orf45,0.00966492336147901
RP11-297P16.3,0.009650729879262769
CHCHD2P5,0.009650151976215965
RP11-443J23.1,0.009645399142082216
GSTM5,0.009644545601942632
AC012499.1,0.009644112042734439
RP11-27M5.1,0.009639410696395232
AC016727.3,0.009639410696395232
RPL21P135,0.009629551994230462
RP4-535B20.4,0.009627560082591672
LYPD8,0.00961885077963715
RP11-330M19.1,0.009610520287645615
HTN3,0.009605867095132276
RP11-365O16.3,0.009599506867294298
RP4-559A3.6,0.009582832036359628
RP4-641G12.3,0.009582489010069742
AC103564.9,0.009562686055644655
RP11-91K8.2,0.009556467239877008
AC018696.1,0.009554271968693412
COX7B2,0.009552662029808775
MESTP3,0.009540635870037764
P2RY14,0.009538549396123152
AC139712.1,0.009533496778549177
RP11-364P22.2,0.009530697950064393
RP11-395I6.1,0.00952691027567299
CD80,0.009520933919945953
XXYLT1-AS1,0.009511358174432565
AC079354.1,0.009489308256804966
AC019100.7,0.009487280058094566
AC027124.2,0.009481426358297872
AC009963.4,0.009477239922780399
AC073065.3,0.009474262298062175
CCDC75P1,0.009469464004801703
RAC1P7,0.009459732867568712
ATG10-AS1,0.009455865924172446
RPL7AP23,0.009451626443325097
HTR3E,0.00944629602064861
PODN,0.009442850225512731
AMBN,0.009438062760505043
RPL6P12,0.00938718821489084
RP11-434D9.1,0.009382249963310312
MTND2P29,0.0093744689988333
PSMC1P12,0.009373913181053435
RP11-1174L13.2,0.009373554443082658
AC068489.1,0.009368756930132923
RP4-700A9.1,0.009362975345899518
RP11-545A16.4,0.00935385981986489
CD84,0.009345789911528499
SOCS5P3,0.009345671230978774
RP11-804N13.1,0.009328322225896623
C6,0.009323991549454095
RP3-471M13.2,0.009313829256362455
AC073135.3,0.009313230368942977
RPL32P9,0.00930293115703727
RBMS3-AS2,0.009292177026424563
TIGIT,0.009291460275473501
PABPC1P2,0.009271801897370572
OR7E53P,0.009269240313210794
RP5-837O21.3,0.009264291779775754
AC010149.4,0.009256800744990381
RP11-6J21.2,0.009245045989015462
CD8BP,0.009231241486943126
RP11-6F2.3,0.00918734069085563
ITIH1,0.009187024489133637
RP11-212J19.1,0.009184672431193346
AC010136.2,0.009170692624930801
MTND5P29,0.009170068268406677
RP11-91A18.1,0.00916926702157838
RP11-669M16.2,0.00916451336190822
RN7SL16P,0.009162175633722984
FCF1P3,0.009143172273344128
TMEM82,0.009135031173791969
PLA2G2F,0.00913195296551868
OTP,0.009130948420200206
AC016910.1,0.009129472291400806
PDZK1P1,0.009120746893930118
RP5-850O15.3,0.009113414661924201
AC009967.3,0.009113034735610363
PLCH1-AS1,0.009107521867621749
HTR3E-AS1,0.009107521867621749
AC092620.2,0.009102977441062863
GS1-122H1.2,0.009101617434486614
RP11-88L24.4,0.00909346241229231
AC023347.2,0.009067165943518456
HSD3B2,0.00906503311184718
RP4-593M8.1,0.009064279850088714
RP4-560B9.4,0.009059311809184595
ALLC,0.00905536000676945
FCRL3,0.009054413842041817
XIRP1,0.009049018740988941
AC108059.4,0.009045053396049932
NHLH2,0.00904188368832755
TCF23,0.00903833294811964
RP11-184I16.3,0.00902944335330893
OR5H5P,0.009028818067146784
AC110792.1,0.009026247429174303
RP11-29H23.4,0.009026247429174303
NEU2,0.009023253319888985
RP11-532L16.3,0.009018164793795089
SLC27A6,0.009017920117078112
RPS4XP4,0.009016029242458616
RP11-155L15.1,0.009007568021272845
RP11-398J16.1,0.008999497268001963
RP11-19C24.1,0.008978094637302854
CTB-161M19.2,0.008972883115551103
SCARNA21,0.008972883115551103
CTD-2194D22.4,0.008969199985133172
CTD-2201E9.2,0.008938875716798945
AC092580.3,0.008934334855438522
RP4-675G8.4,0.00893241191381204
RNU1-137P,0.008920132526328737
RP1-102G20.5,0.008919790042884788
RP11-266N13.2,0.008918269095500083
RP11-556N4.1,0.008913234528561976
LINC00487,0.008901678764100078
RP11-1406H17.1,0.008895535290254471
AK4P2,0.008869072436693189
AL162431.1,0.008868019242372795
SELP,0.008862689649682398
RP11-497K21.1,0.0088609741612914
RP1-158P9.1,0.008854832721554263
AC073135.7,0.008842966552148656
AC016757.3,0.00884194265306268
RP11-365O16.5,0.008841807715156141
OR7E43P,0.008839418841308804
RP11-710F7.3,0.00883801297732924
IGKV1OR2-6,0.008837427260867982
TUBB8P10,0.008802311438341825
VWC2L,0.008801176551905059
RP11-1O7.1,0.008775037388942085
AC138951.1,0.00877236000709079
RP13-635I23.3,0.00876911429648639
KIAA1239,0.008762629484618126
RP11-51M24.1,0.008760049258384332
ST13P14,0.008758862052338218
CRIP1P1,0.008749082655747484
RP11-359I18.1,0.008736608406665076
DMRTB1,0.00872811599259511
AL132868.1,0.00871522909936372
TRH,0.008707302231694067
RP11-348A7.1,0.00870400536152609
RP3-395M20.3,0.008698555630446723
GLRA3,0.008690685605311069
CASR,0.008683738468409192
OR7E66P,0.008666747834813438
RN7SKP215,0.00866546035558152
AC008067.2,0.008653376082135135
LINC00698,0.008649852232775226
IL23R,0.008643165013884414
RP5-940F7.2,0.008633647888969415
RP11-5P18.1,0.008626978762267704
RP11-5N11.1,0.00862003624774118
RP11-588F10.1,0.008583757912738658
AC019118.4,0.008581749016182487
AC026185.1,0.008567608999532756
RP4-609E1.2,0.008559464524122663
RP4-650F12.2,0.00855015952940337
CTD-2290C23.2,0.008549338356334053
AC010982.2,0.008545242218748491
FABP7P2,0.008544961570108745
RP1-35C21.1,0.008541039821091343
RP11-278H7.1,0.008538666845553817
RP11-277L2.6,0.008534890204198333
AC113607.2,0.008533915533496824
RP11-422J15.1,0.008533298937059642
IGKV3OR2-268,0.008519503869890258
GRM7,0.008515181283514502
VWA5B1,0.008496434546251756
RP11-302M6.5,0.00848067990958559
RP4-705F19.1,0.008476867208372247
RN7SL313P,0.008476867208372247
RN7SL210P,0.008476867208372247
RP11-107N7.1,0.008475413648535669
OSTN,0.008474018765755547
DRD5P2,0.008466919324044364
HAUS4P1,0.008466360282078589
ACOT12,0.008439677939721711
SPATA3,0.008436932711120821
MTND2P23,0.008417945158808053
RP11-36N20.1,0.008402181323207003
RP5-837O21.5,0.008397319695003666
ETV3L,0.008396660547771233
U51244.2,0.008391557830469864
RP11-761N21.1,0.008389945775612107
RP11-24I21.1,0.008386379015762254
RP11-425I13.2,0.008382794311160244
AC092170.1,0.008378381742604846
CLCA1,0.008365784173607026
UPP2-IT1,0.008355321679209606
RP11-506O24.2,0.008344517143838553
PYDC2,0.008335162631886254
NDUFB4P2,0.008319014330462024
RP11-163G10.2,0.008314405274228692
DPPA4,0.008307703023674734
RN7SL824P,0.00830738311097573
RP4-694A7.3,0.00830738311097573
AC105760.3,0.008302601298751672
LACTBL1,0.008301996755215866
RP11-488L18.8,0.00828687158899522
GRM7-AS1,0.008276092466133396
RP11-58B2.1,0.008266079529014531
RP11-777B9.4,0.008252395281714587
FANCD2OS,0.008241565927628801
RP11-231I13.2,0.008240476109173714
PARP15,0.008231411043311638
SHCBP1L,0.008230378007639608
RN7SL490P,0.008228231041794145
RP11-432M8.12,0.008225163868433439
AC012307.2,0.008225163868433439
RP11-547D24.3,0.00822347524826481
AC007092.1,0.008218359431064777
AC098617.1,0.008216494999784824
DPT,0.008202122441729002
RN7SL653P,0.008198138521171152
RP11-12N13.1,0.008198138521171152
RP11-95P13.2,0.008197348396531001
YWHAQP9,0.008196627986507997
AC011998.2,0.008185844817255638
RP11-148B6.2,0.008180917863454774
RP11-569A11.2,0.008175270334680048
C2orf53,0.008174893350159388
RP11-24F11.2,0.00815877666446086
RP11-259P15.1,0.008153652692124353
AC108039.1,0.008145161041670025
ASS1P7,0.008136392406142607
UGT2B28,0.008136015985185355
CTD-2517O10.5,0.008134173638125977
SYT6,0.008125383815187825
PRAMEF12,0.008125283372401293
CTD-2143L24.1,0.008120212537341501
ANKRD18DP,0.008115413651666093
HMGB1P30,0.008091703945043834
RN7SL538P,0.008091703945043834
C1orf167,0.008089274652849384
RP11-550H2.1,0.008088123539926197
HMGB1P9,0.008079214534171009
PROK1,0.00807763527443408
RP11-496D24.2,0.00807347505581645
RP11-399E6.2,0.008065523908515206
RN7SKP235,0.008039527055324175
RP11-395L14.4,0.008024110797671584
MRPS21P3,0.008012015696240197
OR5S1P,0.00801077079890383
RP11-366M4.13,0.007992269762800435
RN7SKP68,0.007988013359761233
RP11-136K7.2,0.007988013359761233
RN7SL261P,0.007988013359761233
AC114814.2,0.007986617801379369
RP1-43O17.2,0.007962496620839832
LINC00691,0.007954244722261668
CACNA1E,0.007949050154566184
RN7SKP38,0.007937140022944338
AC010096.1,0.007937033093271623
RP11-158C21.2,0.007932231234974621
OR10J8P,0.007886634134151436
OR2T33,0.00787890277722148
RP11-550H2.2,0.007870058299005143
CELA3B,0.00786832638614504
CTD-3179P9.2,0.007855039625775564
RP13-614K11.2,0.007853816628775212
RP13-612N21.1,0.00785242170706066
NOTO,0.00785200004600684
AC106876.2,0.00784993013601306
AJ239322.1,0.007842309381116257
RPS15AP9,0.007837478972729699
AC026188.1,0.007817299737078206
NUP210P3,0.007817299737078206
RP3-395P12.2,0.00780485830453622
CTD-2265D6.2,0.007802603295731291
CTD-2201E18.4,0.007800410843582968
AC009951.1,0.007793016366293755
RP5-871G17.5,0.007784874419567881
AC019206.1,0.007777238820019052
AC006427.2,0.007773073386284464
ARPP21,0.007766081918156221
RP4-781K5.4,0.007757457889584318
AC068137.8,0.007757357188472862
NDUFA3P3,0.007750838262882241
RP11-350G8.4,0.007740035082777282
OR11I1P,0.007736076265189549
RP11-161D15.2,0.007735226133883624
RP11-544H14.1,0.007724062250449895
RP11-4M23.3,0.007724062250449895
MASP1,0.007720964611454745
CTD-2130F23.1,0.007704688052497958
AC010731.4,0.007702938654293039
RP11-195M16.1,0.007685935793651456
RP5-934G17.6,0.007685516695266616
SLC2A2,0.007684972283070566
RP11-655B23.1,0.007670727885178264
RN7SKP103,0.007668614783527009
RP11-1B20.1,0.007668531976572906
AC016734.1,0.007666954642369969
RP11-502H18.2,0.0076603932180421734
AC092570.2,0.007659461578158594
IL19,0.00765232440228825
RP11-107G24.3,0.0076450905756652345
GP5,0.007641946434837098
RP11-480D4.1,0.007632839269650651
HNRNPFP1,0.007626547715204636
CYP2AB1P,0.007621757884212596
OPTC,0.007621161310271217
RP5-1092A11.5,0.007617603515951096
ADORA3,0.00760550986579156
ZNF90P1,0.007598129971059936
U3,0.007581936493293498
AC007395.4,0.007574526431640566
ADCY2,0.007573424303065104
RP4-680D5.9,0.007572011104922351
AC104131.1,0.007561933310323832
RP11-20I20.1,0.007549613192512507
AC016559.1,0.007545215170083687
GAPT,0.007535866231451915
RP11-612J15.3,0.007529648855885542
AC108066.1,0.007520280618196969
OR2L5,0.007515693276785688
AC008268.1,0.007511494650685255
LINC00582,0.007507882289744004
KATNBL1P4,0.007507687852014909
BSND,0.007505129977537672
PM20D1,0.007497263761588788
RP11-313A24.1,0.007497029845386
RP11-661C8.3,0.007479585433493291
RP11-875H7.5,0.007465532049848942
RP11-63N8.3,0.007463024724511981
RP5-1198O20.5,0.007457303537399626
AL157902.3,0.007441809116363815
CTD-2275D24.3,0.007416421189406782
AC074366.3,0.007414964981415362
RP11-513G11.3,0.007410911003320658
RP11-180N14.1,0.007405938178138084
CRNN,0.00740509237054682
RP11-543E8.2,0.00739808723992725
YBX1P5,0.007381683823344834
SNRPEP7,0.007378314141847763
AC013403.13,0.007373533844591981
CHIAP2,0.007364294612351753
CCR2,0.007364044695608515
RPLP0P7,0.007362900257188894
ZNF969P,0.0073625515068972925
EIF2B5-AS1,0.0073625271403192465
AC109815.2,0.0073622006625832835
RP11-433C9.2,0.007357310989890509
EEF1GP4,0.007354752836325658
ATP6V1G1P6,0.007352032991217582
IL20,0.0073330069701030695
CTD-2004A9.1,0.007330413600417342
MOBP,0.007325482908918953
LRTM1,0.007325229712924667
LINC00570,0.007319178847728818
RPL6P9,0.00731540730064275
SEPHS2P1,0.007303125286050081
RP11-184J23.2,0.007299540348610373
FASLG,0.007295423164527421
IGKV1D-12,0.007291624427344697
RP11-379B18.3,0.007291437813672908
BARHL2,0.007289892456253368
HSPA8P18,0.007274056847812785
AC017081.2,0.007265263811520202
RP11-292D4.1,0.007264727238001673
RP11-142L1.3,0.007264727238001673
RP11-123J14.1,0.007256585171154206
RP11-731J8.2,0.007255469299870608
SCN1A,0.007249705045926096
RN7SKP234,0.0072485128212497404
RP11-255E6.5,0.007245036494600367
RP11-572C15.5,0.007241702392393662
OR7E21P,0.007233259368215003
TSPYL6,0.007228837596085838
CTC-537E7.2,0.007224224145672909
AC008498.1,0.0072167807270497215
SNRPGP9,0.0072167807270497215
RP11-576D8.4,0.007214074518232287
RP11-520A21.1,0.0072014498253705215
TRIM64FP,0.007201000526363628
HNRNPA1P54,0.007188745928531502
RP3-467K16.7,0.0071861792811580396
CTC-235G5.3,0.007186100023118611
AC159540.14,0.007168824653468092
ARHGAP42P1,0.007167106477917246
RPL23AP35,0.007166791449876843
FCRL2,0.007162809792023218
ENPP7P11,0.0071539574953723125
RP11-305F5.2,0.007141446898167095
RP11-407B7.1,0.007139695569984113
RP11-647P12.1,0.007132562048426379
YBX1P3,0.00711396835958052
C2orf27B,0.0071087944965478045
AC068279.1,0.007107389568082287
RP11-27G13.4,0.007100782961195429
TCF7L1-IT1,0.007092565302847985
HMGN2P13,0.007081849241228434
RP11-100N20.1,0.007081825894167562
RN7SL814P,0.0070815924234342645
NREP-AS1,0.007079441099495769
GTF2F2P1,0.007073078539404605
RP5-952N6.1,0.007067233537641926
EEF1GP7,0.007064360222952654
RP11-430L16.1,0.007060555779944564
RP11-710E1.2,0.007048909401575259
AC019129.2,0.007042052810956006
RP11-334N17.1,0.0070406381493879665
RP11-598O12.1,0.00703783600567186
RPL6P5,0.007031274191367767
CD1B,0.007026562769995494
RP11-744H18.1,0.007023490450684476
SLAMF6,0.007011605799464406
CTD-2196P11.2,0.007006239575289361
RP11-293G6__B.2,0.007002175874932223
AC017006.2,0.007002175874932223
RP11-360P21.2,0.007001078196962689
RP11-439C8.1,0.007001078196962689
RPL21P23,0.006995729864528583
RP5-1061H20.5,0.006994543310956269
TRAT1,0.006978132978072868
AC087073.1,0.006966019930792828
AMER3,0.006965830107091006
U3,0.006957166968634638
U3,0.006957166968634638
RP11-368I23.4,0.006957166968634638
RP11-398A8.1,0.006948547280692001
RP11-21G20.3,0.006943174419139951
POU5F2,0.006942526499937044
RPL3P13,0.006925419761911965
RP11-404L6.2,0.006923463779699994
RP11-364B6.1,0.006923317149894081
CCR9,0.0069194788170174465
OR7E55P,0.006913464337169339
DNAJB8,0.006904437870495414
RN7SKP179,0.006893948746861484
RP11-466F5.4,0.006885163229214676
RP11-171I2.1,0.006882013518001354
RP11-626A1.1,0.0068756062776848155
RPL5P13,0.0068756062776848155
RP11-334A14.8,0.006866363227107419
RP11-478H16.1,0.006842142270498651
CTC-235G5.2,0.006840836864341659
RP4-739H11.3,0.00683464027229901
MRPL22P1,0.006832233039473862
RP11-293K19.1,0.0068281196538239304
LINC01020,0.00681753203642065
LCE1B,0.006803964152328232
FLT1P1,0.006801264060170165
CHRND,0.006801082495665298
RP11-655G22.2,0.006799955094698477
RBMS3-AS1,0.006779545183741576
UNC93B8,0.006774680259326415
RPL18AP8,0.006773511309787243
ENPP6,0.0067696061613620045
ANGPTL7,0.0067640669219766044
RP4-635A23.3,0.006759781450026481
RP11-167H9.5,0.006759032005679982
MEAF6P1,0.006745860539783872
TMPRSS11A,0.006744416285371775
NBPF8,0.006742529838143631
RP11-550I24.3,0.006733352071589503
TERF1P3,0.006727348327066763
RP11-521D12.2,0.006726762507304016
CTC-276P9.2,0.006722944275572705
AC118345.1,0.0067181306092412504
PROX1-AS1,0.006712266147399635
CTC-458G6.2,0.006711788424499618
RP11-18H21.3,0.006703181455976886
PRICKLE2-AS3,0.006699720441136416
R3HDM2P1,0.006695924441157026
MTND1P34,0.006691309497520961
AC104809.2,0.006690258574487799
AL645728.3,0.006689555615296027
KRT8P25,0.006687823366462549
RP11-420K8.1,0.006684661101665645
AC103563.3,0.006682119012542641
RP11-353N4.1,0.006681487592281631
AC009960.4,0.006681487592281631
RP11-342H21.2,0.006671688672739705
NUP210P1,0.006669618018059265
TCEB1P33,0.006661632087115414
RP11-43D2.2,0.006660958302770178
RN7SL670P,0.006651271025288212
RP11-768G7.2,0.006646803702870806
RP11-1396O13.13,0.006644909158876829
RP4-565E6.1,0.006644034448170199
AC083899.1,0.006639045543506877
RP11-252O18.3,0.006635693509753196
IGKV1D-42,0.006628816627748307
AC007563.4,0.006628816627748307
RP11-102C16.3,0.006623155917430027
RP4-533D7.3,0.006623155917430027
MTOR-AS1,0.006616284085320288
RP11-416L21.2,0.006611249277725682
AC079341.1,0.006593061901878212
PIN1P1,0.006589273408311801
PLA2G2D,0.006585139536125621
RN7SL692P,0.006584556612933876
RN7SKP200,0.006579503154368546
RP11-575C1.1,0.006579094950737607
RP11-418B12.1,0.006567711338005007
ARHGEF38-IT1,0.006565839567940564
PROL1,0.006556355483524706
AC004041.2,0.006552318352881409
AC012506.4,0.006550467105067285
RP3-445O10.1,0.006549226970093073
CCNB1IP1P1,0.006546840277237162
RP4-656G21.1,0.006543703033355276
RP11-142L1.1,0.006541856224589229
CHIAP1,0.006537012468802866
RP11-501O2.5,0.006524750544574273
RP11-343N15.1,0.006520624188866367
AC009227.2,0.006520460647911247
CFHR4,0.006520329275470116
MTND5P25,0.00650453506356491
AC128709.3,0.006499698318107251
RP11-412P11.1,0.006497364780678267
AC009237.10,0.006491963206432007
AC055764.1,0.0064907695787321555
LINC00694,0.00648430136111638
RP11-374A4.1,0.0064836677381443835
RP11-167H9.1,0.006481711857810245
AC013404.1,0.006469025793941135
GP9,0.00646521834518578
LHCGR,0.006463844110133764
C9,0.006461886836182998
AC006461.2,0.006460014068916172
AC017081.1,0.006457158334929578
AC104634.2,0.006454138710461669
RP11-208P4.1,0.006445788707102669
SRGAP3-AS2,0.0064359031179735985
ZFYVE9P2,0.006433936681363099
NARG2P2,0.006432142143998826
MEIS1-AS2,0.006426819919210126
RP3-437I16.1,0.0064255072064433455
CTD-2201E9.1,0.006424596640660603
C1orf68,0.006419960472125913
HTR3C,0.006418471793402405
CICP26,0.006410851066707221
CADM3,0.0063967506957253615
ADAMTS9-AS1,0.006385236768716481
RP11-293A10.3,0.006374608282305318
RPL23AP23,0.006359481178824549
RP5-1097F14.1,0.006353788906473669
snoU13,0.006352889394054616
RP11-424D14.1,0.006352735464770999
AC092159.3,0.006352701435586398
AC016751.2,0.006350933710410706
CTC-228N24.2,0.006342175167315121
RP4-799P18.5,0.006304938473463045
OR13Z3P,0.006294161442410466
UBE2V2P4,0.006281652878450936
RP4-781K5.6,0.006281112982219612
RANP5,0.006280600313574926
CTD-2331D11.4,0.00627040867008746
AC021021.1,0.006270244688158778
RP11-489G11.3,0.006264802359662189
LEFTY2,0.006264493221533349
RP11-763B22.9,0.0062628075078790535
AMY1B,0.0062590157963082795
PCNAP1,0.006243108296895765
CTD-2117L12.1,0.006236438596949702
RP11-241J12.3,0.006228964536761861
AC007278.3,0.006227599512936284
HSD17B7P1,0.006215468466545651
AC099344.3,0.006210735290282966
EIF3KP2,0.006210735290282966
MTND6P2,0.006210664994883861
ELTD1,0.006199973820466107
AC104113.3,0.0061911923780150965
RARRES2P4,0.006190840872245924
TEX35,0.006189532715120304
C2orf40,0.0061860203388218625
RN7SL103P,0.0061753741096624995
RP11-85G21.1,0.006169562099284515
ABCG8,0.006168049090631758
RP11-168O16.2,0.006161656706791644
RP11-346J10.1,0.006153270057732238
RP11-441M10.1,0.006152758037091641
IGKV2-18,0.006143898518966532
RP11-506O24.1,0.00614038671398191
RP11-332H21.2,0.006137196111511873
APOBEC4,0.006136976871880639
GBA3,0.006127813882006915
RP4-781L3.1,0.006124092330936801
AFM,0.006117778575208555
AC020595.1,0.006116720634883727
AC006160.4,0.006114317551689955
AC009960.1,0.006103698456285284
RN7SL512P,0.0060914613011763515
PRDM9,0.006086716973906296
LRRC37A12P,0.006075653563273231
RP11-402C9.1,0.006073362297909801
AC008592.7,0.006067605623235317
RPS7P7,0.006067605623235317
LPP-AS1,0.0060671023514632825
OR7E22P,0.0060671023514632825
RP11-503L23.1,0.006064523299906238
OR7E84P,0.0060623374715048466
RP11-84O12.3,0.006057887976491281
HMGB3P10,0.00605706563992042
AC016683.5,0.006055004015587929
ZBTB20-AS1,0.006052003009711564
AC093142.2,0.006039575409590699
RP11-134J21.1,0.006035167054607903
RP11-364P22.1,0.006022949861255805
RP4-620F22.3,0.006019093416196881
AC121251.1,0.006018963310674998
RAB3C,0.0060168162947831436
FRG2,0.006011732759086827
FAM138B,0.006003353526918528
RN7SKP88,0.005995183335995577
BMP3,0.005990159575369368
MTND6P8,0.005983386282540586
CTC-303L1.1,0.005976105241313507
RP4-710M16.2,0.005974285973099194
AC114755.2,0.005971612105375088
AC009961.5,0.005971612105375088
RP11-286B14.1,0.00596974013541551
IGKV1-22,0.005966100091241672
IGKV1D-27,0.00595533370771199
KRT19P3,0.005948765742453783
C4orf50,0.005944163276267376
CLDN19,0.005936462842984234
RP11-277B15.1,0.005934597092165413
RP11-505O17.1,0.0059249788240088724
AC016772.4,0.005921011443498397
MARCH11,0.005917985551446067
HHATL,0.005909588794648576
RP11-501E14.1,0.005907469323576962
OR13Z1P,0.005906491901397588
RPL5P10,0.005904221612728407
AC011998.1,0.005901940334381211
AC112211.3,0.005901940334381211
RP11-302F12.7,0.0058994533593024505
RP11-521O16.2,0.005898704353127474
LINC00616,0.0058960622021758
PFN1P12,0.005892564501774553
RP1-228H13.2,0.005892531925323114
AC106869.2,0.005886574354211391
NCKAP5-IT1,0.005886282657579146
RN7SL499P,0.005885938780893652
AC018731.3,0.00587840688934198
RP11-485M7.3,0.005877958379177306
RP4-663N10.1,0.005877193141949292
DPYD-AS2,0.005875836559171081
CXCR1,0.005866578702761311
RPL6P7,0.005864468748133334
AC008271.1,0.005860127579549759
RP11-167H9.4,0.005859515336888821
RP5-1044H5.1,0.0058563729921627
CSN3,0.0058436773592860205
RANP7,0.005837889316639848
AC068137.5,0.005833867705132206
RP11-529H2.1,0.005833867705132206
AC008850.3,0.005825301531481832
RP11-417J8.2,0.005825301531481832
RP11-434H6.2,0.0058216486355620704
CTD-3080P12.3,0.005818931289171595
HIGD1AP4,0.005816195236906863
AC064834.3,0.005812604257893494
RP11-278L15.4,0.00580943570246224
CA6,0.005808573920330522
DPP10,0.0058031984763099774
AC116035.2,0.005800422694265173
HIGD1AP12,0.005795728285355898
RN7SL110P,0.005795728285355898
RP11-438O11.1,0.005781902718690707
TUBB8P9,0.0057724068239729
AQP12B,0.005764119725320273
RP11-6L6.7,0.005762395346406531
AC010731.3,0.005762231676766809
RN7SL299P,0.0057613154697023555
RFKP1,0.0057565029167267615
RP11-10N16.3,0.0057565029167267615
FDCSP,0.005755258680042816
RN7SL861P,0.005755258680042816
RP11-540E16.1,0.005740022127547493
RP4-728D4.3,0.005737941014233827
CTD-2228A4.1,0.005730043892802269
GYPE,0.005728643729413994
RN7SL764P,0.005720933989845578
FMO9P,0.0057178856190195256
CTD-2215L10.1,0.005716097148517709
GTF2F2P2,0.005709231209550276
RP11-435B5.2,0.005707691144245881
CTD-2201E18.2,0.005705460451315301
CTD-2193G5.1,0.005703816769597837
RP11-139I14.2,0.005701821460467159
AC138655.1,0.00569365335525223
RP11-377K22.3,0.0056908078064955665
RP11-35D5.1,0.005683403942786933
AL691479.1,0.005680991913581022
RPS3AP15,0.005680062464768158
RP11-728C8.1,0.005670377147802941
RP11-528G1.2,0.0056633888932597284
HMGN1P10,0.005663200328327805
RP11-639F1.2,0.005656139232272686
GAPDHP25,0.005630685828816148
RP11-5N11.7,0.005626598029494792
AHCYP4,0.005621196979441377
RN7SKP154,0.005617953999506786
AC092570.3,0.005617225819745767
GAPDHP39,0.005614191962431822
RP11-463H24.1,0.005610907005999934
RP5-855F14.1,0.005606737518662134
RN7SL360P,0.005598879660039478
CTD-2207L17.2,0.005583962096327065
CTC-471C19.2,0.005576256283590003
MYOC,0.005573518537413402
RP11-366M4.6,0.0055725207550057195
RP11-166D18.1,0.005566388723772033
OR11L1,0.005564943096084746
RP11-297H3.3,0.005552526467634864
DDX3YP3,0.005549212692673157
NBPF5P,0.005546111966794633
RP11-335E6.2,0.005546041476823859
AL672296.1,0.005542257371023383
MRPS10P2,0.005538122971892914
LINC00982,0.005535026080113154
CCR5,0.005534415927006593
RP11-704M14.1,0.00553331790628319
HMGB1P47,0.0055330944683981515
CTC-210G5.1,0.0055306795186178875
RP11-275I14.2,0.005530462686329653
RN7SL160P,0.0055238126086436
AC007126.1,0.00552331502949258
ZNF847P,0.005522573758085038
PLA2G5,0.005518661039418803
C1orf185,0.005511680278777857
RN7SL432P,0.00550536531737229
AC007253.1,0.005492321232328429
RN7SL326P,0.0054900894190128184
RN7SL604P,0.0054900894190128184
RP13-488H8.1,0.005487034122878885
VDAC1P10,0.005487034122878885
RP11-523K4.2,0.005487034122878885
RN7SL211P,0.00547601123183183
RP1-37J18.1,0.005469007085414216
SPATA16,0.005467040115780764
TMEM207,0.005466443610819989
GABRB1,0.0054641620293897795
ATP5LP5,0.005450743636686767
RN7SL304P,0.005450743636686767
RP11-14D22.1,0.005439319461590122
RP11-650J17.1,0.00543704518216228
SUMO2P4,0.0054367571749591665
RN7SL801P,0.005432784401333706
AC092669.6,0.005430527648620467
AC090505.4,0.005427048446689379
RP5-875O13.6,0.005423626321727129
RP11-345F18.1,0.0054173628356292275
RN7SKP213,0.005417198270905539
NPM1P17,0.005414941371902144
IGKV2D-24,0.005411744062051292
AC107399.2,0.005408922870993222
RP11-489M13.2,0.005408922870993222
AC104395.1,0.005407700344588225
CTD-2089N3.2,0.005395263136162309
LINGO4,0.005389788829980859
RPL17P17,0.005388491757896175
AC132807.1,0.005383624711979361
AC007563.5,0.005379604034523176
RP11-395P13.4,0.005379604034523176
AC010894.5,0.005379604034523176
RN7SL501P,0.005378945671574912
CCR8,0.005363169266348457
CXCR2P1,0.005357008264196346
ZNF652P1,0.005350633653820725
BSN-AS1,0.005348964734383164
RP11-379K17.2,0.005348465417409023
RP11-310A13.2,0.005347365646058454
NARG2P1,0.005341878764720622
TDGF1P2,0.005341086769925381
RP11-404I7.1,0.005337512205402732
CTD-2116N24.1,0.005337512205402732
RN7SL235P,0.005327423180723941
RP11-47F1.1,0.005322366750369109
AC090018.1,0.00532123785837475
CRP,0.005314618807215836
UGT2A3P7,0.005306891060931798
RP11-275F13.1,0.005304925902760826
RP11-512G4.1,0.005303762875031387
RN7SL830P,0.005303762875031387
KCND3-AS1,0.005300106884251931
RP11-383G10.1,0.0052942369455050535
RP4-800F24.1,0.005292637493174852
CCNJP2,0.005283030243097698
RN7SKP253,0.0052762660163687405
AC010969.1,0.005275700121016312
CARTPT,0.0052670016309435165
RP11-565N2.2,0.005266950713042729
RP5-997D24.3,0.005259634653628766
CTD-2325A15.2,0.005257823247625076
HSPA8P19,0.0052577218116847445
RP4-667H12.4,0.005254788523868605
XX-CR54.1,0.0052510715232060795
TAF13P2,0.005248718961448944
ATP1A4,0.005244518202744754
RP5-858B6.1,0.005242719824783104
RP11-71G12.1,0.005236626430791908
RP11-374C13.1,0.005236344107636177
AL645730.2,0.005233873765883423
AC012593.1,0.005233734410090381
RP11-432M8.19,0.005226227309123197
AC104794.4,0.005226086141481603
CHIA,0.005212674837583482
KCTD8,0.005212410819978847
CTD-2197M16.1,0.00519481546638022
ZNF683,0.005194768960859033
RP11-329N22.1,0.0051935973885472745
ADH7,0.005193003571998382
FOXP1-AS1,0.005188473090218425
RP11-617D20.2,0.005181214159532675
RP5-998N21.3,0.00517554279911708
ADAMTS19-AS1,0.005167948030288086
RP11-352E6.1,0.005167401211102591
AC012454.4,0.005167068241255731
RP11-432M8.11,0.005163022973910509
RP11-98O2.1,0.005158457170034312
MYCNOS,0.005148949813496536
KRT18P42,0.005148148950843553
RP11-588L15.1,0.005142029623590243
AC090939.1,0.005142029623590243
RP11-18O11.2,0.005128919617535247
RN7SKP112,0.005128519480436006
MINOS1P4,0.005128519480436006
LRRC53,0.005116656295408588
RP11-211G3.3,0.005112631145708877
RN7SL300P,0.005111901434009302
COL6A6,0.00509990794582963
RP11-665G4.1,0.005092778498450878
AC068042.1,0.005091915888199569
RN7SL184P,0.005090268006995066
AC023672.1,0.005087513666054024
PLA2G2E,0.005081232168565596
RP11-306I1.1,0.0050811102899627125
RP11-66D17.3,0.005077322534872797
RN7SL482P,0.005073270630427537
SAR1P3,0.005073270630427537
C1QB,0.005068407312822242
RP11-277L2.5,0.005066396003915371
AC098823.3,0.005065481316446256
AC097532.2,0.005065477802618522
AC092661.1,0.005065466633876734
AGBL4,0.005060402047285905
RN7SL126P,0.005056366230487744
RP11-94I2.1,0.005054887789383135
AC018730.3,0.005051043613122914
FCRL1,0.005042361137906195
RP11-42L13.3,0.005042239079411286
RP11-395L14.3,0.005029736065882907
RP4-533D7.4,0.005026863086700968
PTP4A1P4,0.005017632309423027
NKX1-1,0.005017345346024029
TIFAB,0.005005410462158871
RP11-544M22.1,0.005003973682748924
AC019064.1,0.004995330984743793
RP11-114H7.2,0.004979038559834589
STAP1,0.004978926480726395
AC007401.1,0.004976828381116402
RP11-59J16.2,0.004976491170263979
RGS8,0.004973887765143653
RP4-659I19.1,0.004971920610974533
ABHD17AP1,0.004969695860361963
RP11-84O12.4,0.004965490602296793
RP11-259K5.1,0.0049653728349665985
RP11-436J20.1,0.004964218712078416
KNOP1P3,0.004959083975754344
AC063976.1,0.004958801326534081
AC012493.2,0.004957246749883609
RP11-589F5.3,0.0049551163470686775
RP11-233E12.2,0.004954218852922086
PROK2,0.00494955726758193
IGKV2OR2-1,0.0049411115350685595
RP11-98C1.2,0.004936031650432843
AC079776.2,0.0049359998616175125
RP11-213G21.2,0.0049359998616175125
AC013733.3,0.004935642798481375
TMED11P,0.004934209572410221
RP4-781K5.5,0.00493389497857286
RP11-85F14.1,0.004931123647880824
CLNK,0.004929929351992554
RP11-136K7.3,0.004926247335254505
RP11-889D3.1,0.004924763220478326
NTSR2,0.004922480870393135
ZNF366,0.0049219296831585135
RP11-392B6.1,0.004919344945908088
DYTN,0.004914316553990528
AC005033.6,0.004907147738966946
RP11-239E10.2,0.004901228176066399
IGKV1-8,0.00489771774679662
RP11-719L21.1,0.004892416665869168
AC009487.5,0.004885324814848946
RP11-174O3.4,0.004877596579562723
KRT8P21,0.004862402065673854
C1orf110,0.004862319208832956
LSM3P4,0.004861974418613882
DUSP27,0.00485858985198076
AC114788.2,0.004845125852546882
MAP3K19,0.0048443784719144675
RP11-8J9.5,0.004843523409957085
ENSAP3,0.0048280875704829205
SLAMF6P1,0.0048280875704829205
RP11-240D10.4,0.004823327004794239
RP11-145M4.3,0.004823327004794239
AL590483.1,0.0048204405738450995
NOTCH2P1,0.004815691049131182
KRT18P51,0.00480405426291379
RP11-93O7.5,0.004802162556992254
RP11-135A1.3,0.004802162556992254
AC105461.1,0.004799970586785965
RPL5P7,0.0047963172587031176
AC007677.2,0.004793653829696641
RP11-395N6.4,0.004786040502674181
KATNBL1P2,0.004778539372629673
RP11-301M17.1,0.004775291865886662
AC019055.1,0.004770671690141744
RP4-591B8.3,0.00476917148818884
RPL30P1,0.004768479432839949
RESP18,0.004767166013572078
RP5-1125N11.1,0.004760016660698942
AC007365.1,0.004754934564898945
GRM7-AS2,0.004748017400787994
RP11-332P22.2,0.004742022306303928
MTND6P15,0.004738988093301701
CTD-2037K23.1,0.0047329290728511655
RPL30P6,0.00472705851441273
CLCA4,0.0047270278680241265
RP11-763B22.7,0.00472571463147685
RP11-765K14.1,0.004724300009745685
RP11-39E3.5,0.004721046348179473
AC013480.2,0.004717556865106921
CACNA2D3-AS1,0.00470886757500664
LINC00299,0.004699485119492228
RP11-563D10.1,0.004687847052856595
OR7E130P,0.004677164770770958
AK4P6,0.004676763881188611
RP11-108M9.2,0.004672303850308015
OR7E129P,0.004658015651255017
AC099754.1,0.0046561997073074155
RP4-675G8.3,0.004653270288300839
AC019185.3,0.004653251717149823
CTC-349C3.2,0.0046426398005810976
DNASE1L3,0.0046393809800703185
RP11-164O23.7,0.0046378980001015105
LINC00083,0.004632798226093068
RP11-415C15.3,0.004631954362541646
FAM8A3P,0.004621835689207912
RP11-463H12.2,0.004621835689207912
AC005037.1,0.00461578820551531
RP11-293G6__B.8,0.004611952471323607
RP11-479J7.2,0.004611008944794307
CNN2P10,0.004605961014971651
GOLGA5P1,0.004601526297588313
RP4-798A10.4,0.0045968791921444365
TMPRSS11CP,0.00459040835431598
RN7SKP212,0.004582984518829699
RP11-338L18.1,0.004582984518829699
APOOP2,0.004582229606960289
P2RY13,0.004579511301577246
AC013437.7,0.0045788560655826895
MTND5P13,0.004578030366427065
AHCYP3,0.004575293743239459
RP11-231P20.2,0.004565954151226784
AC092675.4,0.004565455797472302
C1orf158,0.0045650175684929925
CXXC11,0.004562687199806009
GSTM5P1,0.004555475887264275
C1orf64,0.004554611476061871
ADH4,0.0045506390956938534
RP1-167G20.1,0.004544700926260086
AC023115.1,0.004536707230659502
AC013402.2,0.004535152191055071
RP11-713C19.1,0.004530300136270305
RP11-453O22.1,0.004530300136270305
RP11-371F15.3,0.0045282944569891995
AC027119.1,0.00452777533727335
PGCP1,0.004510862344110765
RP11-640B6.1,0.004508118752469309
OR2M5,0.004503894618723499
RP5-879K22.1,0.004501440339335385
KRT8P28,0.004500962699366539
AC009302.4,0.0044991512292504475
RP11-93K22.7,0.004492897363798243
SLC25A31,0.00449241419143908
CNTN3,0.004490256700773564
AC068535.2,0.004489687769689019
RP11-468N14.09,0.004480577953041356
RPL17P19,0.0044753148705808455
CTC-471C19.1,0.004466186003260102
MEPE,0.004464943143614287
RP11-77A13.1,0.004461720007899797
LINC00877,0.004452384459743974
CELA2A,0.004447595747206515
DBIL5P2,0.004443450700695835
MTATP6P7,0.004442128836505215
RN7SKP133,0.0044227249223173755
RP11-605F14.2,0.004419774068270346
ACTG1P13,0.0044167580947107295
VENTXP7,0.004415383130413218
RP11-489C13.1,0.00441460408467625
HSD3BP1,0.004410401915659457
AC093642.6,0.0044041693499722746
CTD-2154B17.1,0.0043970866928606965
OR2T12,0.0043926717310399585
OR2T32P,0.0043926717310399585
STON1-GTF2A1L,0.004390806562383967
OR6R1P,0.004385366114553541
OTOP1,0.004381480502075573
RP11-751A18.1,0.004380961065297402
RP11-366M4.2,0.00437538885472939
RP4-590F24.1,0.00437326382516085
RP11-149P14.1,0.00437326382516085
RP11-538P18.1,0.004367549763621903
RP1-187B23.1,0.004359058793079447
ICOS,0.00435810353898445
GNAT1,0.004357895825158811
AC106870.1,0.0043529570398667
AC092687.3,0.0043503831504324
DAB1,0.004344121668050612
AC016735.3,0.004342803004065958
TMPRSS11GP,0.004337015240853966
AC114765.2,0.004334301621050662
RP11-115A14.1,0.004327736458483184
RP11-508M8.1,0.004327311369835821
AC104777.4,0.004324146797394635
AC083949.1,0.0043217379158274
RP5-845O24.8,0.0043217379158274
IGKV1-16,0.0043217379158274
RP11-218C23.1,0.0043217379158274
RP11-690C23.4,0.004320675333115929
RP11-59E19.1,0.004317274652289427
RP11-40H20.4,0.004310448913991935
RP11-810H18.1,0.0043096931459859645
SULT1C3,0.004309124080414644
AC074008.1,0.004308599516331293
AC067961.1,0.004305323815636451
OR2T27,0.004304938262463825
CXCL9,0.004302134065986166
RP11-395P13.3,0.004299206619756341
RP11-475O23.2,0.00429748243990804
RP3-455J7.3,0.004289593568934712
AOX2P,0.0042868363948000655
ADIPOQ-AS1,0.004283234671051923
AC098817.5,0.004282617024405571
AC066692.3,0.0042709804763653
AF146191.8,0.004261271806829196
C3orf79,0.004261177316635023
FGF12-AS2,0.004261177316635023
GAPDHP46,0.004256877973518647
RP11-2N5.2,0.004253901460173809
RP11-485C11.1,0.004243388876108898
RP1-144C9.2,0.004237482728361676
FTH1P9,0.004237482728361676
RP4-544H6.2,0.004236207679713367
XIRP2-AS1,0.004211328562573171
RP11-518L10.5,0.004200601460537796
MTND4P11,0.004199485001556896
GMNC,0.004198436593737399
CD2,0.004193951575167064
RPL23AP40,0.004189921139029426
RP11-780M14.1,0.004186376679704188
POU4F2,0.0041834267639902995
FABP7P1,0.00417928760430327
RP11-223J6.1,0.004161611266030241
CCKAR,0.004160077121138707
RP11-791G16.5,0.0041562466657056344
GADL1,0.00414844336875298
AC108479.1,0.004144902623305032
AC103563.9,0.004140861178902743
NECAP1P2,0.004139254035935693
OR10J3,0.004127431667620495
CPEB2-AS1,0.004119116746752045
RP11-263I1.1,0.004119116569414455
RP11-329B9.1,0.004111631256555779
TMEM248P1,0.0041062343242878035
RP11-241K18.2,0.004101955848003014
CCDC34P1,0.004093611418321744
RP11-1C1.5,0.004092736772947642
RP11-503I22.2,0.004090230012904542
AC106053.1,0.004089049043951868
RP11-479F13.1,0.004077701830747321
AC006499.7,0.004073233718607062
RPS7P2,0.004073233718607062
HMGB1P25,0.004073233718607062
RP11-69E9.1,0.0040680562784728945
NANOGNBP1,0.0040680562784728945
RP11-510C10.4,0.004066717111832482
AC092570.4,0.00406515011972073
RP11-563M4.1,0.0040596870298988804
ATP13A5,0.004058989513976365
TACR3,0.004055562541798122
RP11-255I10.2,0.004053350794851457
SMCP,0.004047783495137442
RPS24P6,0.004047369046607589
AC073321.3,0.004046832746092375
MYL1,0.004045313430156115
AC018462.2,0.004044684595393581
EHHADH-AS1,0.004039180003941903
LIN28AP1,0.004036019866234822
RP11-8J23.1,0.004036019866234822
GZMK,0.004029552973183405
RP5-834N19.1,0.004008070225639909
MTND2P18,0.003988671829915723
RP11-415C15.2,0.0039885885611040265
RP11-19O2.2,0.003987311614160149
RP11-598D14.1,0.003985722363537599
BRD7P6,0.003975018939845847
SLC25A3P1,0.0039739030793063115
RP11-298O21.5,0.00397172137476088
RP11-364L4.3,0.003963159557631555
CD180,0.003962195482039222
RP11-451J24.1,0.003959044100577592
AC007381.2,0.0039503934540538995
GS1-122H1.1,0.003938134598526768
AC012594.1,0.003936186027609434
AC105342.1,0.003936097900950244
FANCD2P2,0.003932857122277152
RP11-431K24.3,0.0039300446879576775
MPTX1,0.0039257157643720645
MORC1,0.003915769766505287
WDR64,0.003913262916410694
AC034228.2,0.003911522025603214
RP11-467I20.5,0.003909960663186172
MARK2P5,0.0039011600672110036
AC008937.2,0.003893045253771217
RP11-553K8.5,0.0038929506187628193
C1orf146,0.00388735590741947
RP11-487E13.1,0.003883865484534838
CNOT10-AS1,0.003883865484534838
LINC00613,0.0038779268388744823
RP11-114J13.1,0.003870875985451941
RP11-380P13.2,0.003870875985451941
DUSP5P2,0.0038665078266656764
RP11-191N8.2,0.003865646863313348
AC016724.6,0.0038470955760400833
AC034228.7,0.003840954269313499
RP11-211A18.2,0.003840894275835317
PCED1CP,0.003835831596144491
RP11-125O18.1,0.0038298421150592486
AC093698.4,0.003826312835929106
ARHGEF3-AS1,0.0038233838113330004
AC016909.1,0.0038230761583010393
RP11-25K21.1,0.003821348560887162
OSTN-AS1,0.003821348560887162
RP4-800M22.4,0.003821348560887162
RP11-473L15.2,0.003820851578510179
RP11-293F5.8,0.003811692719381615
RP11-117D22.2,0.003811172050243193
AC006499.2,0.0038010897800881574
TNR,0.0037770517062082286
RP11-64C1.1,0.0037747598385493367
SLC9A9-AS1,0.003771952956655737
RP11-1281K21.6,0.003771952956655737
FCGR3B,0.0037715818230610546
EI24P1,0.003769544512251839
AC011742.5,0.003768449672686039
RP4-706L14.2,0.0037678476605973094
RP11-183M13.1,0.003765133813216911
C1QL2,0.0037605062287734896
RP11-71G7.1,0.0037575607615001373
AC073135.4,0.0037551698693257195
GC,0.0037519621054332257
RP11-630D6.5,0.0037432527280091368
TMEM30C,0.003741273817456109
GPR88,0.003739994266463601
AC064871.3,0.003736681078597449
SELE,0.0037336981187395903
OR10J2P,0.003733465131312051
IQCF3,0.0037305467460064107
FTLP17,0.0037220500163427316
RPS15AP7,0.003718356597757608
SPINK8,0.0037174569102785206
UQCRC2P1,0.003715160324344074
RP4-781K5.9,0.0037150419430313567
HTR3D,0.0037134723231290637
CTD-2156G10.1,0.003713266216346005
RP11-321E2.10,0.0037092648641468186
IGKV3D-11,0.003700764729336258
RP11-423O2.7,0.0037002201422117326
CTC-278L1.1,0.0036954186392208926
GS1-115G20.2,0.00369269709384496
RP11-317P15.6,0.003691222437270665
RP11-88H10.2,0.0036899621787712437
RP11-147G16.1,0.0036876942979113397
RP11-223C24.2,0.003682224395619254
IGKV1D-13,0.0036803063484659965
RP11-305P14.1,0.003675996606457685
IGKV1D-43,0.0036734628209778588
TAS1R2,0.0036715350498394625
NEFHP1,0.0036674411486352005
Z95704.4,0.0036656213889727078
RP11-61G24.1,0.00366448779594059
LDHBP3,0.00366448779594059
RP11-769N22.1,0.0036625829740850172
RP11-470L19.2,0.0036618617050042375
RP11-124N3.2,0.0036617170741003436
YBX1P9,0.003644571042530194
OSTCP4,0.003643505295788442
AC007679.4,0.0036381291235413663
SLC6A18,0.0036370428729932598
RP11-100E13.3,0.0036336528355575617
ALX3,0.003628655399730113
RP11-552D8.1,0.0036271223107380694
RP11-580P21.1,0.003626097430303348
RP11-655G22.1,0.0036234683778132025
AC064853.2,0.00361944184530013
RP11-227F8.2,0.0036115780697261405
AC012065.4,0.0036076460854941824
AC013399.3,0.0036035719135225877
RP11-115A15.4,0.0036035719135225877
RP11-497H16.5,0.0036035719135225877
RP11-129I19.2,0.003597247335389568
LINC00575,0.0035958023709728886
RP11-734K21.4,0.0035958023709728886
PDCD1,0.003594288675896213
RP11-641C17.4,0.0035922017661244444
RP11-397C12.1,0.0035879851998002754
TCHHL1,0.003586585791990697
C1QC,0.0035856087051527163
RP11-147N17.1,0.0035854354685418005
HYDIN2,0.003585339713561154
OR14A2,0.003572823900981154
AC016739.1,0.003572206920678752
RP11-319C21.1,0.0035695309300293825
AC006499.5,0.003566380059488554
CTD-2503O16.4,0.0035612864596368393
EEF1A1P20,0.0035417165561038738
RP11-314N2.2,0.003541053141631318
AC104809.3,0.003535954094206685
IGSF21,0.0035325973029590855
RPL21P42,0.0035265760343201964
AC073465.1,0.0035265760343201964
GCSAML-AS1,0.003521788122268022
NPHS2,0.0035207197028752466
AC007740.1,0.003516505519285787
TRIM43B,0.0035160316023046425
AC106706.1,0.0035160316023046425
RP11-418J17.3,0.0035127513686677367
DCLK3,0.0035118498075931205
VWC2L-IT1,0.0035040885860132213
RP11-436H11.5,0.003503519856154999
FAM177B,0.0034988514810623656
RP11-293B7.1,0.0034966475973669305
RP11-96A1.4,0.0034963632238057935
RP11-171N4.2,0.0034910311572615674
C4orf17,0.0034902796455677284
RP11-222A5.1,0.0034876159926230874
TMEM212-IT1,0.003481883425446343
AC096669.2,0.003479631987305784
RP11-109E24.2,0.003479631987305784
RP11-123O22.1,0.0034768591345207493
FCRL5,0.0034742898885865314
AC092162.2,0.003471692537196097
AC124944.4,0.003468327079229587
EEF1A1P32,0.0034635147034752824
RP1-18D14.7,0.003460359701212883
RP11-852E15.1,0.003452707893625133
RP11-72K17.2,0.0034452890175932414
RP11-556G22.3,0.0034337691589709316
RP11-554K11.2,0.003424666658120112
AC122136.2,0.0034240266255626886
AC013269.5,0.0034152812325949993
DSTNP4,0.0034098506529223437
PRSS46,0.0034046858720762955
EMCN-IT1,0.0034028097672496303
RP4-591L5.2,0.0034028097672496303
RP11-499P1.1,0.003398613585818565
RP13-644M16.3,0.00339482036444462
AC108056.1,0.00339482036444462
CTD-2158P22.4,0.0033915486629450507
AC022201.4,0.0033889644614524
IGKV3-7,0.0033864750667784095
TSHB,0.003383155833788036
AC010733.7,0.003381875545960842
MTND4P30,0.003371419606867685
AMPD1,0.0033700117572708853
C5orf64,0.0033637913476343866
TMPRSS11F,0.003361944761084546
LPCAT2BP,0.0033580518923229242
OR10Z1,0.003349264341308194
XXyac-YX155B6.6,0.0033482278794137524
AC005034.2,0.003347518610016193
RP11-473D24.1,0.0033463804080466858
RP11-324H7.1,0.0033451138574649825
MTND4P27,0.003339266523666107
AC073628.1,0.003338151996043126
AC007383.6,0.0033329349895466816
AC105921.5,0.0033216943272343286
AHCYP5,0.0033209456752473407
RP11-576N17.4,0.003317401868169981
C3orf56,0.003317364193275636
RP11-321E2.3,0.0033124215710157133
LINC00303,0.003311268302847857
C3orf30,0.0033023657994997128
CTC-459M5.1,0.003298144147443066
RP11-531A21.2,0.0032957012475105046
AC023271.2,0.003291005117731584
MTRNR2L13,0.003291005117731584
HNRNPA1P65,0.0032908838516305765
RP11-413E6.7,0.003288570964620019
RP11-174F8.1,0.003280901012397924
HTR1A,0.0032799145080924068
AC013463.2,0.0032697290777330547
PLSCR5,0.0032678788983254857
AC096649.3,0.0032633868818445176
RP11-338K13.1,0.0032627078085850085
RP4-614N24.1,0.0032557100559471347
IGSF11-AS1,0.0032517553882719374
RP11-565A3.1,0.0032502540397171156
UGT1A13P,0.0032502540397171156
OR1C1,0.0032442997242064105
AQP12A,0.003241177793790267
FAM92A1P2,0.0032391222532161777
RP11-201O14.1,0.0032294726006406546
RP11-446J8.1,0.003227883078732873
MYT1L,0.0032263962433812503
RP11-252I13.2,0.0032231618994703025
AC010907.2,0.0032225925047523747
NFU1P2,0.0032143361298179393
RP11-1113N2.4,0.0032106111782071074
RP11-86H7.6,0.003201398157248727
RP11-71E19.5,0.003200291802034252
LINC00970,0.003193610656882515
FAM177A1P1,0.0031873111269393652
RP11-385M4.1,0.0031873111269393652
OR7E162P,0.0031827077947260795
MNDA,0.0031811654214385955
AC009237.5,0.0031801450767494892
RP11-20I20.2,0.003179646767304384
RP11-292E2.4,0.003179646767304384
SV2C,0.0031789818031505344
AC008069.2,0.0031739991880846328
AC009227.3,0.0031739754584803204
H1FOO,0.003162339922946411
RP11-18D7.3,0.0031613509769600604
AC096732.2,0.0031607577049432424
RP11-468N14.13,0.0031607577049432424
RP5-998N21.4,0.0031588534189489342
KIAA1024L,0.0031569844606559355
RP11-280H21.1,0.003149485258491629
FTH1P22,0.003149271670194321
RP11-564P9.1,0.003143409783977865
RP13-614K11.1,0.0031402174642637857
GAPDHP48,0.0031379037525991952
AC062016.3,0.0031370018906148943
RPL5P16,0.0031357914915826485
RARRES2P1,0.0031346522869275307
RP11-386O9.2,0.003131353309667767
UGT2B17,0.003123877042607545
RP11-139K4.1,0.003123137503635237
OR2G6,0.0031224292306907854
POU1F1,0.0031204870521630373
AC007463.2,0.0031123180388633576
AC084149.1,0.003108449090081436
AC079613.1,0.003108449090081436
RP11-85I21.1,0.0031047699706101494
AC073257.1,0.0031016130038644956
EGFLAM-AS4,0.0031007915915028956
RP5-1011O1.3,0.0031005448478365646
CD1C,0.0030997958003968714
ATG10-IT1,0.0030962721762730744
RP11-788A4.1,0.0030962721762730744
RP11-284F21.8,0.0030890523204528237
CTC-321K16.4,0.0030867577117791862
DUTP8,0.003083691091312294
AC104809.4,0.003082216741034552
VPS26AP1,0.003080581325451599
AC012507.3,0.003068973773363659
RP11-7G12.2,0.0030615182939707206
CR1,0.003060103217708922
TSEN2P1,0.003058337018280035
RP11-403I13.9,0.003050193710383816
RP11-466G12.3,0.003039800727125308
RP11-90C4.1,0.003033930010606429
CTD-2194L12.2,0.003033360167601818
RP5-865N13.2,0.003029133789832625
AC007557.3,0.00302778038349541
RP11-91J3.3,0.003026854364243884
GAPDHP47,0.0030192798677599864
IGBP1P5,0.0030162879946340915
AC007464.1,0.0030141534148629676
RP11-162G9.1,0.003009605747932196
ALDH1L1-AS2,0.0029903806157410874
RP11-6L6.3,0.0029863301087801144
NPM1P41,0.002982045017636638
RP11-286E11.1,0.0029818416700193424
ATP2B2-IT2,0.0029748965965075203
AC092580.1,0.00297435036289718
TDGF1,0.002973974465580094
RP13-560N11.1,0.0029690779572999425
SERPINI2,0.0029681534749735707
AC008592.8,0.0029663704608498894
RP11-177B4.2,0.002960021994655447
AC005042.5,0.0029575115093948214
ST13P21,0.0029556114236774446
MTND5P24,0.0029527902030964948
LRRTM1,0.0029520249709685097
RP11-103J17.1,0.00295029110378797
AC140481.2,0.002949321064084453
AC007040.8,0.0029460157614262694
RPL6P8,0.0029398401326953937
RP11-466P24.6,0.00293884251625047
RP11-725D20.1,0.002936110926230698
ACTN4P2,0.0029341085408210615
RPL17P20,0.0029238540185643723
MTND2P22,0.002920504638589583
RP11-661C8.2,0.002903068105505484
AC012354.6,0.002902799162485113
RP11-289H16.1,0.0029024947629439496
AC093642.4,0.0028999322460627197
SRGAP2-AS1,0.002893679745096304
RP11-410C4.5,0.002881734209569159
KLF7P1,0.0028789541950320543
RP11-88H9.2,0.0028715324353094595
CTD-2353N24.1,0.0028703058586579708
MTRNR2L11,0.0028668275542239594
AC008074.4,0.0028646747691455083
RP11-326I19.3,0.002862655147949491
CBX3P6,0.002862655147949491
DARC,0.0028595715511697643
AC134915.1,0.002854742821500571
AC114783.1,0.002852414219383955
AL121657.4,0.0028412223578225437
RP11-540K16.2,0.002835923269255165
RP11-1263C18.1,0.0028306240639024162
AC018359.3,0.0028276536062341218
TUBB8P6,0.002826958403786262
RP11-450H5.1,0.0028106856485462205
KCNAB1-AS2,0.002804482776914851
AC018696.2,0.0028009178357522656
CADM2-AS1,0.0028000860085424227
SLMO2P1,0.002794144301925873
AC130710.1,0.0027813782720596037
RP11-531F16.3,0.0027787902521182023
AC079988.3,0.0027737274789606733
RP13-644M16.2,0.002761628683181685
GCNT1P2,0.0027545687902426424
EGFEM1P,0.0027504386311774155
AC007880.1,0.002750421101270734
AC011306.1,0.0027500522516931054
IL9,0.0027467717652432263
NFU1P1,0.0027420649021601545
AC016994.2,0.0027337444642463182
RP11-18H21.2,0.0027337444642463182
TRIM42,0.0027305469088872783
TRIML1,0.002729084610115317
AC110754.3,0.002727206775324599
RP11-60H5.1,0.0027252909012863463
RP11-301G23.1,0.0027241806719293014
CTC-555I19.1,0.0027220341339487166
RP11-386B13.4,0.0027216436564049956
RP11-488L4.1,0.0027193137649418418
AC012363.13,0.002719052245103068
CLRN1-AS1,0.0027127756836398003
RP11-393K10.1,0.002708448564795948
RP1-137K24.1,0.002704525560081411
AC017074.1,0.002700412280341308
CTD-2090I13.1,0.002697070286900223
PMCHL2,0.0026941704960899873
MTND1P29,0.0026901406618377688
GRM7-AS3,0.0026894990077865953
SULT1D1P,0.0026733770086904926
PGAM1P3,0.0026711893251889986
RP11-384C4.6,0.0026711893251889986
RP11-223J15.2,0.0026620963384559313
AC011753.5,0.0026617012065994036
FREM3,0.0026580733399840227
RP11-461G12.2,0.002654852407136551
AADACL3,0.002653263331195438
OR10AA1P,0.002646552732460032
RP11-294L11.1,0.002644103203519621
FMO8P,0.0026419390358289542
AL109659.1,0.002634114574736894
RP11-59E19.3,0.0026224844341193707
RP11-355B11.1,0.002614802049083759
RP11-553L6.3,0.002614445276012719
RP11-702L6.1,0.002613256028619311
RP11-10G15.4,0.002610520737292282
RP11-627H22.5,0.002607313233893549
AC067945.2,0.002606453420480412
PRKAR1AP,0.002598033142467408
AC113167.1,0.0025847599021069975
AMY1A,0.002583855963032617
RP11-767C1.1,0.002581976710396622
RP11-809F4.3,0.0025787994086398243
RP11-525J21.1,0.002577290408830534
PES1P1,0.002577290408830534
UBTFL8,0.0025751679621854747
RP11-293F5.1,0.0025739361978212973
RP11-616K6.1,0.00257391240892362
QRSL1P2,0.0025728181170869033
AC093326.3,0.002570558150791397
ADH1B,0.002567774794690385
AC011286.1,0.0025624747715464885
PADI6,0.0025591647459819286
RP11-646E18.4,0.0025586156604102527
RP11-454C18.2,0.002557449927382931
SLC5A7,0.00255325984395506
RP11-646E18.2,0.0025500033769331326
RP11-463J17.1,0.0025500033769331326
RP11-63B19.1,0.0025488851849061653
ARHGAP42P2,0.0025415752445843345
SYNPR,0.0025287518064191486
OR10X1,0.0025284713185861492
AC098826.5,0.002518858594862922
AC010731.6,0.0025099117542329995
RP11-395C17.1,0.0025089361477580448
RP11-14O19.1,0.0025078653556069755
TCTEX1D1,0.002492969175353371
AC073869.8,0.0024921836531660597
COL6A5,0.0024902863833056645
AC068538.4,0.0024835451920506794
RP11-61G23.1,0.002480665636044537
KRT18P54,0.002476001158101405
AC111200.2,0.0024722647508042274
GAPDHP20,0.0024635065749404415
VAV3-AS1,0.0024393485396544336
PRR23A,0.002439324737437566
KRT18P45,0.0024372063307009782
RP11-139K4.2,0.0024315174831758303
CD200R1L,0.002427901423860278
RP11-119H12.3,0.00242616175057966
CICP6,0.002423779472867215
RP11-644C3.1,0.0024190443924398683
RP4-792G4.3,0.002417259068885852
LCE4A,0.002411974433474148
CLSTN2-AS1,0.002407630052416699
SAMD7,0.0024045709876342907
RP11-434H14.1,0.0024025713039987377
RP11-702L6.4,0.0023941200764026538
XIRP2,0.002390087088370228
AC114973.1,0.002389406304926876
CTC-459I6.1,0.002388025485681926
RFC3P1,0.00238207358783825
RP11-1325J9.1,0.0023809784225865935
CLRN2,0.0023809784225865935
AC007563.3,0.0023806213024043163
RP5-836J3.1,0.0023785976113526014
AC008072.1,0.002378097637998446
AC018892.3,0.0023669312955370164
RP11-280O1.2,0.002365456694836184
AC097467.2,0.00235523384164938
RP3-455J7.4,0.0023525142833259465
MKI67IPP7,0.0023497403047665964
CD1A,0.0023478354102047304
RP11-778D9.9,0.0023475496747188376
ST6GALNAC2P1,0.0023441446340460165
CCDC141,0.002338140612115885
RP11-203B7.2,0.0023340229371660907
RP11-380P13.1,0.0023334291564585763
MROH2B,0.0023332372245859294
TMEM174,0.002327380163234073
RP11-48F14.1,0.0023252954671718557
AC007251.2,0.0023170216442968176
CFC1B,0.002316997829967651
RP11-74M11.2,0.0022989220738407383
CTB-179I1.1,0.0022944684180354054
RP11-224O19.4,0.002285370319314011
OR14A16,0.002284298531092115
CFHR2,0.0022830600143079935
CHMP1AP1,0.002281654766385226
AC079779.5,0.002272795543661875
UGT2A1,0.002264410038368856
RP11-71N10.1,0.0022632034838829316
OR2L8,0.002262504467678029
LINC00901,0.0022598604633308214
RP11-538P18.2,0.0022578833960371345
USP17L14P,0.002255742869092335
AC012456.3,0.002248687577918681
AC013269.4,0.0022353246218884838
XXyac-YX155B6.2,0.002234451093230646
OR2M1P,0.002234085852820932
RP11-400D2.2,0.0022339667400742415
XRCC6P3,0.0022265500949075834
RP1-79C4.1,0.002209785630647503
PCAT4,0.0022092376561476893
AC009237.2,0.0022054256250661443
FCGR1B,0.0022037816680109497
RP1-140J1.1,0.0022023997823711118
CTD-2503O16.3,0.0021989926855714597
AC018359.1,0.002190796394808794
AC104623.2,0.002186316908530031
CTD-2587M23.1,0.0021828143449430758
CTD-2170G1.2,0.002180622121980684
CYP4A11,0.0021741194803735773
RP11-439H8.4,0.0021644901325124895
RP11-111I12.1,0.0021551425092595816
OR4D12P,0.0021520031819118857
OR2L9P,0.002147308492677161
AC015969.3,0.0021340580123733605
RP11-389C8.2,0.0021142010810205007
OR14L1P,0.002112750852885471
RP11-497H16.4,0.002103908065649046
GK2,0.002102597112638148
RAPGEF4-AS1,0.0020966224863257017
RP11-690C23.2,0.002093396404942494
RPL7L1P7,0.0020871034902008607
RP11-346M5.1,0.0020828127720839973
EIF2B5-IT1,0.0020785219773996407
RP11-752D24.3,0.0020785219773996407
NANOGP2,0.0020785219773996407
AC079305.11,0.0020727292831157615
RP11-317O24.1,0.002067151001166147
RP11-701P16.4,0.0020645525265035355
MESTP4,0.002062144740512217
CTD-2194F4.2,0.0020504392195440494
FRG2C,0.002045671023225592
AC007392.3,0.002042810060047366
CTD-2049J23.3,0.0020421663386409757
RP11-261C10.2,0.0020413010542777448
TBC1D3P6,0.002038399341786907
GSX2,0.002036301242001136
RP11-93O17.2,0.00203608598141126
HSPA8P6,0.002035648888730407
RP11-710E1.1,0.0020285285764393263
RP11-407H12.8,0.002027908659778282
UNC93B4,0.0020231161731918057
RP11-60A8.1,0.0020231161731918057
RP11-124D9.1,0.0020231161731918057
RCC2P8,0.002017512896105652
C2orf83,0.0020164876014852223
UGT3A1,0.002008230694277362
OR6Y1,0.002005185226871886
ABCD1P5,0.002004398332908467
EMCN,0.002004360225914798
SAG,0.002004078620417396
EMCN-IT3,0.001992189223900936
PRAMEF2,0.0019804326014172895
RP1-251I12.1,0.0019780478208477584
RP11-386I14.2,0.0019731350983259355
NBPF7,0.0019690895375453613
CTB-49A3.1,0.0019637147913664312
GPR148,0.001960018114388384
VDAC1P9,0.0019520998795538368
ADAM20P2,0.0019508357998566338
FLJ14816,0.0019472552006106411
RP11-795A2.3,0.0019428934112187852
KRT18P46,0.0019417246892467202
RP11-84O12.2,0.001930466505046481
RP5-1166F10.1,0.0019271205341848587
RP11-180D21.3,0.0019247418024414447
TEDDM1P1,0.0019231197785903782
RP11-72K17.1,0.0019229528049257332
OR6N1,0.0019099046471440005
IL2,0.0019062071427873115
RP11-170N11.1,0.0019062071427873115
AC006499.1,0.0019033683750523745
RTP2,0.0018999808940653954
ADAD1,0.0018906590379136178
LMX1A,0.001890073707843399
PRR23C,0.0018786863334518669
RP11-339A11.1,0.0018733087780349955
DRD5P1,0.00187120923720902
RP11-412H9.1,0.001866461344328163
RP11-62I21.1,0.0018663659083342067
AC104820.2,0.0018616657851205417
RP11-59J16.1,0.0018597773842909404
RP11-795A2.2,0.0018481607997113418
RPSAP37,0.0018414558186941271
AC017048.2,0.0018392128295731155
ANKRD44-IT1,0.0018351563067482103
MTND4P10,0.0018278543932003183
CROCCP5,0.0018215545248968104
AC112198.1,0.0018193846372589779
OR7E163P,0.0018193352137930068
FGF12-AS1,0.0018165192841987678
RP1-65J11.5,0.0018088534362840029
FBXO40,0.0018083090292966284
AC104782.3,0.0018063983934231778
RP11-108M9.1,0.001806376891604169
WDR52-AS1,0.001804634743469602
LINC00486,0.0017971139664832738
SLC9B1P2,0.0017960670093746585
DUX4L4,0.0017819856689932905
TMPRSS11B,0.001771156205594228
LINC00608,0.0017691337077680618
RP11-66A2.2,0.0017683486699575576
RP11-451O13.1,0.0017644159542715308
AC034228.3,0.0017623658842795577
HNRNPCP9,0.0017602892440331858
AC017035.2,0.0017597163746021418
AC016712.1,0.001754178566401128
RP5-865N13.1,0.0017510992989063733
OR10K2,0.0017490941732917805
RP11-242F24.1,0.0017486804132487886
OR10T2,0.0017380179400354123
AC023481.1,0.0017342939194168394
RP11-618I10.2,0.0017337926045442196
RP11-214L19.1,0.0017190152823901546
RP11-673E1.1,0.0017100863794234152
AC007422.1,0.001698626338946039
RP11-669C19.1,0.0016960716304723717
AC009965.1,0.0016933975140223897
PSAT1P2,0.0016899115675686304
CD1E,0.0016894586436608785
AC104777.2,0.0016827962597349268
CTBP2P5,0.0016827962597349268
CTD-2285G11.1,0.0016814591314054
OR7E85P,0.0016676815011275777
CNN2P8,0.0016565298774043648
RP11-692E14.1,0.0016511329744283917
FAM58BP,0.0016468344694675334
OR5AC4P,0.0016457598312202921
UBTFL3,0.0016417601680458
AC093390.1,0.0016384991136809152
DAZL,0.001626399222264264
VN2R1P,0.0016254840894687162
FCRL4,0.0016178723750393399
AC018890.4,0.0016099596921833092
PRAMEF1,0.0016094342335075857
OR7E122P,0.0016000235518775047
RP11-752L20.5,0.0015981604798587185
RP11-83C7.2,0.0015958435624658714
RP11-205M3.3,0.0015949962146258676
LINC00309,0.001589601624230244
GABRA4,0.0015862223528060341
RP11-798L4.1,0.0015805561252045873
MTND4P21,0.0015678477031716806
OR10J5,0.0015647899374730413
AC013467.1,0.0015632610400416217
SLC7A15P,0.0015609676756664932
OR2T35,0.0015563092119376869
CLRN1,0.0015489380045969746
C1QTNF7,0.0015422530571788278
RP11-259P15.3,0.0015370771626839715
AC099344.2,0.0015338756535869871
SYCP1,0.001531912926260202
AC007563.1,0.001495549561042949
PSMC1P6,0.0014884048441814839
ASB17,0.001484461883316402
YIPF7,0.0014757154484282135
TRIM60,0.0014653913781736225
AC093590.1,0.0014606308384784682
C4orf51,0.0014604681700618651
AC011747.3,0.0014604681700618651
ZSWIM5P3,0.0014599660833502302
RP11-193H5.5,0.0014443116915690106
RP11-63H19.2,0.0014417781807981752
SPHKAP,0.0014376432426744653
OR2T2,0.0014355876978405045
RP11-1084J3.1,0.0014353486798588599
RCC2P5,0.0014311897289441295
AC010886.2,0.001428281530873367
RP11-466P24.7,0.0014274848557647322
ADAM29,0.0014210894285384748
SNTN,0.0014206271359664027
SALL4P5,0.001412616984034011
FTLP10,0.0014105612252442565
OR10K1,0.0014102504694793354
OR6K6,0.0014023858244988736
RP4-598G3.1,0.001401645047207409
RGS21,0.001385914655463891
GPR171,0.0013851496390620657
ACTRT2,0.0013828306682224728
ADH1A,0.0013828306682224728
RP11-1191J2.2,0.0013697531665587271
AC004069.1,0.0013584920787555795
RP11-45H22.1,0.001334533615097142
AC013410.1,0.0013342705847831666
ABCB11,0.0013329803771365623
HSD3BP2,0.0013242513067813916
LINC00879,0.0013233904424168694
SULT6B1,0.0013214295731919688
AC093802.1,0.0013148055430486152
RP11-572M11.1,0.0013119597845304047
AC009232.2,0.001299721243076764
SEPHS1P7,0.0012859637758272603
RP11-747D18.1,0.001276636095854425
ADAM30,0.0012749933929968934
KRT18P43,0.001271158904893692
AC006499.8,0.0012552767374972814
RP11-362F19.2,0.0012535784316092134
RP11-166J5.1,0.001247885431414723
FECHP1,0.0012468807703293343
RP11-404F10.2,0.0012449671185538094
RP11-404O13.5,0.00124415381193733
RP1-206D15.3,0.001237719024369877
IL5RA,0.001220225688126842
RTP1,0.0012161408961378775
OR2W5,0.0012144183900272695
RP11-586D19.2,0.0012128125734721061
AC092162.1,0.0012110690372657872
GJA8,0.0012054707292025678
DRD3,0.0011838897066551743
AC127383.1,0.0011829326319763233
PRAMEF22,0.0011372757445087742
SCN10A,0.001117389926998403
OR2C3,0.0011044156070018627
LINC00606,0.0011006099549687152
NR1H5P,0.0010996046783371385
RP11-201A3.1,0.0010925915601400157
RP11-2O17.2,0.0010834711920793634
CABS1,0.0010735617618142883
PRAMEF10,0.00106822357305172
AC073869.7,0.0010671463457020732
RP5-896L10.1,0.001066428191454496
DRD5,0.001047611785847406
DNAJB8-AS1,0.0010422251390984263
RP11-255G21.1,0.0010367186643592448
RP11-372E1.4,0.0010339414379565055
RP6-74O6.2,0.0010277643883562528
PMCHL1,0.0010250828290557397
AC008394.1,0.0010150506589517657
FMO10P,0.0010143562927884752
AC012361.1,0.0010109802080392064
FAM90A26,0.0009997262498429283
TRIM43,0.000978030963156729
ATP5BP1,0.0009622731149405363
AC006552.1,0.0009613151577390449
XXyac-YX155B6.5,0.0009608601267313676
AC114776.3,0.000941455966033098
CTD-2139B15.4,0.0009214607560271825
AMY2A,0.0009185863851335984
MTND5P19,0.0009170773266593649
HPGDS,0.0009165743050632782
RP11-33A14.1,0.0008939851553893263
UBTFL5,0.000888345320549053
FLYWCH1P1,0.0008780061826889133
RP11-152L7.2,0.0008766645714431226
AC096655.2,0.0008522986504351502
RP11-2A4.4,0.0008354782555940169
C1orf141,0.0008316923064969791
ANKRD30BL,0.0008084002195728829
EXOC7P1,0.000799245715915703
CTC-493L21.1,0.0007859207369497516
CTA-134P22.2,0.0007795216086950367
RP11-112L7.1,0.0007641342436695599
AC007364.1,0.0007571113339221472
RP11-147C23.1,0.0007564881306570763
TUSC7,0.0007489855953508049
RP11-781E19.1,0.0007463968068002736
LINC00989,0.0007306956865029417
RP11-63B13.1,0.0007263567228311441
RP11-382E9.1,0.0007168634684852951
MARK2P4,0.0006915942427430374
PRKRIRP9,0.0006908030381507849
AC079776.3,0.000679869762686303
RP11-483H11.1,0.0006723168807482859
AC079779.7,0.0006625811556405537
RP11-404K5.2,0.0006614307223979807
ZSWIM2,0.0006315272181355483
RP11-648F7.1,0.0006268267300838763
RP11-73G16.1,0.000620759127502343
TLR12P,0.0006083836215427743
RP11-386B13.3,0.0006000609754159611
FGF10,0.0005819756157969178
RP13-539F13.3,0.0005809441816078163
FMO2,0.0005748343137678391
TOPAZ1,0.0005683747211195845
AC007386.2,0.0005569560920239509
AC005235.1,0.0005498311684636444
RP11-416O18.1,0.0005378589913544429
AC087430.1,0.0005317900138771495
FCGR3A,0.0005258399745760222
RGS7BP,0.0005074371066098579
RP11-717H13.1,0.0005033100641232543
RP11-373E16.3,0.0004895367468764003
RP11-361D14.2,0.0004887448771278903
AC107070.1,0.0004737228539841866
RP11-545A16.1,0.000460283827077966
CTD-2281M20.1,0.00044792405892864114
BPESC1,0.00043100334609719816
AOX3P,0.00038601966111330107
TDRD15,0.0003476784692757035
C1orf87,0.0003429484183506628
C4orf40,0.00028423521880340175
IGKV1-17,0.0
IGKV2-14,0.0
IGKV2D-29,0.0
IGKV2D-30,0.0
IGKV3D-31,0.0
IGKV1D-32,0.0
IGKV1D-33,0.0
IGKV3D-34,0.0
IGKV1D-35,0.0
IGKV2D-36,0.0
IGKV1D-37,0.0
IGKV2D-38,0.0
IGKV2-38,0.0
IGKV2-36,0.0
IGKV1-35,0.0
IGKV3-34,0.0
IGKV2D-14,0.0
IGKV1D-16,0.0
AC073416.1,0.0
IGKV1D-17,0.0
IGKV6D-41,0.0
IGKV2D-18,0.0
IGKV2D-19,0.0
IGKV6D-21,0.0
IGKV1D-22,0.0
IGKV2D-23,0.0
IGKV3D-25,0.0
IGKV2D-26,0.0
IGKV2D-28,0.0
AC018696.5,0.0
IGKV1OR2-118,0.0
RP11-685N3.1,0.0
AC233263.1,0.0
AC233263.2,0.0
AC113612.1,0.0
AC113612.2,0.0
IGKV3D-7,0.0
IGKV2D-10,0.0
PIGPP2,0.0
MIR3116-1,0.0
RN7SL180P,0.0
RNU6-1177P,0.0
PABPC1P6,0.0
AC127391.3,0.0
AC027612.2,0.0
RP11-165D20.1,0.0
RNA5SP100,0.0
AC018696.4,0.0
AC018696.7,0.0
AC018696.6,0.0
AC073464.4,0.0
CNN2P11,0.0
AC128677.4,0.0
AC128677.3,0.0
CHEK2P3,0.0
ACTR3BP2,0.0
RP11-5P4.3,0.0
RP11-5P4.2,0.0
RP4-771M4.2,0.0
RNU6-371P,0.0
RP5-1155K23.4,0.0
RN7SL575P,0.0
AC103563.7,0.0
AC103563.6,0.0
AC103563.5,0.0
AC103563.4,0.0
AC097374.4,0.0
AC097374.3,0.0
RNU6-1320P,0.0
AC073464.6,0.0
RP11-440D17.2,0.0
AC009237.14,0.0
AC009237.13,0.0
AC009237.6,0.0
AC009237.4,0.0
AC133104.2,0.0
IGKV1OR2-11,0.0
IGKV1OR2-3,0.0
IGKV2OR2-2,0.0
AC018892.8,0.0
TRIM43CP,0.0
AC079395.1,0.0
snoU13,0.0
MIR3127,0.0
AC008268.2,0.0
RNU7-46P,0.0
AC092675.1,0.0
RNU7-96P,0.0
AC159540.3,0.0
IGKV1OR2-9,0.0
IGKV2OR2-8,0.0
IGKV2OR2-7D,0.0
IGKV3OR2-5,0.0
IGKV2OR2-7,0.0
IGKV2OR2-10,0.0
MIR4711,0.0
RP11-145M4.2,0.0
AC092168.3,0.0
snoU13,0.0
RN7SL611P,0.0
NMS,0.0
RP11-292K15.1,0.0
AC018690.1,0.0
AC007271.3,0.0
MIR5696,0.0
RN7SL548P,0.0
RNU6-414P,0.0
AC099791.1,0.0
RP5-833A20.1,0.0
AC096534.1,0.0
RP11-575B7.3,0.0
PGBD4P8,0.0
RN7SL475P,0.0
AC013727.2,0.0
AC013727.1,0.0
AC018880.2,0.0
AC018880.1,0.0
AC092568.1,0.0
AC073987.2,0.0
AC108051.2,0.0
AC108051.1,0.0
AC007278.2,0.0
MIR4772,0.0
AC007248.7,0.0
AC007248.6,0.0
AC068057.2,0.0
SNORA72,0.0
AC068057.1,0.0
AC068535.5,0.0
AC013402.5,0.0
AC013402.3,0.0
AC013402.4,0.0
AC013402.1,0.0
U3,0.0
AC068535.4,0.0
AC068535.3,0.0
AC096554.1,0.0
RP11-76I14.1,0.0
AC108868.6,0.0
AC108868.5,0.0
AC108868.1,0.0
AC114755.5,0.0
AC114755.4,0.0
AC009505.4,0.0
AC012360.1,0.0
AC010884.2,0.0
AC018730.4,0.0
HMGB3P11,0.0
RP11-443K8.2,0.0
GACAT1,0.0
AC096669.1,0.0
AC005040.3,0.0
PPP1R2P5,0.0
MIR4436B1,0.0
MIR4267,0.0
AC013268.4,0.0
GPAA1P1,0.0
AC011753.6,0.0
MIR4266,0.0
MIR4265,0.0
AC010095.6,0.0
RP11-465O11.1,0.0
RN7SL297P,0.0
AC093166.4,0.0
MIR4771-1,0.0
AC093166.1,0.0
RP11-68E19.1,0.0
MIR4435-2,0.0
RP13-1039J1.3,0.0
AC140479.1,0.0
MIR4436B2,0.0
AC013268.1,0.0
AC110769.1,0.0
snoU13,0.0
MIR4782,0.0
RNU6-744P,0.0
MIR1302-3,0.0
AC016745.1,0.0
RNU6-1180P,0.0
AC079753.1,0.0
snoU13,0.0
AL137855.1,0.0
RP6-102O10.1,0.0
AL161740.1,0.0
AC062016.1,0.0
RP11-338I24.1,0.0
AC017040.1,0.0
AC068542.2,0.0
AC068542.1,0.0
snoU13,0.0
U3,0.0
RN7SL111P,0.0
RNU7-190P,0.0
AC062016.2,0.0
RP11-145M4.1,0.0
RP11-63G10.2,0.0
AL136985.1,0.0
Y_RNA,0.0
RN7SL713P,0.0
RP4-592A1.4,0.0
RP11-414C16.1,0.0
RP11-393I23.3,0.0
RP11-393I23.4,0.0
RP4-737A23.2,0.0
Y_RNA,0.0
AC067960.1,0.0
Y_RNA,0.0
AC016764.1,0.0
Y_RNA,0.0
Y_RNA,0.0
snoU13,0.0
AC013275.1,0.0
RN7SL468P,0.0
AC097499.2,0.0
AC097499.1,0.0
snosnR60_Z15,0.0
RNU6-259P,0.0
RNA5SP102,0.0
RP11-56O18.1,0.0
MTND5P22,0.0
AC079154.1,0.0
RN7SKP102,0.0
AC092646.2,0.0
AC092646.1,0.0
AC092646.3,0.0
AC062020.1,0.0
AC062020.2,0.0
RP11-416H1.1,0.0
snoU13,0.0
AC108059.1,0.0
AC012306.2,0.0
Y_RNA,0.0
RNY4P7,0.0
RNU4-48P,0.0
MIR4783,0.0
RNU6-1147P,0.0
MKI67IPP9,0.0
RNU7-182P,0.0
RNU6-675P,0.0
AC023347.1,0.0
AC114813.1,0.0
AC018804.1,0.0
RNU6-1049P,0.0
AC018865.11,0.0
CYP4F27P,0.0
snoU13,0.0
AC068483.1,0.0
AC012451.1,0.0
RNA5SP103,0.0
Y_RNA,0.0
RN7SL206P,0.0
Y_RNA,0.0
AC013269.3,0.0
RNU6-473P,0.0
AC132479.4,0.0
AC068137.6,0.0
AC131180.1,0.0
RNU6-127P,0.0
SCARNA4,0.0
AC140481.8,0.0
AC010984.4,0.0
RNU6-848P,0.0
CFC1,0.0
RP11-90C4.3,0.0
PIGQP1,0.0
RP11-90C4.2,0.0
MTND1P26,0.0
MTATP6P4,0.0
AC073869.10,0.0
MTND5P23,0.0
MTND6P10,0.0
AC073869.13,0.0
RN7SL701P,0.0
RNU6-617P,0.0
AC073869.19,0.0
MED15P3,0.0
RP5-1103B4.3,0.0
C8B,0.0
C8A,0.0
RP11-378I13.1,0.0
AC119674.1,0.0
AC016909.2,0.0
RNU6-175P,0.0
MIR663B,0.0
RNA5-8SP5,0.0
AC098826.4,0.0
RP11-629P16.1,0.0
RP1-156L9.1,0.0
AJ239322.3,0.0
Y_RNA,0.0
MIR128-1,0.0
RNU6-512P,0.0
snoU13,0.0
MIR5590,0.0
AC110620.2,0.0
AC016906.1,0.0
RNA5SP104,0.0
MIR3679,0.0
RN7SKP93,0.0
AC011243.1,0.0
RNU6-579P,0.0
SNORA72,0.0
AC062021.1,0.0
YY1P2,0.0
RN7SKP286,0.0
AC114763.1,0.0
AC020601.1,0.0
Y_RNA,0.0
RNA5SP105,0.0
AC092786.1,0.0
AC010146.1,0.0
AC010146.2,0.0
RN7SKP141,0.0
AC068492.1,0.0
AC016706.1,0.0
AC012003.1,0.0
AC012353.1,0.0
AC068287.1,0.0
RNU6-904P,0.0
Y_RNA,0.0
AC010740.1,0.0
MTND1P27,0.0
MTND2P19,0.0
AC092156.3,0.0
AC073928.2,0.0
RN7SL283P,0.0
AC078851.2,0.0
AC078851.1,0.0
AC012497.2,0.0
MRPS18BP2,0.0
SNORD112,0.0
RP5-866L20.1,0.0
AC096558.1,0.0
RP11-190J23.1,0.0
AC013437.6,0.0
MTND3P9,0.0
AC013437.4,0.0
MTND4P22,0.0
MTND6P11,0.0
AC013437.2,0.0
AC013444.2,0.0
AC092578.1,0.0
Y_RNA,0.0
AC079584.2,0.0
CTD-2252P21.1,0.0
RP11-570L15.1,0.0
RP11-570L15.2,0.0
Y_RNA,0.0
RNU6-830P,0.0
RN7SKP291,0.0
RP4-633H17.2,0.0
GOT2P1,0.0
MIR4422,0.0
RP11-67L3.5,0.0
RP11-67L3.2,0.0
RPL17P12,0.0
RNU7-2P,0.0
AC062031.1,0.0
AC079248.1,0.0
AC079163.1,0.0
AC092484.1,0.0
snR65,0.0
AC064865.1,0.0
RP11-514A9.1,0.0
AC023128.2,0.0
AC023128.1,0.0
AC010090.1,0.0
AC009951.2,0.0
SNORA48,0.0
AC009480.1,0.0
AC009480.3,0.0
RNU6-1275P,0.0
AC009480.4,0.0
RNA5SP106,0.0
RNU6-715P,0.0
Y_RNA,0.0
AC013406.1,0.0
RNU6-692P,0.0
snoU13,0.0
AC062032.1,0.0
AC103881.1,0.0
RP11-638D14.1,0.0
AC093084.1,0.0
AC023469.2,0.0
AC104777.1,0.0
AC113610.1,0.0
AC016682.1,0.0
RNU6-601P,0.0
AC007394.3,0.0
AC105402.1,0.0
AC105402.4,0.0
UBBP3,0.0
RNU2-9P,0.0
AC009297.1,0.0
AC008166.1,0.0
DNAJA1P2,0.0
SNORD56,0.0
AC079150.2,0.0
AC011901.2,0.0
ATP5F1P4,0.0
UBQLN4P2,0.0
AC009969.1,0.0
RP11-17G11.1,0.0
Y_RNA,0.0
AC079790.2,0.0
MIR4773-1,0.0
AC019201.1,0.0
AC108057.1,0.0
snoU13,0.0
snoU13,0.0
RNU6-546P,0.0
AC092662.6,0.0
MTND6P9,0.0
MTND5P30,0.0
MTND4P28,0.0
MTND2P20,0.0
AC092662.2,0.0
RNU6-1001P,0.0
RNA5SP107,0.0
RNU6-580P,0.0
RNU2-21P,0.0
OR7E90P,0.0
OR7E28P,0.0
OR7E89P,0.0
AC005042.3,0.0
snoZ5,0.0
CCDC148-AS1,0.0
RNU6-932P,0.0
AC005539.2,0.0
RNU6-436P,0.0
AC013731.1,0.0
RPEP5,0.0
AC092841.1,0.0
AC062022.1,0.0
snoU13,0.0
AC009487.4,0.0
AC009313.2,0.0
RN7SL423P,0.0
Y_RNA,0.0
PRPS1P1,0.0
AC092684.1,0.0
RNU6-627P,0.0
RNA5SP109,0.0
AC008063.3,0.0
EIF3EP2,0.0
AC099796.1,0.0
AL353898.1,0.0
RP4-654H19.2,0.0
AL049745.1,0.0
RNU7-95P,0.0
AC092601.1,0.0
snoU13,0.0
RN7SKP152,0.0
Y_RNA,0.0
AC009495.1,0.0
RNA5SP111,0.0
RNA5SP110,0.0
AC110086.1,0.0
CYP2C56P,0.0
U3,0.0
SNORA51,0.0
UBE2V1P6,0.0
AC007556.3,0.0
G6PC2,0.0
RNU6-766P,0.0
MIR4774,0.0
RN7SL813P,0.0
RN7SL95P,0.0
CTAGE14P,0.0
RNU7-148P,0.0
AC073465.2,0.0
AC019046.1,0.0
ALDH7A1P2,0.0
snoU13,0.0
AC018712.2,0.0
Y_RNA,0.0
snoU13,0.0
RNU6-182P,0.0
AC068039.1,0.0
RPL21P38,0.0
snoU13,0.0
AC010092.1,0.0
Y_RNA,0.0
AC096649.4,0.0
AC007435.1,0.0
RNU6-1290P,0.0
RNU6-763P,0.0
Y_RNA,0.0
Y_RNA,0.0
RN7SL65P,0.0
RNA5SP112,0.0
RNU6-187P,0.0
AC073636.1,0.0
RNU6ATAC14P,0.0
AC017048.1,0.0
AC068706.1,0.0
AC068706.2,0.0
MIR10B,0.0
AC016751.3,0.0
EXTL2P1,0.0
snoU13,0.0
MIR3128,0.0
Y_RNA,0.0
AC079305.5,0.0
TUBBP10,0.0
MIR1273G,0.0
MIR1273F,0.0
RP4-631H13.4,0.0
RNU2-30P,0.0
RN7SL62P,0.0
NDUFS5P3,0.0
AC093911.1,0.0
snoU13,0.0
ACA59,0.0
RPS6P2,0.0
RP11-171I2.5,0.0
RNU5E-9P,0.0
CYCTP,0.0
RNU6-629P,0.0
RN7SL267P,0.0
AC064837.1,0.0
RNA5SP113,0.0
RNU6ATAC19P,0.0
AC013733.4,0.0
MIR4437,0.0
AC068196.1,0.0
AC104076.2,0.0
AC009478.2,0.0
SNORA43,0.0
MIR1258,0.0
AC092642.1,0.0
AC018867.2,0.0
AC018867.1,0.0
U8,0.0
MIR548AE1,0.0
snoU13,0.0
AC093639.1,0.0
SNORA77,0.0
Y_RNA,0.0
RNU6-1122P,0.0
Y_RNA,0.0
AC008122.1,0.0
AC013468.1,0.0
Y_RNA,0.0
MIR3129,0.0
MIR1245A,0.0
DIRC1,0.0
MIR561,0.0
AC068718.2,0.0
RNU6-989P,0.0
GLULP6,0.0
AC068135.1,0.0
AC074290.1,0.0
AC092638.2,0.0
AC092638.1,0.0
RPS17P8,0.0
AC013401.1,0.0
AC098872.3,0.0
RNU6-1045P,0.0
RNU6-959P,0.0
AC013264.2,0.0
SCARNA16,0.0
snoU13,0.0
AC114760.1,0.0
RNU6-915P,0.0
RNU6-169P,0.0
RP11-762E8.1,0.0
AC064834.1,0.0
AC010983.1,0.0
SNORD59,0.0
AC073973.1,0.0
AC106883.1,0.0
Y_RNA,0.0
MIR761,0.0
SNORA26,0.0
RNU7-147P,0.0
AC018717.2,0.0
AC018717.1,0.0
AC019330.2,0.0
AC019330.1,0.0
AC109589.1,0.0
AC020550.7,0.0
RNU6-1029P,0.0
AC010746.3,0.0
RNU1-133P,0.0
AC105381.1,0.0
Y_RNA,0.0
AC108032.1,0.0
snoU13,0.0
DNAJC19P7,0.0
RN7SL290P,0.0
RNA5SP48,0.0
AL589663.1,0.0
AC007163.11,0.0
AC007163.10,0.0
AC007163.9,0.0
MTND4P23,0.0
RNU7-45P,0.0
IMPDH1P10,0.0
AC007272.1,0.0
AC007272.3,0.0
RNU6-1206P,0.0
RNU6-762P,0.0
RNA5SP115,0.0
AC005037.2,0.0
Y_RNA,0.0
SNORD11,0.0
SNORD11B,0.0
SNORD70,0.0
snoU13,0.0
AC007358.1,0.0
RNU6-440P,0.0
AC007242.1,0.0
UBE2V1P11,0.0
Y_RNA,0.0
RNU6-651P,0.0
MTND5P31,0.0
MTND4P29,0.0
AC009960.6,0.0
AC009960.7,0.0
AC009960.5,0.0
RNU6-1281P,0.0
RNU6-877P,0.0
snoU13,0.0
AL162430.1,0.0
AL162430.2,0.0
MIR4421,0.0
RNU6-1253P,0.0
RNU6-1026P,0.0
RN7SKP178,0.0
AC016903.2,0.0
AC016903.1,0.0
AC106901.1,0.0
DSTNP5,0.0
AC009965.2,0.0
RNU6-474P,0.0
AC125238.3,0.0
MIR3130-1,0.0
HMGN1P6,0.0
Y_RNA,0.0
Vault,0.0
CRYGA,0.0
CRYGB,0.0
CRYGC,0.0
CRYGD,0.0
CRYGEP,0.0
snoU13,0.0
RNA5SP116,0.0
RNU6-360P,0.0
Y_RNA,0.0
RNU6-664P,0.0
AC079767.3,0.0
MIR1302-4,0.0
AC007879.6,0.0
AC007879.1,0.0
MIR2355,0.0
Y_RNA,0.0
AC006994.3,0.0
SNAI1P1,0.0
RNA5SP118,0.0
CRYGFP,0.0
RNA5SP117,0.0
AC012362.1,0.0
AC016697.3,0.0
AC016697.6,0.0
AC016697.1,0.0
AC073284.4,0.0
MIR4438,0.0
RP11-105N14.3,0.0
MIR4776-2,0.0
AC093381.2,0.0
AC093865.1,0.0
MIR548F2,0.0
RNA5SP119,0.0
RP5-926E3.1,0.0
AGBL4-IT1,0.0
RP11-141A19.2,0.0
snoU13,0.0
RP11-141A19.1,0.0
AC122136.1,0.0
AC093850.1,0.0
AC012668.3,0.0
AC012668.1,0.0
AC012462.2,0.0
AC012462.1,0.0
snoU13,0.0
FABP5P14,0.0
Y_RNA,0.0
RP11-567C20.3,0.0
RP11-567C20.2,0.0
RP11-492I2.1,0.0
AL645730.1,0.0
ZNF859P,0.0
MIR26B,0.0
RP11-378A13.2,0.0
snoU13,0.0
snoU13,0.0
AC010887.1,0.0
RP11-574O16.1,0.0
AC007557.1,0.0
AC007557.2,0.0
TNP1,0.0
AC053503.6,0.0
AC053503.2,0.0
MIR153-1,0.0
MIR3131,0.0
AC097468.4,0.0
MIR375,0.0
RNU6-642P,0.0
U3,0.0
RNU6-136P,0.0
RNU6-619P,0.0
Y_RNA,0.0
AC079834.2,0.0
AC011233.2,0.0
AC019051.1,0.0
AC114765.3,0.0
MIR4268,0.0
MIR3132,0.0
MIR5703,0.0
AC079235.1,0.0
MIR5702,0.0
MIR4439,0.0
AC104802.1,0.0
RN7SL807P,0.0
AC013476.1,0.0
snoU13,0.0
RNU6-613P,0.0
AC007559.1,0.0
RNU7-9P,0.0
RN7SKP283,0.0
RPL7L1P10,0.0
AC074019.1,0.0
SNORD112,0.0
RNU6-624P,0.0
SNORA25,0.0
SNRPGP8,0.0
RNA5SP121,0.0
AL356458.1,0.0
RPL21P24,0.0
RP4-666O22.3,0.0
MIR4777,0.0
RNU6-268P,0.0
HMGB1P3,0.0
RNY4P19,0.0
RNU6-1027P,0.0
FBXO36-IT1,0.0
RNU6-964P,0.0
AC017104.1,0.0
SNORD82,0.0
SNORD20,0.0
RP11-329A14.2,0.0
RNU4-61P,0.0
RNU6-723P,0.0
RP5-1024N4.2,0.0
CYP46A4P,0.0
RP11-193P11.3,0.0
RP4-683M8.2,0.0
RP11-543D5.1,0.0
AL591415.1,0.0
ATP6V0E1P4,0.0
Y_RNA,0.0
RNU6-107P,0.0
AC064852.4,0.0
snoU13,0.0
AC068134.8,0.0
MIR562,0.0
MIR1471,0.0
AC092576.1,0.0
AC114814.4,0.0
AC097713.4,0.0
AC097713.3,0.0
AC006037.2,0.0
AC005538.5,0.0
UGT1A11P,0.0
Y_RNA,0.0
RNU6-234P,0.0
AC012485.1,0.0
PRLH,0.0
RNU6-1140P,0.0
RNU6-1051P,0.0
Y_RNA,0.0
RN7SL204P,0.0
RNU7-127P,0.0
AC064874.1,0.0
AC012305.1,0.0
AC017028.7,0.0
MIR4441,0.0
AC017028.8,0.0
AC017028.5,0.0
AC017028.9,0.0
AC017028.3,0.0
AC017028.2,0.0
AC017028.10,0.0
AC017028.6,0.0
MIR4440,0.0
AC114788.1,0.0
AC144525.1,0.0
AC113618.2,0.0
AC124861.2,0.0
AC013469.1,0.0
OR9S24P,0.0
OR6B3,0.0
PRR21,0.0
OR6B2,0.0
MIR4786,0.0
RP11-315F22.1,0.0
AC079612.2,0.0
AC079612.1,0.0
MIR2467,0.0
MIR4269,0.0
AC017028.1,0.0
AY269186.2,0.0
AY269186.1,0.0
AC134873.1,0.0
CICP10,0.0
MIR3133,0.0
AC005237.2,0.0
AC011298.1,0.0
AC024158.1,0.0
SNORA43,0.0
CNTN4-AS1,0.0
DNAJC19P4,0.0
AC026882.1,0.0
CNTN4-AS2,0.0
RN7SKP144,0.0
RP11-204C23.1,0.0
RN7SL120P,0.0
AC087431.1,0.0
RPS8P6,0.0
RNU6-1194P,0.0
AC024162.2,0.0
AC091069.1,0.0
AC026167.1,0.0
AC026202.5,0.0
RN7SL553P,0.0
MIR4790,0.0
AC026202.1,0.0
AC090955.5,0.0
Y_RNA,0.0
RNF10P1,0.0
snoU13,0.0
CYP4Z2P,0.0
KNCN,0.0
AC034187.1,0.0
AC034187.4,0.0
RNU4ATAC17P,0.0
AC018832.1,0.0
AC069276.1,0.0
SRGAP3-AS3,0.0
hsa-mir-548ba,0.0
AC034187.3,0.0
AC034187.5,0.0
RP11-346M5.3,0.0
RP11-346M5.4,0.0
RP11-346M5.5,0.0
SLC6A1-AS1,0.0
AC018495.3,0.0
ATP2B2-IT1,0.0
AC090841.1,0.0
MIR378B,0.0
RNU6-814P,0.0
snoU13,0.0
RNU6-670P,0.0
RNU6-882P,0.0
AC018506.1,0.0
snoU13,0.0
RNU6-377P,0.0
AC026166.2,0.0
RN7SL147P,0.0
AC090958.5,0.0
MARK2P14,0.0
NUP210P2,0.0
CYCSP12,0.0
AC083855.5,0.0
RNU6-454P,0.0
snoU13,0.0
Y_RNA,0.0
AC090954.1,0.0
RNU6-905P,0.0
RP11-536I6.2,0.0
VN1R21P,0.0
AC093611.1,0.0
AC093611.2,0.0
HDAC11-AS1,0.0
AC027124.3,0.0
AC090644.1,0.0
PLCL2-AS1,0.0
AC091493.1,0.0
AC091493.2,0.0
AC010139.1,0.0
LINC00690,0.0
RP11-194G10.3,0.0
MIR563,0.0
MIR3134,0.0
MIR4270,0.0
AC104183.1,0.0
AC104441.1,0.0
RNU6-815P,0.0
AC107622.1,0.0
RNU6-822P,0.0
RNY4P22,0.0
MIR3135A,0.0
MIR4791,0.0
RNU6-138P,0.0
RP11-158G18.1,0.0
U7,0.0
AC020626.1,0.0
RNU6-788P,0.0
RNU6-922P,0.0
AC092038.2,0.0
AC092038.1,0.0
Y_RNA,0.0
RP11-1037D22.1,0.0
AC092421.1,0.0
ZNF385D-AS2,0.0
AC023798.1,0.0
RPEP2,0.0
LINC00692,0.0
AC092798.1,0.0
CRIP1P2,0.0
MIR4442,0.0
SNORD5,0.0
AC133141.1,0.0
RNA5SP126,0.0
CFL1P7,0.0
RNA5SP125,0.0
RN7SL216P,0.0
MIR4792,0.0
RP11-317L10.1,0.0
MIR5584,0.0
AL390776.1,0.0
RP5-891H21.1,0.0
RN7SL859P,0.0
AC099535.1,0.0
RNU6-342P,0.0
AC114877.1,0.0
AC114877.3,0.0
LRRC3B,0.0
VENTXP4,0.0
HMGB3P12,0.0
FAM96AP1,0.0
AC098614.3,0.0
Y_RNA,0.0
AC137675.1,0.0
RNU1-96P,0.0
AL592294.1,0.0
AL359473.1,0.0
RNA5SP47,0.0
SNORD38A,0.0
AC099540.1,0.0
AC115283.1,0.0
RNA5SP127,0.0
hsa-mir-466,0.0
AC137674.2,0.0
AC137674.1,0.0
AC098650.1,0.0
AC097361.1,0.0
AC112220.2,0.0
AC132515.1,0.0
RNA5SP128,0.0
RNU7-110P,0.0
AC123900.2,0.0
RN7SL296P,0.0
AC104306.4,0.0
AC104306.2,0.0
RP11-384L8.2,0.0
snoU13,0.0
Y_RNA,0.0
SNORA25,0.0
RNU6-1301P,0.0
Y_RNA,0.0
RNU6ATAC4P,0.0
AC104308.2,0.0
MIR128-2,0.0
ARPP21-AS1,0.0
RNU6-243P,0.0
SDAD1P3,0.0
AC116038.2,0.0
Y_RNA,0.0
DLEC1P1,0.0
RNU6-235P,0.0
PPP2R2DP1,0.0
MIR26A1,0.0
RNU7-73P,0.0
RNA5SP129,0.0
AC097359.1,0.0
RP11-259K5.2,0.0
snoU13,0.0
RNU6-870P,0.0
RNU6-880P,0.0
Y_RNA,0.0
ATP6V0E1P1,0.0
SNORA64,0.0
RNU4-56P,0.0
Y_RNA,0.0
RNA5SP192,0.0
AC099332.1,0.0
MIR551A,0.0
RP1-163G9.2,0.0
RP11-331G2.6,0.0
RP11-740P5.3,0.0
RP11-740P5.2,0.0
RNU6-1227P,0.0
AC116038.1,0.0
RP11-372H2.1,0.0
RP13-436F16.1,0.0
RP11-153F1.2,0.0
RP11-347K2.2,0.0
RP11-347K2.1,0.0
SOD2P1,0.0
RP5-936J12.1,0.0
Y_RNA,0.0
RP11-82O2.2,0.0
RP4-675G8.2,0.0
RN7SL479P,0.0
KRT8P47,0.0
RNU6-352P,0.0
AC009009.1,0.0
CTB-138E5.1,0.0
RNA5SP46,0.0
RN7SL567P,0.0
AC092048.1,0.0
LYZL4,0.0
EIF4BP4,0.0
SALL4P6,0.0
RNU4-78P,0.0
C5orf20,0.0
RP11-193I22.2,0.0
RP5-947P14.2,0.0
RPL36P20,0.0
U8,0.0
Y_RNA,0.0
ATP6V0E1P2,0.0
RN7SKP58,0.0
RP5-947P14.1,0.0
AC099537.1,0.0
RP11-272D20.2,0.0
AC098649.1,0.0
RP11-24P14.1,0.0
EI24P3,0.0
AC099669.1,0.0
RP11-251P6.1,0.0
RP11-414B7.1,0.0
MIR138-1,0.0
RNU6-367P,0.0
RP4-672N11.1,0.0
RP11-364B6.2,0.0
AC104434.1,0.0
RP11-70C1.3,0.0
AMY1C,0.0
AMYP1,0.0
KLHL40,0.0
MIR30C1,0.0
SNORD77,0.0
RP5-1108M17.5,0.0
AC104304.2,0.0
RP5-964H19.2,0.0
RP11-356N1.2,0.0
AL390036.1,0.0
AL591042.1,0.0
AC114491.1,0.0
RP11-233E12.1,0.0
Y_RNA,0.0
RP11-233E12.4,0.0
RP11-110F24.1,0.0
AC099539.1,0.0
U3,0.0
RNU5B-3P,0.0
RP11-478L17.1,0.0
AC109583.1,0.0
RP11-427P5.2,0.0
SNORA25,0.0
RNU6-536P,0.0
AC000032.2,0.0
MIR197,0.0
RNU7-122P,0.0
RP11-475E11.2,0.0
AL451006.1,0.0
CHIAP3,0.0
RNA5SP45,0.0
RP5-1125M8.2,0.0
UBE2V1P8,0.0
RNA5SP54,0.0
CCNT2P1,0.0
Y_RNA,0.0
RNA5SP130,0.0
C3orf84,0.0
AL365361.1,0.0
MIR191,0.0
MIR4793,0.0
MIR711,0.0
AC104448.1,0.0
RN7SL321P,0.0
KCNA10,0.0
RNU7-70P,0.0
MIR4443,0.0
AC026318.1,0.0
RN7SL870P,0.0
AC099778.1,0.0
Y_RNA,0.0
IQCF6,0.0
RNU6ATAC29P,0.0
snoU13,0.0
RP5-965F6.1,0.0
snoU13,0.0
RP5-965F6.2,0.0
KCND3-IT1,0.0
MIR4787,0.0
RNA5SP131,0.0
ZMYND10-AS1,0.0
RNU6-792P,0.0
MIR566,0.0
Y_RNA,0.0
RN7SL217P,0.0
AC139451.1,0.0
AMIGO3,0.0
RNU7-121P,0.0
RP1-144F13.3,0.0
AL512638.1,0.0
SNORD19,0.0
SNORD19B,0.0
SNORD19B,0.0
RNU6ATAC16P,0.0
RNU6-856P,0.0
MIRLET7G,0.0
RP4-666F24.3,0.0
IQCF5,0.0
IQCF5-AS1,0.0
RN7SL504P,0.0
Y_RNA,0.0
RP4-543J13.1,0.0
RP11-314A5.3,0.0
snoU13,0.0
AC097015.1,0.0
AC096887.1,0.0
ITIH4-AS1,0.0
RP5-1073O3.2,0.0
RP5-837M10.4,0.0
SNORD69,0.0
MIR30E,0.0
AC104457.1,0.0
RP5-837M10.2,0.0
RP1-63P18.2,0.0
RP11-656D10.5,0.0
Y_RNA,0.0
RNU6-1237P,0.0
Y_RNA,0.0
Y_RNA,0.0
RP11-58O15.1,0.0
RNU6-817P,0.0
RP11-875H7.2,0.0
RP11-875H7.1,0.0
RP5-1185H19.2,0.0
RP11-889D3.2,0.0
RP11-12L8.2,0.0
SNORA42,0.0
RN7SL420P,0.0
RP11-710N8.3,0.0
AC024149.1,0.0
SNORD63,0.0
RP11-72H11.1,0.0
SNORA26,0.0
SNORD38,0.0
Y_RNA,0.0
CTD-2185K10.1,0.0
MIR320B1,0.0
AL355794.1,0.0
MIR548AC,0.0
RNU6-965P,0.0
RP11-411H5.1,0.0
RP11-157N3.1,0.0
RNU6-483P,0.0
RP5-1033H2.1,0.0
RNU6-1181P,0.0
Y_RNA,0.0
snoU13,0.0
SCARNA16,0.0
RNA5SP133,0.0
RN7SKP45,0.0
MIR3938,0.0
snoU13,0.0
RNU6-139P,0.0
RN7SL863P,0.0
RP11-1036F1.1,0.0
FEZF2,0.0
RNU2-10P,0.0
Y_RNA,0.0
U3,0.0
RP4-712E4.2,0.0
RP4-712E4.1,0.0
RP4-630J13.1,0.0
RNA5SP56,0.0
NPCDR1,0.0
RP11-719N22.1,0.0
RP11-719N22.2,0.0
RP11-285B24.1,0.0
AC104438.1,0.0
AC104331.1,0.0
RP11-543A18.1,0.0
RP11-134N8.2,0.0
RNU6-739P,0.0
SNORA40,0.0
MIR942,0.0
RNA5SP55,0.0
AL157904.1,0.0
U3,0.0
RP11-439A17.4,0.0
RNA5SP134,0.0
RNU6-465P,0.0
AC099545.1,0.0
PFN1P9,0.0
UBL5P3,0.0
RNA5SP135,0.0
AC096922.1,0.0
HAO2-IT1,0.0
RP11-1008M1.1,0.0
RNU1-75P,0.0
AC113171.1,0.0
RP11-435B5.7,0.0
RPL21P41,0.0
RP11-814M22.2,0.0
MIR3118-3,0.0
RNU6-787P,0.0
AC106827.1,0.0
Y_RNA,0.0
AC106827.2,0.0
RP11-435B5.1,0.0
MIR3118-2,0.0
RP11-648C16.1,0.0
RN7SL271P,0.0
MIR3118-1,0.0
MIR1284,0.0
AL583842.1,0.0
AC096971.1,0.0
RNU6-281P,0.0
RP11-417J8.1,0.0
AC134025.1,0.0
RP11-439A17.10,0.0
AC099326.1,0.0
RN7SL418P,0.0
RP11-444P10.1,0.0
RP11-62G11.2,0.0
RP11-439A17.5,0.0
MIR3136,0.0
RP5-884C9.3,0.0
RNU6-584P,0.0
SNORA63,0.0
AL929472.1,0.0
RNU2-38P,0.0
RNU1-62P,0.0
snoU13,0.0
AL138796.1,0.0
RP11-447M4.1,0.0
AC112219.1,0.0
RP11-433A10.2,0.0
RP11-433A10.3,0.0
PFN1P2,0.0
RP11-398A8.2,0.0
RP11-398A8.4,0.0
RNVU1-5,0.0
RP6-137J22.3,0.0
RNU6-557P,0.0
snoU13,0.0
RNU7-19P,0.0
RNA5SP136,0.0
RP11-654C22.1,0.0
RNA5SP44,0.0
RNU6-608P,0.0
RP11-781D11.1,0.0
Y_RNA,0.0
RNU6-605P,0.0
GJA9,0.0
RNVU1-4,0.0
RNU6-753P,0.0
RP3-365I19.2,0.0
MIR3659,0.0
AL109844.1,0.0
RP6-206I17.3,0.0
AC139453.1,0.0
RNVU1-3,0.0
RNU1-13P,0.0
AC117481.1,0.0
RN7SL294P,0.0
NIPA2P2,0.0
AC128653.1,0.0
RNVU1-2,0.0
Y_RNA,0.0
RNVU1-1,0.0
RP11-508O18.1,0.0
AL160056.1,0.0
RNU7-119P,0.0
RNU6-1270P,0.0
RNU6-386P,0.0
AC026877.1,0.0
RN7SL92P,0.0
RNVU1-7,0.0
RP11-94I2.4,0.0
RNU6-1071P,0.0
AGGF1P3,0.0
MIR1324,0.0
OR7E121P,0.0
RP11-413E6.2,0.0
AC133041.1,0.0
RP4-725K1.1,0.0
CTD-2026G6.3,0.0
CTD-2026G6.2,0.0
Y_RNA,0.0
RNA5SP57,0.0
RP11-47P18.2,0.0
RP11-47P18.1,0.0
RP11-481N16.1,0.0
MIR553,0.0
OSBPL9P1,0.0
HMGB1P38,0.0
AC117479.1,0.0
MIR3923,0.0
RP11-588D3.1,0.0
MRPS17P3,0.0
RN7SKP61,0.0
RN7SL647P,0.0
RP11-354H21.2,0.0
RP11-354H21.1,0.0
AC134729.1,0.0
RNU6-217P,0.0
AC132660.1,0.0
RP11-735B13.2,0.0
RNU6-1318P,0.0
RNU6-750P,0.0
AC107025.1,0.0
AC108696.1,0.0
SRRM1P2,0.0
AL451051.1,0.0
RP11-359D24.1,0.0
Y_RNA,0.0
RNU4-75P,0.0
RP11-413P11.1,0.0
RP4-735N21.1,0.0
BX842679.1,0.0
RP11-520D19.1,0.0
RP11-6B4.1,0.0
Y_RNA,0.0
RNU6ATAC6P,0.0
RNU6-873P,0.0
RP6-74O6.3,0.0
XXyac-YX155B6.7,0.0
PDZK1P2,0.0
RP11-433J22.3,0.0
MIR4795,0.0
RP11-331K15.1,0.0
RN7SKP284,0.0
RNU6-1129P,0.0
snoZ40,0.0
RP11-533N14.3,0.0
RP11-289I10.3,0.0
RP3-328E19.5,0.0
MIR5688,0.0
RNVU1-12,0.0
RNVU1-11,0.0
RP11-118N24.2,0.0
RNU7-108P,0.0
RNU6-511P,0.0
Y_RNA,0.0
RNU6-488P,0.0
RP11-557B13.1,0.0
RNU1-135P,0.0
RNU6-712P,0.0
U3,0.0
RP11-91A15.1,0.0
RP11-91A15.2,0.0
GAPDHP50,0.0
RNVU1-10,0.0
NDUFA5P5,0.0
POU5F1P7,0.0
Y_RNA,0.0
RP11-343D2.11,0.0
OR5AC2,0.0
OR5AC1,0.0
OR5BM1P,0.0
GABRR3,0.0
RP11-529P9.1,0.0
RP11-495P10.4,0.0
RP11-301M17.2,0.0
AC117444.1,0.0
RNA5SP58,0.0
RNVU1-17,0.0
AC108697.1,0.0
RP11-598F17.2,0.0
AC108739.1,0.0
RNU1-114P,0.0
OR5K1,0.0
UBFD1P1,0.0
OR5K3,0.0
OR5K4,0.0
OR5H8P,0.0
OR5H2,0.0
OR5H6,0.0
OR5H7P,0.0
RP11-325B23.2,0.0
OR5H4P,0.0
OR5H3P,0.0
AL732363.1,0.0
OR5H15,0.0
OR5H14,0.0
OR5H1,0.0
RNU6-865P,0.0
RNA5SP59,0.0
SNORA31,0.0
SNORD61,0.0
RP11-763B22.6,0.0
MIR3921,0.0
RP11-201E8.1,0.0
RP11-779P15.2,0.0
RP11-779P15.1,0.0
AC078828.1,0.0
RP11-121C1.1,0.0
RP11-763B22.10,0.0
RP11-763B22.3,0.0
AC021660.1,0.0
RP11-227H4.1,0.0
RP11-227H4.5,0.0
MIR548AB,0.0
NDUFA4P2,0.0
RNU1-43P,0.0
RNU6-461P,0.0
RP11-666A1.7,0.0
PFN1P7,0.0
Y_RNA,0.0
Y_RNA,0.0
Y_RNA,0.0
RNU6-1256P,0.0
AL358813.3,0.0
snoU13,0.0
Y_RNA,0.0
RP5-998N21.8,0.0
snoU13,0.0
RP5-998N21.7,0.0
RP11-52L11.4,0.0
MTND6P6,0.0
MTND5P16,0.0
RP11-52L11.6,0.0
RP11-52L11.7,0.0
MTND3P6,0.0
RP11-52L11.9,0.0
MTND4P16,0.0
FCGR1C,0.0
Y_RNA,0.0
Y_RNA,0.0
RP11-93B21.1,0.0
RP11-40M23.1,0.0
AC016970.1,0.0
TUBBP11,0.0
RP11-628J14.1,0.0
MORC1-AS1,0.0
U3,0.0
CR812485.1,0.0
RP11-403I13.6,0.0
RNU1-92P,0.0
RP11-148O7.2,0.0
HNRNPA1P17,0.0
AC078855.1,0.0
RIIAD1,0.0
RNU6-1062P,0.0
RNY4P25,0.0
RP11-68I18.2,0.0
AC063944.1,0.0
RNU6-1308P,0.0
MTND2P14,0.0
MTND1P16,0.0
RNU4-27P,0.0
RNU6-884P,0.0
RN7SL131P,0.0
RP11-119D18.1,0.0
RP11-696F10.1,0.0
RP11-424I3.1,0.0
RP11-457K10.1,0.0
MIR4445,0.0
AC092905.1,0.0
Y_RNA,0.0
RNU6-1309P,0.0
RP11-397K18.1,0.0
MIR4257,0.0
snoU13,0.0
RNU6-1236P,0.0
RP11-196G18.21,0.0
MIR567,0.0
RFKP2,0.0
ATP6V0CP2,0.0
RP11-615J4.3,0.0
Y_RNA,0.0
RNU6ATAC15P,0.0
RP11-196G18.1,0.0
snoU13,0.0
Y_RNA,0.0
MIR5581,0.0
RPS29P6,0.0
RNA5SP43,0.0
RP5-1180C18.1,0.0
MIR4255,0.0
RP4-736I12.1,0.0
FTLP18,0.0
RP5-898J17.1,0.0
RNU1-130P,0.0
RP11-274J15.2,0.0
AC092812.1,0.0
LCE3B,0.0
MIR4446,0.0
HDHD1P2,0.0
AL589986.2,0.0
SNORD112,0.0
AC078785.1,0.0
AL450992.6,0.0
RP11-572M11.2,0.0
RP1-43O17.1,0.0
RP11-180K7.1,0.0
RP1-52J10.9,0.0
RP11-272L13.2,0.0
RPL26P9,0.0
MIR4447,0.0
DPYD-IT1,0.0
RN7SL582P,0.0
LINC00903,0.0
DPYD-AS1,0.0
RP11-326J18.1,0.0
AL592205.2,0.0
ZBTB20-AS3,0.0
MIR4796,0.0
ZBTB20-AS2,0.0
RP11-197K3.1,0.0
AL592205.1,0.0
MIR568,0.0
RN7SKP270,0.0
snoU13,0.0
RP11-359H3.4,0.0
RN7SL372P,0.0
Y_RNA,0.0
RN7SL44P,0.0
AL591704.9,0.0
RNU6-160P,0.0
RP11-190C22.9,0.0
LELP1,0.0
RNU6-1127P,0.0
SNORA31,0.0
LCE1D,0.0
RP11-768G7.3,0.0
RP11-216N14.9,0.0
RP11-768G7.1,0.0
RNU6-1200P,0.0
RNU5E-8P,0.0
AC068754.1,0.0
SNORD112,0.0
RP11-216N14.8,0.0
Y_RNA,0.0
AC072031.1,0.0
Y_RNA,0.0
RP11-216N14.1,0.0
snoU13,0.0
ARGFX,0.0
AL356479.1,0.0
RP11-678L1.1,0.0
MIR5682,0.0
RP11-500K19.2,0.0
RP11-500K19.1,0.0
RP11-567P17.2,0.0
AC126182.1,0.0
snoU13,0.0
RNU6-232P,0.0
MIR5092,0.0
RNU6-230P,0.0
RNA5SP137,0.0
RP4-617C6.1,0.0
MIR544B,0.0
AC080008.1,0.0
RNU6-143P,0.0
MIR5002,0.0
AC117401.1,0.0
SNORA5,0.0
AC078794.1,0.0
snoU13,0.0
RP11-14O19.2,0.0
RP11-592P9.1,0.0
AF186996.1,0.0
RP4-586O15.1,0.0
Y_RNA,0.0
AF186996.2,0.0
GS1-388B5.2,0.0
MIR378G,0.0
RP11-366L18.1,0.0
MIR555,0.0
RNU7-150P,0.0
Y_RNA,0.0
RN7SL136P,0.0
RP11-248I9.2,0.0
SNORD112,0.0
RP1-34M23.5,0.0
AL121988.1,0.0
MIR552,0.0
AL606500.1,0.0
RNU6-121P,0.0
RNU6-239P,0.0
SNORD59,0.0
RNA5SP138,0.0
SNORA58,0.0
RP11-71E19.2,0.0
AL590431.1,0.0
ALDH1L1-AS1,0.0
RP11-158I23.1,0.0
MIR190B,0.0
AC092902.1,0.0
MIR5698,0.0
RNU6-179P,0.0
GS1-388B5.8,0.0
OR7E97P,0.0
RN7SL698P,0.0
SNORA24,0.0
U3,0.0
Y_RNA,0.0
AL365181.1,0.0
MIR1280,0.0
snoU13,0.0
RNA5SP139,0.0
MIR9-1,0.0
SNORA26,0.0
RNU4-19P,0.0
RNU6-1297P,0.0
RP11-88I21.2,0.0
RNU6-1047P,0.0
snoU13,0.0
Y_RNA,0.0
MRPS21P2,0.0
RP11-367J7.3,0.0
RP4-801G22.3,0.0
RP4-801G22.2,0.0
RNU6-1142P,0.0
Y_RNA,0.0
RP11-85G21.2,0.0
RN7SL752P,0.0
RP11-85G21.3,0.0
OR10R1P,0.0
OR10R3P,0.0
OR10R2,0.0
snoU13,0.0
RP11-144L1.4,0.0
OR10T1P,0.0
HMGN1P5,0.0
AC130888.1,0.0
AC083906.2,0.0
RP11-77P16.3,0.0
AL359753.1,0.0
AC083906.1,0.0
OR2AQ1P,0.0
OR6N2,0.0
RP4-657M3.2,0.0
AC115286.1,0.0
RNA5SP42,0.0
OR6K5P,0.0
OR6K4P,0.0
AL138837.1,0.0
MIR3605,0.0
AL031602.1,0.0
Y_RNA,0.0
OR6K3,0.0
snoU13,0.0
MIR5704,0.0
RP11-517B11.6,0.0
AC083908.1,0.0
AC121332.1,0.0
RNU6-726P,0.0
OR6K2,0.0
RP11-39E3.4,0.0
Y_RNA,0.0
RP11-39E3.3,0.0
OR6K1P,0.0
OR6P1,0.0
AC093004.1,0.0
RP11-740C1.2,0.0
RP11-77P16.1,0.0
RP11-237P21.1,0.0
U8,0.0
RNU6-1174P,0.0
OR10J1,0.0
OR10J4,0.0
AC010207.1,0.0
RP11-404G16.2,0.0
RNU6-678P,0.0
SNORA33,0.0
OR10J9P,0.0
OR10J7P,0.0
RP11-91K8.4,0.0
RP11-550P17.5,0.0
RNA5SP60,0.0
RP11-469L4.1,0.0
AL138930.1,0.0
RNU4-42P,0.0
hsa-mir-4259,0.0
RP11-2A4.3,0.0
SOX14,0.0
SNORD64,0.0
RP11-419N10.5,0.0
RNA5SP142,0.0
CRPP1,0.0
RNU6-789P,0.0
RNU7-198P,0.0
APCS,0.0
RNY4P4,0.0
RNU6-1284P,0.0
OR10AE1P,0.0
RP11-305O4.1,0.0
AC092989.1,0.0
MIR760,0.0
RP11-201O14.2,0.0
AC092988.1,0.0
TRMT112P5,0.0
RNA5SP53,0.0
RP11-442N1.1,0.0
RP11-442N1.2,0.0
RN7SKP124,0.0
RNU6-736P,0.0
Y_RNA,0.0
Y_RNA,0.0
RN7SKP123,0.0
PRR23B,0.0
RNU6-481P,0.0
ATP5G1P3,0.0
MIR5187,0.0
AL590714.1,0.0
RP11-13L2.1,0.0
RP11-312J18.3,0.0
AC048346.1,0.0
RP11-68L1.1,0.0
RP11-68L1.2,0.0
RPS23P9,0.0
Y_RNA,0.0
MIR5585,0.0
RP11-5K23.5,0.0
RP11-84A19.3,0.0
MIR4254,0.0
RPS23P10,0.0
RP11-439L8.3,0.0
RP5-837O21.2,0.0
RP11-266K22.2,0.0
RP5-837O21.1,0.0
AC109992.1,0.0
RNU1-100P,0.0
RNU6-1294P,0.0
RNU6-425P,0.0
RP11-271K21.11,0.0
RNU6-509P,0.0
AC112504.1,0.0
RP11-144C9.1,0.0
RP5-837O21.8,0.0
RP5-837O21.4,0.0
RP5-837O21.6,0.0
RP11-231L11.1,0.0
SNORD112,0.0
RP11-4H14.1,0.0
RP11-691G17.1,0.0
GM2AP1,0.0
RP11-622L21.1,0.0
RNA5SP144,0.0
RP11-331H2.3,0.0
RP11-501M7.1,0.0
RP11-331H2.4,0.0
SLC9A9-AS2,0.0
UQCRBP2,0.0
RNA5SP61,0.0
AC018450.1,0.0
RP11-80H8.3,0.0
MIR4654,0.0
RNU7-47P,0.0
Y_RNA,0.0
PLS1-AS1,0.0
RNA5SP143,0.0
AC092958.1,0.0
RP11-639B1.1,0.0
RP11-38C18.2,0.0
AC092925.1,0.0
RP11-78O22.1,0.0
NPM1P28,0.0
RPL21P71,0.0
RNU6-505P,0.0
U3,0.0
RP11-232M24.1,0.0
PLSCR5-AS1,0.0
SNORD112,0.0
RNU6-428P,0.0
RP11-758I14.2,0.0
RP11-88H10.3,0.0
AL390119.1,0.0
Y_RNA,0.0
RNU6-171P,0.0
RNU5F-6P,0.0
NMNAT1P2,0.0
RP11-2G17.1,0.0
HLTF-AS1,0.0
MED28P2,0.0
Y_RNA,0.0
U3,0.0
RNA5SP63,0.0
RPL38P1,0.0
RNA5SP62,0.0
RP11-501O2.4,0.0
RP11-408E1.1,0.0
RP11-501O2.3,0.0
RP11-501O2.1,0.0
RNA5SP145,0.0
FMO7P,0.0
AC020636.1,0.0
RP11-373I8.1,0.0
RP11-166N6.2,0.0
RP11-479J7.1,0.0
MIR921,0.0
RNA5SP64,0.0
LRRC52,0.0
RP11-541H12.1,0.0
RP11-38C18.3,0.0
MIR557,0.0
RNU6-1310P,0.0
RP1-69E11.3,0.0
MIR1255B2,0.0
RNU6-507P,0.0
AKR1D1P1,0.0
RP11-277B15.2,0.0
snoU13,0.0
RNA5SP65,0.0
RP11-246A10.1,0.0
FMO11P,0.0
RP11-454C18.1,0.0
AC069067.1,0.0
MIR5186,0.0
RP11-312P21.2,0.0
RNU4-59P,0.0
RP5-1018K9.1,0.0
SETP11,0.0
AC078816.1,0.0
RNA5SP66,0.0
RP1-10C16.1,0.0
RP11-451G4.1,0.0
RP11-439C8.2,0.0
AL049798.1,0.0
RPL9P15,0.0
CTD-2501O3.3,0.0
CTD-2501O3.2,0.0
RP11-656A15.1,0.0
GPR149,0.0
snoU13,0.0
RP11-297H3.4,0.0
U8,0.0
Y_RNA,0.0
ISCUP1,0.0
RNU6-901P,0.0
MIR3119-2,0.0
SIGLEC30P,0.0
RP11-332H17.1,0.0
RNA5SP146,0.0
Y_RNA,0.0
RN7SKP177,0.0
RP1-117P20.3,0.0
KLF3P2,0.0
KCNAB1-AS1,0.0
RNU6-210P,0.0
AC093577.1,0.0
RNU6-970P,0.0
SNORA51,0.0
SNORA66,0.0
RP11-330C7.4,0.0
Metazoa_SRP,0.0
RP11-639F1.3,0.0
RNU6-773P,0.0
RP4-591L5.1,0.0
RP3-357I16.1,0.0
RP5-893G23.1,0.0
snoU13,0.0
RP11-179G8.1,0.0
AL645944.1,0.0
RP1-81F6.1,0.0
MIR3919,0.0
GPR79,0.0
RP11-79M21.3,0.0
MTAPP1,0.0
RNU6-290P,0.0
GM2AP2,0.0
RP4-798A17.5,0.0
RP11-290K4.1,0.0
RN7SKP46,0.0
MIR16-2,0.0
MIR15B,0.0
RP1-127D3.4,0.0
FMO6P,0.0
AC021654.1,0.0
RNU2-31P,0.0
MIR1295A,0.0
RP5-1092L12.2,0.0
SNORD85,0.0
SNORD103B,0.0
SNORD103A,0.0
BX284613.1,0.0
RN7SKP91,0.0
RP11-545I10.2,0.0
MIR4420,0.0
snoU13,0.0
MIR1263,0.0
RNU6-693P,0.0
AC092962.1,0.0
AC104637.1,0.0
RNU6-157P,0.0
snoU13,0.0
RP11-535I24.2,0.0
RP13-526J3.1,0.0
TOMM22P6,0.0
RP11-774I5.1,0.0
SNORD112,0.0
RP11-3P17.5,0.0
MIR214,0.0
SNORA72,0.0
Y_RNA,0.0
RNU7-136P,0.0
AC092965.1,0.0
RP11-12K11.2,0.0
CBX1P5,0.0
RP11-450H5.3,0.0
RN7SKP298,0.0
RP11-450H5.4,0.0
SCARNA20,0.0
RP4-560B9.6,0.0
RP11-12N13.2,0.0
RP11-12N13.4,0.0
MTND3P7,0.0
RP11-12N13.6,0.0
MTND4P17,0.0
RP4-560B9.5,0.0
Y_RNA,0.0
MIR720,0.0
MIR551B,0.0
RNU2-20P,0.0
RP11-637O11.2,0.0
RP1-102G20.2,0.0
AC069243.1,0.0
HMGN2P26,0.0
RP11-603B13.1,0.0
RP4-809F4.1,0.0
MEMO1P3,0.0
RP11-298O21.2,0.0
RP11-298O21.3,0.0
RP11-298O21.7,0.0
RP11-298O21.6,0.0
AL022400.1,0.0
snoU13,0.0
RP11-576M8.2,0.0
RNA5SP68,0.0
RNA5SP67,0.0
Y_RNA,0.0
RNU6-315P,0.0
SNORD78,0.0
snoU13,0.0
RP11-360D2.1,0.0
AL021398.1,0.0
RNU6-637P,0.0
MIR488,0.0
RP11-641D5.2,0.0
MORF4L1P7,0.0
RP11-357J22.1,0.0
RNU2-12P,0.0
RPL21P43,0.0
RP11-694D5.1,0.0
AC007919.1,0.0
RP11-195C7.2,0.0
TNR-IT1,0.0
RP3-518E13.2,0.0
RP5-1114G22.1,0.0
RP5-1114G22.2,0.0
TMEM212-AS1,0.0
Y_RNA,0.0
snoU13,0.0
RP11-263C16.2,0.0
RNU6-348P,0.0
Y_RNA,0.0
MIR569,0.0
RNU6-307P,0.0
RP5-827O9.1,0.0
RNY5P3,0.0
snoU13,0.0
RNU6-1233P,0.0
MIR4789,0.0
NAALADL2-AS3,0.0
RP11-432A8.2,0.0
RN7SKP40,0.0
RP11-393N4.1,0.0
RNU6-695P,0.0
NLGN1-AS1,0.0
RP11-521A24.1,0.0
RP11-324C10.1,0.0
snoU13,0.0
snoU13,0.0
COX5BP8,0.0
SNORA67,0.0
RNU6-547P,0.0
SNORA18,0.0
SNORA67,0.0
RN7SKP52,0.0
SNORA63,0.0
RNU6-681P,0.0
MIR4424,0.0
RNA5SP69,0.0
RNA5SP147,0.0
AL122019.1,0.0
AL160286.1,0.0
RP11-78E6.1,0.0
RP11-809F4.4,0.0
MEF2AP1,0.0
RN7SL374P,0.0
NAALADL2-AS1,0.0
RNU6-1317P,0.0
CCDC39-AS1,0.0
RP11-496B10.1,0.0
RNU6-486P,0.0
U8,0.0
RP11-420J11.2,0.0
GAPDHP36,0.0
RNA5SP149,0.0
PEX5L-AS2,0.0
RP11-145M9.2,0.0
SNORA25,0.0
RP11-345I18.6,0.0
Y_RNA,0.0
RNA5SP148,0.0
RP4-775D17.1,0.0
RNU6-1120P,0.0
RP11-2L8.2,0.0
SCARNA24,0.0
snoU13,0.0
RNU6ATAC27P,0.0
Y_RNA,0.0
Y_RNA,0.0
AL353354.1,0.0
RP11-252O18.2,0.0
RN7SL703P,0.0
RP11-4B14.3,0.0
RPL7AP25,0.0
RP11-275H4.1,0.0
FAUP2,0.0
RP11-380B22.1,0.0
AL590085.1,0.0
U6,0.0
RN7SL229P,0.0
AL358354.1,0.0
Y_RNA,0.0
MIR3121,0.0
RP11-416O18.2,0.0
RN7SKP265,0.0
RP11-533E19.2,0.0
AL359853.1,0.0
AC092265.1,0.0
RNU5F-2P,0.0
AL139151.1,0.0
RP11-317P15.3,0.0
AL645859.1,0.0
RP11-242O24.3,0.0
Y_RNA,0.0
Y_RNA,0.0
RP1-223H12.5,0.0
RP11-416K24.1,0.0
Y_RNA,0.0
RNU6-152P,0.0
GS1-122H1.3,0.0
RN7SKP229,0.0
RP11-33M22.2,0.0
MIR4448,0.0
RNA5SP70,0.0
RP11-393B14.2,0.0
RNA5SP151,0.0
GS1-115G20.1,0.0
RN7SL654P,0.0
RP11-382D12.1,0.0
RP11-646E18.3,0.0
Y_RNA,0.0
RP11-444D13.1,0.0
AL137800.1,0.0
RP11-548N1.1,0.0
RNA5SP71,0.0
AL513344.1,0.0
RP11-393M18.1,0.0
RP11-445P19.2,0.0
MIR548AQ,0.0
snoU13,0.0
GS1-304P7.3,0.0
AL596220.1,0.0
Y_RNA,0.0
Y_RNA,0.0
CTA-277P6.1,0.0
SNORD66,0.0
MIR1224,0.0
Y_RNA,0.0
AC063932.1,0.0
Y_RNA,0.0
Y_RNA,0.0
RNA5SP72,0.0
RP11-132N15.1,0.0
RP11-132N15.3,0.0
RP11-44H4.1,0.0
RNU7-13P,0.0
SNORD112,0.0
snoU13,0.0
RP11-309H21.2,0.0
RP11-309H21.4,0.0
RP11-208N14.4,0.0
RP11-309H21.3,0.0
ADIPOQ,0.0
RNU6-1105P,0.0
Y_RNA,0.0
RP11-445J9.1,0.0
RNA5SP73,0.0
RP11-373J16.2,0.0
RP11-669M2.1,0.0
RP11-405P11.1,0.0
RN7SKP156,0.0
RP11-95L3.2,0.0
RP11-268E23.2,0.0
RP11-134C1.1,0.0
RNU6-1109P,0.0
AC067718.1,0.0
RN7SL486P,0.0
MIR944,0.0
TPRG1-AS2,0.0
MIR28,0.0
RP11-528A4.3,0.0
RN7SL447P,0.0
ATP13A4-AS1,0.0
ATP13A5-AS1,0.0
RP5-925F19.1,0.0
RP11-143P4.2,0.0
RNU1-20P,0.0
snoU13,0.0
FGF12-AS3,0.0
RP11-393M18.4,0.0
U3,0.0
RN7SKP222,0.0
RP11-98G13.1,0.0
AC026320.1,0.0
RP11-21J7.1,0.0
Y_RNA,0.0
MIR3137,0.0
MIR1278,0.0
AC090505.1,0.0
snoU109,0.0
RP3-419C19.2,0.0
AC046143.1,0.0
AC046143.6,0.0
RNU6-1101P,0.0
RP11-384A12.1,0.0
RP3-419C19.3,0.0
AL136987.1,0.0
RP11-541F9.2,0.0
RN7SL215P,0.0
RP11-541F9.1,0.0
CTA-21C21.1,0.0
RP5-1027O11.1,0.0
RP4-752I6.1,0.0
RNA5SP52,0.0
AL139139.1,0.0
CFHR5,0.0
AC117490.2,0.0
MIR4735,0.0
RP11-476B1.1,0.0
RNU6-910P,0.0
Y_RNA,0.0
RNU7-18P,0.0
AL357932.1,0.0
AC124944.5,0.0
RNU6-983P,0.0
Y_RNA,0.0
AC069213.4,0.0
RN7SL36P,0.0
RNU6-621P,0.0
RNU6-858P,0.0
RPL23AP22,0.0
RP13-616I3.1,0.0
RP11-553K8.2,0.0
snoU13,0.0
MIR4797,0.0
RNU7-29P,0.0
RP11-448G4.4,0.0
RP5-1053E7.2,0.0
RNU6-1245P,0.0
RPEP3,0.0
RNU6-424P,0.0
Y_RNA,0.0
RNU6-949P,0.0
RP11-75C23.1,0.0
RP11-440L14.3,0.0
RP11-413E1.2,0.0
RN7SL358P,0.0
CAPNS1P1,0.0
MIR571,0.0
RP5-908D6.1,0.0
RPL36AP10,0.0
Z95704.3,0.0
RN7SL583P,0.0
RNU6-716P,0.0
RP11-567B20.2,0.0
RNU6-860P,0.0
RNU6-778P,0.0
RP11-567B20.1,0.0
RNU6-821P,0.0
RP11-2L13.1,0.0
AL450244.1,0.0
RNU6-204P,0.0
Y_RNA,0.0
RP11-104D3.1,0.0
AC105941.1,0.0
RP11-317B7.3,0.0
RP11-16L9.4,0.0
MIR943,0.0
RP11-16L9.3,0.0
RP11-16L9.2,0.0
MIR181A1,0.0
PEBP1P3,0.0
SNORA48,0.0
AC104169.1,0.0
RP11-510N19.3,0.0
RP11-510N19.2,0.0
MIR1231,0.0
RNU6-501P,0.0
MIR5191,0.0
RP11-489M13.3,0.0
RP11-134G8.2,0.0
AC116562.2,0.0
ENPP7P9,0.0
AC226119.5,0.0
RP11-718M20.5,0.0
RNU6-704P,0.0
AC096633.1,0.0
RP3-513G18.2,0.0
RP3-368B9.2,0.0
LINC00955,0.0
RNU6-570P,0.0
RNU6-609P,0.0
AC097382.1,0.0
AC092463.1,0.0
AC093323.1,0.0
SNORA70,0.0
U6,0.0
snoU13,0.0
snoU13,0.0
MIR378D1,0.0
Y_RNA,0.0
RN7SKP113,0.0
CRIP1P3,0.0
STX18-IT1,0.0
RP11-265O12.1,0.0
RP4-604K5.2,0.0
AL356270.1,0.0
RP11-444C12.1,0.0
RP4-682E18.1,0.0
AL391650.1,0.0
SCARNA18,0.0
RP11-747H12.3,0.0
RNA5SP51,0.0
RP11-747H12.1,0.0
RP11-1338A24.1,0.0
AL590113.1,0.0
RNA5SP152,0.0
RP11-774O3.1,0.0
RP11-774O3.2,0.0
MIR4423,0.0
MIR95,0.0
MIR4274,0.0
MIR4798,0.0
RN7SKP36,0.0
AC096645.1,0.0
AC108519.1,0.0
RP11-747H12.7,0.0
RP11-747H12.4,0.0
RP11-435P24.3,0.0
RNU6-487P,0.0
RP11-335O13.7,0.0
RP11-38O14.6,0.0
snoU13,0.0
RP11-38O14.5,0.0
Y_RNA,0.0
RN7SL679P,0.0
MIR1976,0.0
Y_RNA,0.0
RP11-480I12.10,0.0
Y_RNA,0.0
USP17L25,0.0
USP17L24,0.0
USP17L23,0.0
USP17L22,0.0
USP17L21,0.0
USP17L20,0.0
USP17L19,0.0
USP17L18,0.0
USP17L17,0.0
USP17L16P,0.0
USP17L15,0.0
SNORD60,0.0
USP17L13,0.0
USP17L12,0.0
USP17L11,0.0
USP17L10,0.0
AC116655.1,0.0
RNU2-19P,0.0
OR7E86P,0.0
DEFB131,0.0
RP11-1396O13.15,0.0
RNA5SP153,0.0
RP11-1396O13.14,0.0
MIR135B,0.0
USP17L6P,0.0
USP17L30,0.0
USP17L9P,0.0
USP17L29,0.0
USP17L28,0.0
USP17L27,0.0
USP17L5,0.0
USP17L26,0.0
AL583832.1,0.0
RP11-480G3.1,0.0
MIR3138,0.0
SNORD112,0.0
RNA5SP154,0.0
SCARNA20,0.0
OR7E35P,0.0
RP11-751L19.1,0.0
RNA5SP75,0.0
RP11-23I7.1,0.0
AC097493.1,0.0
MIR548I2,0.0
AL161793.1,0.0
RP11-1396O13.22,0.0
OR7E83P,0.0
RNA5SP74,0.0
AC097452.1,0.0
RP11-1J7.1,0.0
RP4-601K24.1,0.0
RNA5SP156,0.0
MIR572,0.0
RP11-61G19.1,0.0
RP5-837I24.5,0.0
RP11-136I13.2,0.0
RP11-328D5.1,0.0
RP11-57I17.3,0.0
AC006499.3,0.0
AC006499.4,0.0
RP11-78B10.2,0.0
AL691452.1,0.0
AC006499.9,0.0
AC006499.6,0.0
SNORA63,0.0
MTND2P31,0.0
AC006296.2,0.0
AC006296.1,0.0
RP11-669M16.1,0.0
C4BPAP2,0.0
KLF17P2,0.0
RP11-164O23.5,0.0
AC098830.1,0.0
snoU13,0.0
MIR5091,0.0
RNU6-962P,0.0
RP11-22A3.1,0.0
RP5-1051D14.1,0.0
RNU6-578P,0.0
RP11-168E17.1,0.0
RPS7P6,0.0
SNORA75,0.0
RP11-576E20.1,0.0
MTND5P4,0.0
RP11-459K23.2,0.0
RP11-565N2.1,0.0
RP11-2P2.1,0.0
RP11-484D4.3,0.0
RNU6-350P,0.0
RP11-442P12.1,0.0
RP11-442P12.2,0.0
RP11-376N17.4,0.0
SNORA2,0.0
RN7SKP170,0.0
RP4-552O12.1,0.0
AL035706.1,0.0
snoU13,0.0
RNU6-420P,0.0
RP11-556G22.2,0.0
RP11-556G22.1,0.0
RP11-413G15.1,0.0
RP11-120A1.1,0.0
MIR218-1,0.0
SNORA26,0.0
RP11-339D20.1,0.0
Y_RNA,0.0
RNA5SP157,0.0
RP11-608B3.1,0.0
RN7SL315P,0.0
RN7SL344P,0.0
snoU13,0.0
RP11-122M14.3,0.0
AC108218.1,0.0
AL356310.1,0.0
AC006390.4,0.0
AC092017.1,0.0
ADORA2BP,0.0
MIR4260,0.0
AC092846.2,0.0
AC092846.1,0.0
RP13-497K6.1,0.0
RP11-372M18.1,0.0
RP11-385M4.2,0.0
RFPL4AP3,0.0
RP11-453O5.1,0.0
RP11-323K10.1,0.0
GAPDHP24,0.0
RP11-10G12.2,0.0
RP11-335G20.7,0.0
RP4-706G24.1,0.0
KRT18P12,0.0
RP11-53A1.2,0.0
MIR4425,0.0
RP11-293A21.2,0.0
SNORD74,0.0
AC093807.1,0.0
RP11-323I1.1,0.0
AL592063.1,0.0
RPL31P13,0.0
RNU6-423P,0.0
FAM71A,0.0
RP11-302F12.4,0.0
RP11-338C15.5,0.0
RNU7-126P,0.0
MIR3122,0.0
RP11-412H9.2,0.0
U3,0.0
Y_RNA,0.0
RNU1-141P,0.0
AC024132.1,0.0
RP11-415C15.1,0.0
SCARNA17,0.0
RNU6-110P,0.0
AL033528.1,0.0
RP11-152L7.1,0.0
Y_RNA,0.0
RP1-317E23.7,0.0
LINC00210,0.0
AL031284.1,0.0
RNU6-1171P,0.0
RP11-93M12.1,0.0
RP11-619J20.1,0.0
RP11-174E22.2,0.0
RPS3AP17,0.0
RP11-390C19.1,0.0
AC109351.1,0.0
EEF1A1P21,0.0
RNU6-1221P,0.0
RP11-68D16.2,0.0
RP11-68D16.1,0.0
RP11-472K22.2,0.0
RP11-415L24.1,0.0
RP11-292B1.2,0.0
MRPS18BP1,0.0
RN7SL101P,0.0
RP5-1099E6.3,0.0
SEC63P2,0.0
snoU13,0.0
RP11-725M22.1,0.0
AC093786.1,0.0
RP11-22M7.2,0.0
RP5-1111A8.3,0.0
RNU7-131P,0.0
RP11-79E3.3,0.0
AC079772.1,0.0
RP11-802H3.2,0.0
RP11-802H3.1,0.0
RP11-638O6.1,0.0
RP11-240A16.1,0.0
SNORD116,0.0
RP11-315A17.1,0.0
RP11-617I14.1,0.0
RP11-213G21.1,0.0
RP11-410C4.2,0.0
RP11-83C7.1,0.0
RP11-600L4.1,0.0
AC098680.1,0.0
PTTG2,0.0
RP11-410C4.1,0.0
MIR4801,0.0
AC096644.1,0.0
RP11-698E18.1,0.0
RP11-722M1.1,0.0
RP11-431M7.2,0.0
DTHD1,0.0
RP11-431M7.3,0.0
RP11-302I18.3,0.0
RNU6-573P,0.0
RNU7-74P,0.0
RP11-395I6.2,0.0
RP11-568G11.5,0.0
SNORA51,0.0
RNU6-1112P,0.0
snoU13,0.0
Y_RNA,0.0
RNU7-11P,0.0
Y_RNA,0.0
MIR5591,0.0
MIR194-1,0.0
RNU6-32P,0.0
MIR574,0.0
RNA5SP158,0.0
MIR215,0.0
snoU13,0.0
U3,0.0
RNU1-49P,0.0
RP11-227F19.2,0.0
RP11-227F19.1,0.0
RNA5SP76,0.0
OR5M14P,0.0
Y_RNA,0.0
AC096643.1,0.0
RNU6-1195P,0.0
RNU6-836P,0.0
RNA5SP160,0.0
snoU13,0.0
RNU6-791P,0.0
MIR4802,0.0
AC092765.1,0.0
AC098869.1,0.0
RP11-663P9.1,0.0
RN7SL193P,0.0
RN7SL691P,0.0
RP11-466J24.1,0.0
RNU6-403P,0.0
RP11-395F4.1,0.0
RP11-103C3.2,0.0
RN7SKP82,0.0
RP11-109E24.1,0.0
RP11-103C3.1,0.0
RN7SL464P,0.0
RP11-410C4.4,0.0
AC084010.1,0.0
RP11-63A11.1,0.0
RP11-457P14.6,0.0
RP11-457P14.5,0.0
snoU13,0.0
RP11-339D23.1,0.0
AL606519.1,0.0
HMGB1P18,0.0
RNU6-412P,0.0
RP11-436F23.1,0.0
RN7SKP199,0.0
RNU6-931P,0.0
RP11-270L13.1,0.0
RP11-339A11.2,0.0
RP11-362I1.1,0.0
PRDX4P1,0.0
RP11-55C6.1,0.0
RN7SKP49,0.0
RP11-500G9.1,0.0
RP11-504P24.5,0.0
RP11-1281K21.7,0.0
RP11-504P24.6,0.0
AC118282.4,0.0
RP11-1281K21.2,0.0
AC118282.2,0.0
AC118282.3,0.0
RP11-317G22.2,0.0
RNU6-158P,0.0
OCIAD1-AS1,0.0
RNU5E-3P,0.0
Y_RNA,0.0
RNU6-868P,0.0
RNU6-1319P,0.0
AC107068.1,0.0
RNU6-1248P,0.0
RNU4-57P,0.0
MIR378F,0.0
RP11-239E10.3,0.0
snoU13,0.0
RN7SL24P,0.0
snoU13,0.0
RP11-535C7.1,0.0
RP11-61F5.1,0.0
AC119751.4,0.0
AC119751.2,0.0
AC119751.3,0.0
AC119751.1,0.0
AC119751.5,0.0
RP11-241F15.6,0.0
RP11-1281K21.10,0.0
RP11-1281K21.9,0.0
RP11-241F15.5,0.0
Y_RNA,0.0
AC104066.1,0.0
SNORA26,0.0
MIR4449,0.0
AL596330.1,0.0
snoU13,0.0
RNU6-1252P,0.0
RNU6-1208P,0.0
snoU13,0.0
Y_RNA,0.0
MIR4742,0.0
AL590683.2,0.0
AL590683.1,0.0
RP11-293P20.4,0.0
RNU6-1008P,0.0
RP11-4M23.7,0.0
RP11-273B19.2,0.0
SNORA72,0.0
RP11-545H22.1,0.0
RP11-231C18.2,0.0
RP11-231C18.1,0.0
snoU13,0.0
AC110298.1,0.0
RP5-837I24.4,0.0
MED28P8,0.0
RP11-571I18.2,0.0
RP5-837I24.2,0.0
RP11-89B16.2,0.0
RP5-837I24.6,0.0
LNX1-AS1,0.0
RNU6-310P,0.0
RN7SKP247,0.0
MTND2P30,0.0
RNU6-276P,0.0
Y_RNA,0.0
Y_RNA,0.0
AC069200.1,0.0
RP11-148K14.1,0.0
RNU6-746P,0.0
RP11-530I17.2,0.0
RN7SL822P,0.0
RN7SL424P,0.0
RP11-530I17.1,0.0
RNU6-410P,0.0
AC111194.1,0.0
RP11-115A15.1,0.0
RPS27P5,0.0
RP11-273B19.1,0.0
snoU13,0.0
RP11-319E12.1,0.0
RPS26P24,0.0
snoU13,0.0
RNU6-998P,0.0
snoU13,0.0
Y_RNA,0.0
RN7SL357P,0.0
RN7SL492P,0.0
ITPKB-AS1,0.0
RNA5SP162,0.0
ITPKB-IT1,0.0
RNU6-197P,0.0
RNA5SP161,0.0
AC110611.1,0.0
RNU6-652P,0.0
AC095061.1,0.0
RNU6-1325P,0.0
Y_RNA,0.0
RN7SKP165,0.0
RP11-118H4.3,0.0
Y_RNA,0.0
RP11-340A13.3,0.0
RP11-340A13.1,0.0
RP11-340A13.2,0.0
RP11-577G20.2,0.0
RP11-577G20.1,0.0
RP11-25L5.2,0.0
SRIP1,0.0
RP11-4O3.2,0.0
RP11-4O3.1,0.0
RP11-685F15.1,0.0
LARP1BP1,0.0
RP11-257A22.1,0.0
AC110810.1,0.0
HMGN1P11,0.0
RP11-26C10.1,0.0
RP11-30P21.2,0.0
RPL21P47,0.0
snoU13,0.0
RP11-84A1.3,0.0
Y_RNA,0.0
snoU13,0.0
RNU6-1304P,0.0
RP11-16N2.1,0.0
MIR548AG1,0.0
RP11-593F5.1,0.0
RP11-593F5.2,0.0
MIR1269A,0.0
RNA5SP19,0.0
RP11-51P8.1,0.0
RNU2-40P,0.0
RP11-498E11.2,0.0
EFTUD1P2,0.0
RP11-633G11.1,0.0
MIR4666A,0.0
RP11-158O16.1,0.0
RP11-63H19.6,0.0
RP11-63H19.8,0.0
MIR5008,0.0
MTND6P16,0.0
AL592310.1,0.0
RNU6-191P,0.0
RP11-12K22.1,0.0
APOOP4,0.0
RP11-642E20.3,0.0
RP11-642E20.2,0.0
RP11-642E20.5,0.0
RNA5SP77,0.0
RP11-646E20.6,0.0
RP11-275O4.3,0.0
RP11-275O4.4,0.0
RNA5S17,0.0
RNA5S16,0.0
RNA5S15,0.0
RNA5S14,0.0
RNA5S13,0.0
RNA5S12,0.0
RNU1-63P,0.0
RNU6-699P,0.0
AL611946.1,0.0
MIR4684,0.0
RNA5S11,0.0
RP11-468N14.6,0.0
RP11-468N14.5,0.0
RP11-468N14.4,0.0
RP11-468N14.3,0.0
RNA5S10,0.0
RP11-468N14.1,0.0
RNA5S8,0.0
RNA5S7,0.0
RP11-1267H10.3,0.0
RP11-1267H10.1,0.0
RP11-1267H10.2,0.0
RNA5S6,0.0
UGT2B29P,0.0
RNA5S5,0.0
RP11-468N14.12,0.0
RP11-468N14.10,0.0
RNA5S4,0.0
RP11-468N14.8,0.0
RNA5S3,0.0
RP11-468N14.7,0.0
RNA5S2,0.0
RNU6-135P,0.0
RNU6-514P,0.0
RNA5S1,0.0
MIR4419A,0.0
MIR3115,0.0
RP11-543E8.1,0.0
MIR4253,0.0
BX323860.1,0.0
RP11-790I12.4,0.0
RP11-790I12.3,0.0
RP11-790I12.2,0.0
RP11-790I12.6,0.0
RP11-790I12.1,0.0
RP11-618I10.3,0.0
RP11-552D4.1,0.0
RP11-618I10.4,0.0
RP11-286M16.1,0.0
RP11-618I10.1,0.0
RP5-1068B5.1,0.0
RP13-644M16.4,0.0
RN7SKP276,0.0
RNU6-180P,0.0
RP4-799G3.2,0.0
RP4-799G3.1,0.0
RNU1-74P,0.0
RP11-66A2.1,0.0
RNU6-1211P,0.0
RP11-284L19.1,0.0
RNU5A-5P,0.0
CSN1S2AP,0.0
RNA5SP80,0.0
STATH,0.0
CSN2,0.0
CSN1S1,0.0
RP11-736K12.1,0.0
RP5-1097F14.3,0.0
snoU13,0.0
RP11-401E5.2,0.0
RN7SL837P,0.0
AC108078.1,0.0
RP4-781K5.7,0.0
RNU6ATAC5P,0.0
RNU4ATAC9P,0.0
RP11-373J21.1,0.0
RP11-545L5.1,0.0
RNA5SP163,0.0
U8,0.0
RNU6-891P,0.0
RNU6-459P,0.0
snoU13,0.0
RNU6-784P,0.0
RNU6-520P,0.0
RP5-855F14.2,0.0
MIR4671,0.0
SMR3B,0.0
SMR3A,0.0
RN7SL386P,0.0
RN7SL421P,0.0
MIR4427,0.0
RP11-132G19.3,0.0
AL359815.1,0.0
RNU4-77P,0.0
RP11-506A18.1,0.0
RP5-862P8.3,0.0
RP11-727M10.2,0.0
RP11-727M10.1,0.0
AC097470.1,0.0
RNFT1P2,0.0
RN7SL218P,0.0
RP11-447E20.1,0.0
RP11-622A1.1,0.0
RNA5SP22,0.0
RNU6-1102P,0.0
RNU2-16P,0.0
Y_RNA,0.0
RP11-567N4.2,0.0
RP11-542G1.3,0.0
RNA5SP21,0.0
RP11-598G2.1,0.0
MTND6P14,0.0
C1QA,0.0
MIR4418,0.0
RP4-534P7.2,0.0
RNU6-776P,0.0
RN7SL186P,0.0
RN7SL768P,0.0
MIR4753,0.0
RNU6-1022P,0.0
RP11-443B7.2,0.0
AC104687.1,0.0
RP11-359D14.3,0.0
RN7SL668P,0.0
MIR548AH,0.0
MIR4450,0.0
RNY4P16,0.0
RP11-688H10.1,0.0
AC112249.1,0.0
SNORD50,0.0
RP11-356M17.1,0.0
AC112719.1,0.0
RP11-630D6.1,0.0
RNU5E-2P,0.0
MIR1537,0.0
AC110615.1,0.0
MIR5096,0.0
RP11-109G23.1,0.0
HIGD1AP13,0.0
snoU13,0.0
Y_RNA,0.0
MTND3P8,0.0
AC093897.1,0.0
RP11-293G6__B.4,0.0
RP4-726F1.1,0.0
SNORD75,0.0
AC093430.1,0.0
RP11-625I7.1,0.0
CTB-179I1.2,0.0
AC104837.1,0.0
CTB-179I1.3,0.0
RNU6-1187P,0.0
RP4-749H3.2,0.0
RP4-745E8.2,0.0
RNA5SP23,0.0
SNORA31,0.0
COX5BP1,0.0
RP11-112L18.1,0.0
RNU5A-2P,0.0
RP11-472F19.1,0.0
MIPEPP2,0.0
RP11-136B18.1,0.0
SNORA75,0.0
MTND5P18,0.0
RP11-234K19.1,0.0
OR7E94P,0.0
SNORA25,0.0
RN7SKP195,0.0
snoU13,0.0
Y_RNA,0.0
SNORD42,0.0
BIN2P1,0.0
RNU6-499P,0.0
RNU6-968P,0.0
RNU5F-8P,0.0
RP11-467I20.6,0.0
RP11-467I20.4,0.0
AL031005.1,0.0
RP11-628K18.1,0.0
RP11-487E1.2,0.0
MIR1256,0.0
RNU7-200P,0.0
RP5-930J4.5,0.0
RP11-467I20.2,0.0
MIR4452,0.0
RN7SKP96,0.0
AC098870.1,0.0
MIR4451,0.0
AL646016.1,0.0
RNU6-469P,0.0
WDFY3-AS1,0.0
RP11-177F11.1,0.0
RNU6-774P,0.0
Y_RNA,0.0
Y_RNA,0.0
RPL30P5,0.0
RP11-567G24.3,0.0
RNU6-615P,0.0
snoR442,0.0
MIR575,0.0
Y_RNA,0.0
RNU6-1298P,0.0
RP11-147K6.2,0.0
RNU6ATAC31P,0.0
RNU6-818P,0.0
RP11-147K6.1,0.0
RP11-35L17.3,0.0
snoU13,0.0
Y_RNA,0.0
RP11-544D21.1,0.0
RP11-544D21.2,0.0
Y_RNA,0.0
AL445675.1,0.0
RP11-498M14.1,0.0
MIR5705,0.0
RSL24D1P4,0.0
snoU13,0.0
RNU4-28P,0.0
RN7SL277P,0.0
RN7SL85P,0.0
RP11-562F9.2,0.0
AC093847.1,0.0
RP11-435I3.1,0.0
KRT19P6,0.0
AC004054.1,0.0
RP11-11N6.1,0.0
RN7SKP248,0.0
RNU6-907P,0.0
RN7SKP244,0.0
RP11-513D4.2,0.0
AC083829.1,0.0
Y_RNA,0.0
HMGB3P15,0.0
RP11-363G15.2,0.0
RNA5SP164,0.0
RP11-703C10.1,0.0
RP11-131K17.1,0.0
RP11-428L21.1,0.0
RP11-513D4.3,0.0
RP3-340N1.6,0.0
RN7SKP12,0.0
RNA5SP81,0.0
RNU6-1139P,0.0
MIR3123,0.0
RP11-80B9.4,0.0
RP11-91K11.2,0.0
RNF186,0.0
RP5-1056L3.1,0.0
Y_RNA,0.0
RP11-369I16.1,0.0
AC034154.1,0.0
RN7SKP55,0.0
RP11-431J17.1,0.0
RN7SKP28,0.0
AC099757.1,0.0
RNU6-34P,0.0
RNU6-1059P,0.0
PDHA2,0.0
RN7SL148P,0.0
RP11-370K11.1,0.0
RP11-554D13.1,0.0
AC109925.1,0.0
MIR4677,0.0
AC092782.1,0.0
RNU6-747P,0.0
RP11-261C10.1,0.0
RP11-696N14.3,0.0
RP11-690C23.3,0.0
RP11-690C23.5,0.0
Y_RNA,0.0
RNU6-1283P,0.0
RP11-522M21.2,0.0
AL359983.1,0.0
MIR3684,0.0
DNAJC19P8,0.0
RNU7-149P,0.0
RNU6-999P,0.0
RP11-1299A16.1,0.0
RP11-724M22.1,0.0
Y_RNA,0.0
RNU6-1089P,0.0
snoU13,0.0
RNU7-151P,0.0
AF213884.3,0.0
AF213884.1,0.0
RN7SL728P,0.0
RP11-498M5.2,0.0
MTND5P5,0.0
RNU6-462P,0.0
MIR1255A,0.0
RNU6-947P,0.0
EMCN-IT2,0.0
AL445464.1,0.0
RP4-682C21.5,0.0
RP11-588P8.1,0.0
RP11-15B17.3,0.0
TET2-AS1,0.0
SNORA31,0.0
RNU6-503P,0.0
RNU6-351P,0.0
VN1R17P,0.0
RP11-395M19.1,0.0
RNA5SP82,0.0
AC004063.1,0.0
AC004052.1,0.0
RP11-729M20.1,0.0
RP11-703G6.1,0.0
RNU6-635P,0.0
FGFR3P6,0.0
RP11-551G24.3,0.0
SNORA25,0.0
ACTR3BP4,0.0
AC084209.1,0.0
RP11-397A15.4,0.0
RPSAP34,0.0
RNU6-733P,0.0
SNORD112,0.0
RNU6-551P,0.0
SNORD112,0.0
ACTR6P1,0.0
RP11-978I15.10,0.0
AC093680.1,0.0
GIMD1,0.0
OR2B11,0.0
RNA5SP20,0.0
ATP5EP1,0.0
RNU6-553P,0.0
RN7SL89P,0.0
RP11-777N19.1,0.0
RNU7-8P,0.0
AC095030.1,0.0
snoU2_19,0.0
AC096951.1,0.0
RPL7L1P13,0.0
RNU6-205P,0.0
RP11-433B3.1,0.0
RP11-415A20.1,0.0
RN7SL275P,0.0
RNU6-35P,0.0
RNU6-161P,0.0
MIR576,0.0
AC104458.1,0.0
RP11-335E14.1,0.0
RP11-75N20.2,0.0
OR2X1P,0.0
OR2AJ1,0.0
MIR302C,0.0
MIR302A,0.0
MIR302D,0.0
MIR367,0.0
RP11-402J6.2,0.0
Y_RNA,0.0
TUBB8P3,0.0
OR9H1P,0.0
RP11-269F21.2,0.0
RP11-269F21.1,0.0
OR13G1,0.0
AC004062.2,0.0
MIR297,0.0
AC024198.1,0.0
RP11-473A10.2,0.0
snoU13,0.0
OR3D1P,0.0
AC004824.2,0.0
RNU6-691P,0.0
MIR3972,0.0
MIR577,0.0
OR2G3,0.0
RP11-397D21.1,0.0
OR2G2,0.0
RP11-650J17.2,0.0
OR2M3,0.0
RP11-119H12.6,0.0
OR2M2,0.0
Y_RNA,0.0
WRBP1,0.0
OR2L3,0.0
EIF3KP3,0.0
RP11-659O3.1,0.0
PGAM4P2,0.0
RPF2P2,0.0
MRPS33P3,0.0
RN7SL808P,0.0
MIR1290,0.0
MIR4695,0.0
Y_RNA,0.0
RP1-8B22.2,0.0
Y_RNA,0.0
RP11-422P22.1,0.0
RP11-174G17,0.0
OR2L6P,0.0
RP11-174G17.2,0.0
RNU4-33P,0.0
RP11-358D17.1,0.0
RNU6-1054P,0.0
NDUFS5P5,0.0
Y_RNA,0.0
OR2AK2,0.0
RPSAP35,0.0
OR2T29,0.0
AC107399.1,0.0
RP11-97F8.1,0.0
RNU6-119P,0.0
RP11-55L3.1,0.0
CUL4AP1,0.0
TRMT112P1,0.0
OR2AS1P,0.0
TTC39CP1,0.0
AC093816.1,0.0
RP11-438F14.3,0.0
RNU6-948P,0.0
RP11-647P12.2,0.0
OR2AS2P,0.0
RN7SKP137,0.0
RNU6-550P,0.0
OR2T5,0.0
OR2T3,0.0
LTV1P1,0.0
OR2T7,0.0
Y_RNA,0.0
OR2T1,0.0
RP11-236P13.1,0.0
SNORA11,0.0
RNU6-1217P,0.0
OR2T6,0.0
RP11-93I21.2,0.0
CTD-2325B11.1,0.0
OR2T4,0.0
RP11-107E21.1,0.0
OR14C36,0.0
OR2M7,0.0
CTB-51E13.1,0.0
AC109357.1,0.0
IL21,0.0
AC093326.1,0.0
RNU6-1205P,0.0
RN7SL335P,0.0
OR14I1,0.0
OR2T11,0.0
TUBB4BP5,0.0
RNY5P4,0.0
RP11-438F14.10,0.0
RP11-419L4.1,0.0
RP11-378N18.1,0.0
Y_RNA,0.0
RP11-392L5.2,0.0
snoU13,0.0
RNU6-583P,0.0
OR2T10,0.0
OR2T34,0.0
RP11-18O11.1,0.0
AC011995.1,0.0
RP11-810P8.1,0.0
Y_RNA,0.0
RP11-318I4.2,0.0
RP11-318I4.1,0.0
AC018685.2,0.0
RP11-149A7.1,0.0
AC018685.1,0.0
RP11-62N21.1,0.0
ELL2P2,0.0
AC108462.1,0.0
SNORA70,0.0
RN7SL205P,0.0
RP11-758B24.1,0.0
RNU6-224P,0.0
AC114808.2,0.0
RP11-401I19.1,0.0
GAPDHP56,0.0
PGBD4P4,0.0
RP11-521E5.1,0.0
AC113607.3,0.0
RP11-782E2.2,0.0
AC116609.1,0.0
RP11-780O17.1,0.0
TARS2P1,0.0
AC093326.2,0.0
RNU6-569P,0.0
RP11-553P9.2,0.0
RP11-192C21.3,0.0
RP11-192C21.2,0.0
CTD-2012I17.1,0.0
AC010729.3,0.0
RNU6-649P,0.0
AC096763.1,0.0
RP11-285A15.1,0.0
AC105252.1,0.0
SNORA31,0.0
LINC00500,0.0
LINC00499,0.0
AC068292.1,0.0
RP11-793B23.1,0.0
RP13-884E18.4,0.0
RP13-884E18.2,0.0
RP11-714L20.1,0.0
STMN1P2,0.0
SERF1AP1,0.0
AC060835.1,0.0
RP11-785F11.1,0.0
AC093875.1,0.0
AC012445.1,0.0
RP11-775H9.1,0.0
RP11-775H9.2,0.0
RP11-775H9.3,0.0
RN7SL531P,0.0
DCDC2C,0.0
RNU6-1214P,0.0
RNU6-1074P,0.0
RNU6-506P,0.0
Y_RNA,0.0
RN7SL311P,0.0
RN7SL382P,0.0
RNU6-531P,0.0
AC093602.1,0.0
RP11-577B7.1,0.0
AC010907.5,0.0
AC093766.1,0.0
snoU13,0.0
RP11-173E2.2,0.0
AC074264.1,0.0
RP11-54P19.1,0.0
AC011995.3,0.0
U91324.1,0.0
AC092580.2,0.0
RP11-208N20.1,0.0
RNU6ATAC37P,0.0
hsa-mir-7515,0.0
AC021021.2,0.0
Y_RNA,0.0
RP11-102N12.2,0.0
Y_RNA,0.0
RP11-5K16.3,0.0
AC105253.1,0.0
RP11-542P2.1,0.0
AC017053.1,0.0
SNORD112,0.0
AL137798.1,0.0
RNU1-3,0.0
AL355149.1,0.0
RN7SL66P,0.0
MIR4261,0.0
SNORA26,0.0
RP11-673E1.4,0.0
RP11-254F7.3,0.0
RP11-521D12.4,0.0
RNU4-73P,0.0
RP13-578N3.3,0.0
Y_RNA,0.0
RP11-58H15.3,0.0
MIR3139,0.0
Y_RNA,0.0
snoU13,0.0
RPS23P4,0.0
RPL30P3,0.0
MIR4429,0.0
RNA5SP84,0.0
AC099344.1,0.0
RNU6-1081P,0.0
GYPB,0.0
Y_RNA,0.0
RP11-245G13.1,0.0
AC092687.4,0.0
MIR3675,0.0
RNU7-176P,0.0
RNU7-138P,0.0
RNU1-4,0.0
AL021920.2,0.0
AL021920.1,0.0
MIR548G,0.0
RP11-292D4.3,0.0
RNA5SP50,0.0
RP11-292D4.2,0.0
RP4-788P17.1,0.0
RNU1-44P,0.0
RN7SKP19,0.0
AC097372.1,0.0
RP11-262K1.1,0.0
RP11-203B7.1,0.0
RNU6-1246P,0.0
Y_RNA,0.0
SNORD18,0.0
RP11-557J10.5,0.0
MIR4262,0.0
NMNAT1P4,0.0
MIR548S,0.0
RNU7-197P,0.0
CTB-191D16.1,0.0
ATP5LP4,0.0
RP11-503L19.1,0.0
RNA5SP166,0.0
AC011994.1,0.0
RP11-76G10.1,0.0
RNA5SP85,0.0
RN7SL254P,0.0
MIR4799,0.0
RNA5SP165,0.0
RNU2-13P,0.0
AC068286.1,0.0
AC011897.2,0.0
RNU6-1288P,0.0
RNU6-1282P,0.0
LINC00276,0.0
AC096559.2,0.0
SNORD73,0.0
RNU6-843P,0.0
RNA5SP168,0.0
ZBTB8OSP1,0.0
AC110813.1,0.0
MIR3681,0.0
RP11-87O11.1,0.0
RNU7-194P,0.0
RP11-423J7.1,0.0
RNU6-1230P,0.0
RNA5SP167,0.0
RNU6-622P,0.0
RP11-93N20.1,0.0
RNU7-179P,0.0
RP4-612J11.1,0.0
AC099339.1,0.0
MIR3140,0.0
RN7SL446P,0.0
AC079340.1,0.0
RNU4ATAC8P,0.0
AC010745.1,0.0
RNA5SP169,0.0
SNORA40,0.0
RP11-73G16.2,0.0
RP11-73G16.3,0.0
WI2-2221J1.1,0.0
RP11-424M21.1,0.0
RN7SKP35,0.0
AC097455.1,0.0
AC079298.1,0.0
AC020703.1,0.0
RP11-153M7.3,0.0
AC013477.1,0.0
Y_RNA,0.0
RNU6-1196P,0.0
AC142119.1,0.0
AC010145.4,0.0
RN7SL104P,0.0
MYCNUN,0.0
RP11-5P18.3,0.0
snoU13,0.0
snoU13,0.0
RNU5E-7P,0.0
AC113608.1,0.0
RP4-680D5.4,0.0
MTND6P17,0.0
RP11-627H22.9,0.0
RP11-27G13.5,0.0
AC008278.3,0.0
RP11-27G13.3,0.0
RP11-27G13.1,0.0
RP11-32P22.1,0.0
RNU2-44P,0.0
RNU2-66P,0.0
RP11-21G20.4,0.0
MIR4757,0.0
RP11-21G20.1,0.0
RP11-158C21.3,0.0
RNU6-1215P,0.0
SNORA40,0.0
RP11-290O12.1,0.0
RP11-154F14.2,0.0
RP11-171N4.4,0.0
RP11-171N4.3,0.0
MSGN1,0.0
RN7SKP168,0.0
AC108211.1,0.0
RP13-487K5.1,0.0
MTND1P22,0.0
MTND2P33,0.0
AC008069.1,0.0
RP11-627H22.6,0.0
MTATP6P9,0.0
RP11-627H22.8,0.0
MTND3P3,0.0
MTND4P8,0.0
MTND5P9,0.0
AC010880.1,0.0
RNU6-128P,0.0
RP11-781M16.1,0.0
RNU4-79P,0.0
RP11-312A15.3,0.0
AC010745.4,0.0
Y_RNA,0.0
AC010745.3,0.0
AC093817.1,0.0
AC010745.2,0.0
AC079233.1,0.0
RP11-392C20.1,0.0
RNU6-582P,0.0
Y_RNA,0.0
RPPH1-3P,0.0
AC067959.1,0.0
TOMM22P4,0.0
MTHFD2P4,0.0
RP11-79J24.1,0.0
AC106860.1,0.0
RPS14P7,0.0
RP11-116D2.1,0.0
RP11-6C14.1,0.0
U3,0.0
RP11-138A23.2,0.0
RP11-138A23.1,0.0
AC105316.1,0.0
MIR3688-2,0.0
AC095064.1,0.0
Y_RNA,0.0
FABP5P12,0.0
AC093700.1,0.0
Y_RNA,0.0
RP11-366M4.15,0.0
RNA5SP86,0.0
AC007041.1,0.0
RNU7-113P,0.0
RNU6-668P,0.0
RNU6-961P,0.0
RP11-294O2.1,0.0
RNU6-284P,0.0
RP11-75A5.1,0.0
RN7SKP105,0.0
AC093788.1,0.0
RPL35AP12,0.0
RN7SL140P,0.0
RP11-580J4.1,0.0
AC010096.2,0.0
snoU13,0.0
RP11-310I9.1,0.0
RP11-521F1.1,0.0
RN7SKP188,0.0
PHBP14,0.0
RN7SL776P,0.0
RP11-436A7.1,0.0
RNA5SP171,0.0
Y_RNA,0.0
AC093874.1,0.0
RNA5SP170,0.0
AC012506.3,0.0
SCGB1D5P,0.0
AC012506.2,0.0
RNU4-87P,0.0
AC012506.1,0.0
RP4-597A16.3,0.0
AC016768.1,0.0
PRAMEF20,0.0
PRAMEF17,0.0
RP11-6E9.5,0.0
RN7SKP27,0.0
RP11-205M3.1,0.0
AC106878.1,0.0
AC096570.1,0.0
AC096570.2,0.0
RNY4P17,0.0
RNU6-853P,0.0
RNA5SP87,0.0
RNU6-1336P,0.0
AC099799.1,0.0
BTF3L4P4,0.0
RNU6ATAC13P,0.0
RP11-213L8.1,0.0
RP11-796L2.1,0.0
RP11-654F3.1,0.0
APOBEC3AP1,0.0
RP11-6E9.4,0.0
AC068044.1,0.0
AC068490.1,0.0
RP1-21O18.3,0.0
AC068490.2,0.0
RP11-344F13.1,0.0
RNU6-1265P,0.0
RN7SL117P,0.0
CTA-520D8.2,0.0
AL359771.1,0.0
RNA5SP41,0.0
RP11-531P14.1,0.0
RP11-248N22.2,0.0
AC011752.1,0.0
AC064847.4,0.0
RP11-475B2.1,0.0
Y_RNA,0.0
AC104699.1,0.0
RNU6-1096P,0.0
MIR548T,0.0
MIR1301,0.0
RP11-97E7.2,0.0
RP11-97E7.1,0.0
AC012457.2,0.0
RP11-384D10.1,0.0
RP11-344G13.2,0.0
RP11-344G13.1,0.0
RP11-806K15.1,0.0
Y_RNA,0.0
SNORD14,0.0
RNU6-936P,0.0
RNA5SP88,0.0
RP11-287F9.2,0.0
RP11-287F9.1,0.0
RP11-391J13.1,0.0
RP13-577H12.2,0.0
AC105914.1,0.0
RP13-577H12.3,0.0
SCARNA21,0.0
RNU6-370P,0.0
RP11-440I14.4,0.0
AC013472.4,0.0
MIR4276,0.0
RNA5SP173,0.0
RNU1-45P,0.0
snoU13,0.0
AC015977.5,0.0
RP11-140M13.1,0.0
AC078881.1,0.0
NEGR1-IT1,0.0
RN7SKP136,0.0
RP11-175G14.2,0.0
RP11-624A4.1,0.0
RP11-313E19.2,0.0
RP11-313E19.1,0.0
SNORA51,0.0
AC110794.1,0.0
AL360297.1,0.0
RP3-333A15.2,0.0
RP11-99H8.1,0.0
AC106870.2,0.0
RN7SKP67,0.0
RNU2-34P,0.0
MIR1305,0.0
AC106899.1,0.0
AC105398.1,0.0
RN7SKP13,0.0
RP11-665C14.2,0.0
RP11-665C14.1,0.0
LINC00290,0.0
RP11-460H9.1,0.0
Y_RNA,0.0
RP11-774G5.1,0.0
RP11-296L20.1,0.0
SNORD65,0.0
RP11-162O12.1,0.0
SNORD53_SNORD92,0.0
SNORD53,0.0
RNU6-1053P,0.0
SNORD92,0.0
RNU6-479P,0.0
snoU13,0.0
SNRPGP7,0.0
AC093844.1,0.0
snoU13,0.0
snoU13,0.0
WWC2-AS1,0.0
U3,0.0
RNU7-158P,0.0
AC110084.1,0.0
RP11-335L23.2,0.0
PRAMEF9,0.0
RP11-219C24.6,0.0
PRAMEF8,0.0
RNU6-771P,0.0
RP11-219C24.8,0.0
PRAMEF5,0.0
RNU6-986P,0.0
RNU6-647P,0.0
MIR4455,0.0
RP11-701P16.3,0.0
AL121655.1,0.0
MIR3945,0.0
AL121652.1,0.0
SNORD79,0.0
RN7SL28P,0.0
AC079080.1,0.0
SNORA31,0.0
RNU4-64P,0.0
snoU13,0.0
Y_RNA,0.0
AC093824.1,0.0
RP11-386B13.1,0.0
PRAMEF19,0.0
PRAMEF14,0.0
PRAMEF15,0.0
XX-FW84067D5.2,0.0
XX-FW84067D5.1,0.0
PRAMEF21,0.0
PRAMEF16,0.0
PRAMEF18,0.0
PRAMEF13,0.0
RP11-219C24.10,0.0
RP11-756P10.4,0.0
RNU7-192P,0.0
AL121652.2,0.0
AL133249.1,0.0
RP11-366H4.3,0.0
AL133247.3,0.0
RNU6-173P,0.0
AL133247.2,0.0
RNA5SP90,0.0
RP11-91J3.1,0.0
AC009305.2,0.0
RP11-91J3.2,0.0
RP11-138B4.1,0.0
RP11-308K2.1,0.0
AC108865.1,0.0
AC009305.1,0.0
U85056.3,0.0
U85056.4,0.0
CLUHP4,0.0
AC073255.1,0.0
AC104698.2,0.0
RNA5SP175,0.0
RNA5SP174,0.0
AC016907.2,0.0
AC016907.1,0.0
RP11-529E15.1,0.0
AF250324.1,0.0
RP11-462G22.1,0.0
RP11-706F1.2,0.0
RP11-818C3.1,0.0
RP11-756P10.2,0.0
RP11-756P10.5,0.0
AC011748.1,0.0
MIR4635,0.0
AC116351.2,0.0
AC116351.1,0.0
AC009499.2,0.0
AC097506.1,0.0
MIR4456,0.0
Y_RNA,0.0
DUX4L2,0.0
DUX4L3,0.0
DUX4,0.0
AC069303.1,0.0
DUX4L5,0.0
DUX4L6,0.0
DUX4L7,0.0
DUX4L8,0.0
LINC01019,0.0
CTD-2029E14.1,0.0
RP11-35O7.1,0.0
RP11-468D11.1,0.0
MYADML,0.0
ATP6V0E1P3,0.0
Y_RNA,0.0
RNA5SP92,0.0
CTD-2194D22.2,0.0
CTD-2194D22.1,0.0
RNA5SP91,0.0
MIR4277,0.0
RP11-325I22.1,0.0
MIR4457,0.0
AL133244.1,0.0
SNORD112,0.0
MIR4765,0.0
RN7SKP73,0.0
CTD-2247C11.5,0.0
CTD-2247C11.4,0.0
MIR558,0.0
CTD-2247C11.2,0.0
CTD-2046I8.1,0.0
CTD-2161F6.1,0.0
CTD-2161F6.2,0.0
CTD-2161F6.3,0.0
CTD-2318H23.1,0.0
CTD-2008N3.1,0.0
CTD-2383I20.1,0.0
CTD-2287N17.1,0.0
RP11-121L11.2,0.0
RP11-121L11.3,0.0
CTD-2296D1.2,0.0
CTD-2296D1.1,0.0
RP11-404K5.4,0.0
COX6B1P7,0.0
RP11-404K5.1,0.0
RP11-404K5.3,0.0
RNA5SP176,0.0
RP11-122F24.1,0.0
RP11-332J15.2,0.0
RN7SKP79,0.0
CTD-2195M18.2,0.0
HMGB3P3,0.0
AC026797.1,0.0
MIR1262,0.0
RNU7-80P,0.0
RNU6-577P,0.0
RP11-78I14.1,0.0
CTD-2201E9.4,0.0
MIR4636,0.0
AC009414.1,0.0
RP11-417J1.3,0.0
RNU6-1117P,0.0
RP11-480D4.5,0.0
MIR548AD,0.0
RP11-215I16.1,0.0
RNU1-76P,0.0
CTD-2072I24.1,0.0
RP11-711G10.1,0.0
AC013442.1,0.0
CTD-2296D1.5,0.0
CTD-2296D1.4,0.0
CTD-2296D1.3,0.0
WI2-3308P17.2,0.0
RN7SL602P,0.0
RP11-450I1.4,0.0
PRAMEF6,0.0
RP11-450I1.2,0.0
RNU6-1072P,0.0
PRAMEF7,0.0
Y_RNA,0.0
Y_RNA,0.0
CTD-2199O4.3,0.0
RNU6-939P,0.0
RP11-447B18.1,0.0
AC007390.4,0.0
CTD-2001E22.1,0.0
SNORD123,0.0
RNU6-846P,0.0
RNU6-679P,0.0
RNU6-429P,0.0
RN7SL242P,0.0
RP11-181B18.1,0.0
AC112200.1,0.0
RP11-379C1.1,0.0
ROPN1L-AS1,0.0
RP11-248D7.2,0.0
PRAMEF3,0.0
PRAMEF26,0.0
WI2-2994D6.1,0.0
RP13-221M14.4,0.0
RP13-221M14.3,0.0
RP13-221M14.2,0.0
PRAMEF25,0.0
RP13-221M14.6,0.0
MIR887,0.0
CTD-2350J17.1,0.0
RP3-380B4.1,0.0
RP11-74K19.1,0.0
RP5-1033K19.2,0.0
U8,0.0
RNU6-1185P,0.0
AC016575.1,0.0
MIR4637,0.0
Y_RNA,0.0
CTD-2042D5.1,0.0
RPS23P5,0.0
CTC-305H11.1,0.0
AC016553.1,0.0
RP11-419C19.2,0.0
AC106771.1,0.0
RNU6-1003P,0.0
RN7SL96P,0.0
RNA5SP180,0.0
Y_RNA,0.0
RNU6-851P,0.0
RNU6-660P,0.0
AC018693.5,0.0
Y_RNA,0.0
AC093822.1,0.0
RP1-167G20.2,0.0
AC006369.3,0.0
RP11-19O2.4,0.0
RNU6-242P,0.0
RP11-19O2.1,0.0
AC016735.1,0.0
RNA5SP178,0.0
RP11-321E2.9,0.0
RP11-321E2.8,0.0
RP11-321E2.7,0.0
RP11-321E2.2,0.0
AC074375.1,0.0
RP11-321E2.11,0.0
RP11-321E2.6,0.0
RP11-321E2.12,0.0
RP11-321E2.13,0.0
RP11-321E2.5,0.0
RP11-321E2.4,0.0
Y_RNA,0.0
AC025750.7,0.0
CTD-2139B15.2,0.0
SNORD75,0.0
RNU4-63P,0.0
RP11-432M8.18,0.0
RP11-432M8.16,0.0
RP11-432M8.14,0.0
RP11-432M8.15,0.0
Y_RNA,0.0
snoZ247,0.0
AC010739.1,0.0
RP11-432M8.10,0.0
RP11-432M8.20,0.0
RP11-432M8.6,0.0
RP11-432M8.7,0.0
RP11-432M8.5,0.0
RP11-432M8.4,0.0
RP11-432M8.3,0.0
RP11-432M8.1,0.0
RP11-432M8.2,0.0
RP11-697E23.1,0.0
CTD-2333M24.1,0.0
AC007317.1,0.0
RP11-420O16.1,0.0
RP11-61K20.1,0.0
AC118463.1,0.0
HSPD1P15,0.0
RPL32P14,0.0
AC007377.1,0.0
RP11-81B23.1,0.0
CTD-2151L9.2,0.0
UBE2V1P12,0.0
snoU13,0.0
RN7SL58P,0.0
SNORD81,0.0
AC017006.3,0.0
RP11-197O8.1,0.0
RN7SL414P,0.0
CTD-2351A8.1,0.0
CTD-2272G21.1,0.0
Y_RNA,0.0
CTD-2272G21.3,0.0
RN7SL572P,0.0
CTD-2234B20.1,0.0
AC067957.1,0.0
snoU13,0.0
RP11-855C21.1,0.0
AC140132.1,0.0
RNU6-566P,0.0
Y_RNA,0.0
RNU6-958P,0.0
TCEB2P3,0.0
AC073082.3,0.0
RNU6-738P,0.0
CTD-2533K21.3,0.0
RNU6-282P,0.0
RNU4-43P,0.0
RNU6-374P,0.0
Y_RNA,0.0
RP11-730N24.2,0.0
RP11-730N24.1,0.0
SNORD29,0.0
RP11-12P19.1,0.0
RP11-12P19.2,0.0
CTD-2074D8.1,0.0
Y_RNA,0.0
CTD-2138O14.1,0.0
SNORA40,0.0
CTD-2127O16.2,0.0
RP11-136H13.2,0.0
RP11-136H13.1,0.0
RN7SKP207,0.0
CTD-2057J6.1,0.0
CTD-2057J6.2,0.0
CTD-2011G17.1,0.0
UBL5P1,0.0
CTD-2010I22.2,0.0
RN7SKP224,0.0
RP11-42L13.2,0.0
SNORA18,0.0
AC079807.1,0.0
RNU6-688P,0.0
RP11-560A7.1,0.0
AC010455.1,0.0
AC025458.1,0.0
AC006509.4,0.0
MIR559,0.0
RNU6-760P,0.0
snoU13,0.0
RNU6-358P,0.0
AC016696.1,0.0
RP11-5N11.6,0.0
RP11-5N11.5,0.0
RP11-5N11.4,0.0
RP11-5N11.3,0.0
Y_RNA,0.0
RP11-5N11.2,0.0
RNU6-363P,0.0
Y_RNA,0.0
RP11-152K4.2,0.0
AC010368.1,0.0
ZNF863P,0.0
AC097463.2,0.0
CRYGGP,0.0
RNU6-923P,0.0
CTD-2233C11.2,0.0
AC007402.1,0.0
AC007680.2,0.0
AC026703.2,0.0
AC007682.3,0.0
MIR579,0.0
AC008949.1,0.0
RNU6-378P,0.0
RNU6-1079P,0.0
Y_RNA,0.0
MIR4279,0.0
AC007682.2,0.0
RNU6ATAC18P,0.0
AC007560.2,0.0
SNORA70,0.0
RP5-1118D24.2,0.0
AC009234.2,0.0
MIR580,0.0
SNORA75,0.0
RNU6-439P,0.0
RP11-79C6.3,0.0
RP11-79C6.1,0.0
CTD-2113L7.1,0.0
RNU7-130P,0.0
U3,0.0
FSHR,0.0
AC010368.2,0.0
RNU6-1190P,0.0
RP11-648M2.1,0.0
RNU7-75P,0.0
RNU7-172P,0.0
CTD-2282P23.1,0.0
RNA5SP181,0.0
MIR3682,0.0
PRAMEF4,0.0
snoU13,0.0
RP5-845O24.3,0.0
PRAMEF11,0.0
AC008064.1,0.0
RNU6-997P,0.0
AC069157.1,0.0
SCARNA16,0.0
snoU13,0.0
CCDC11P1,0.0
AC010967.1,0.0
AC010967.3,0.0
RP11-122C5.2,0.0
MIR4431,0.0
EGFLAM-AS1,0.0
EGFLAM-AS2,0.0
EGFLAM-AS3,0.0
FTH1P6,0.0
AC074129.1,0.0
AC139712.4,0.0
SNORA31,0.0
CTD-2194L12.3,0.0
AL354978.1,0.0
AC008869.1,0.0
RNU6-634P,0.0
AC019198.1,0.0
Y_RNA,0.0
RNU6-221P,0.0
CTD-2062O1.1,0.0
RNU6-775P,0.0
AC093165.1,0.0
RP11-301A5.2,0.0
RNU7-161P,0.0
SNORD72,0.0
RNU6-433P,0.0
SNORA63,0.0
AC108105.1,0.0
RNU1-150P,0.0
LINC00604,0.0
LINC00603,0.0
GCSHP1,0.0
RP11-357F12.1,0.0
RP11-53O19.2,0.0
RN7SL383P,0.0
RP11-503D12.1,0.0
RP11-473L15.3,0.0
RNU7-81P,0.0
AC104781.1,0.0
RNU6-381P,0.0
RP11-8L21.1,0.0
RP11-447H19.2,0.0
CTD-2201E18.1,0.0
AC008173.1,0.0
RNA5SP93,0.0
MIR216B,0.0
MIR216A,0.0
MIR217,0.0
CTD-2335O3.2,0.0
RN7SL392P,0.0
snoU13,0.0
RNU6-1296P,0.0
AC091866.1,0.0
RNU6-480P,0.0
CTD-2089N3.3,0.0
RP11-393N21.1,0.0
CTD-2089N3.1,0.0
RP11-317O24.2,0.0
RP11-317O24.3,0.0
RNU6-1031P,0.0
RP11-269M20.2,0.0
CTD-2013M15.1,0.0
RP11-484L7.2,0.0
RP11-484L7.1,0.0
MIR4459,0.0
RNU4ATAC4P,0.0
MIR581,0.0
RNU6-272P,0.0
AL109843.1,0.0
AC025175.1,0.0
RNU6-586P,0.0
AC024569.1,0.0
RNU6-508P,0.0
AC007179.2,0.0
CTD-2141G3.1,0.0
RPS17P11,0.0
CTD-2203A3.1,0.0
RP11-569H17.1,0.0
RNA5SP182,0.0
CTD-2335O3.3,0.0
MIR449B,0.0
MIR449A,0.0
AC007179.1,0.0
GZMAP1,0.0
CTD-2313F11.3,0.0
CTD-2313F11.2,0.0
Y_RNA,0.0
AC007131.3,0.0
CTD-2313F11.1,0.0
RP11-45H22.3,0.0
RP11-45H22.2,0.0
AC007131.2,0.0
AC112198.2,0.0
RP11-444A22.1,0.0
RPL37P25,0.0
AC007131.1,0.0
AC007250.4,0.0
AC008391.1,0.0
AC073215.1,0.0
SNORD78,0.0
RNA5SP185,0.0
RNA5SP184,0.0
RNU6-299P,0.0
CTD-2227I18.1,0.0
snoU13,0.0
AC008914.1,0.0
RP11-175M2.1,0.0
RP11-127H13.1,0.0
RP11-443I9.1,0.0
MIR5687,0.0
snoU13,0.0
MIR449C,0.0
AC016894.1,0.0
C2orf74,0.0
RNA5SP95,0.0
snoU13,0.0
RNU6-537P,0.0
snoU13,0.0
RN7SL632P,0.0
AC116606.1,0.0
AC008780.1,0.0
Y_RNA,0.0
RP11-101B14.1,0.0
RP11-101B14.4,0.0
RNU6-612P,0.0
snoU13,0.0
RP11-416L21.1,0.0
AC008940.1,0.0
RPL5P15,0.0
RN7SL361P,0.0
MIR4432,0.0
MIR548AE2,0.0
CTD-2117L12.3,0.0
RNU1-32P,0.0
AC007381.3,0.0
MIR4632,0.0
RNA5SP94,0.0
Y_RNA,0.0
AC092155.4,0.0
RP5-1077B9.5,0.0
RNU5E-4P,0.0
RN7SL18P,0.0
RP11-56N19.5,0.0
RP11-642D6.1,0.0
CTD-2244C20.1,0.0
snoU13,0.0
RNU6-913P,0.0
RN7SL51P,0.0
MIR5192,0.0
AC008836.1,0.0
RNU6-1145P,0.0
AC016727.1,0.0
AC109133.1,0.0
RP11-546M4.1,0.0
RNU6-806P,0.0
CTD-2254N19.1,0.0
MIR582,0.0
SNORA70B,0.0
Y_RNA,0.0
RN7SL341P,0.0
RPEP1,0.0
AC007365.2,0.0
Y_RNA,0.0
MRPL49P1,0.0
RNU6-294P,0.0
RN7SL169P,0.0
RNU6-100P,0.0
AC016561.1,0.0
MIR4433,0.0
RP11-158J3.2,0.0
CTD-2049O17.1,0.0
RP11-586E1.1,0.0
RP11-95I19.2,0.0
RNU6-661P,0.0
RN7SKP157,0.0
CTD-2244C20.2,0.0
RP11-83M16.2,0.0
RP11-83M16.1,0.0
AC079467.1,0.0
AC114752.3,0.0
CTD-2187J20.1,0.0
AC114752.1,0.0
CTD-2306M10.1,0.0
MAST4-IT1,0.0
RP11-547M24.1,0.0
RP11-5P22.3,0.0
AC096664.3,0.0
snoU13,0.0
SNORA76,0.0
RP11-511I11.2,0.0
RNU6-540P,0.0
MIR101-1,0.0
MIR3671,0.0
SNORA50,0.0
RNU6-1176P,0.0
RP11-340F16.1,0.0
Vault,0.0
RP11-141O11.1,0.0
U8,0.0
VWA8P1,0.0
CTC-340D7.1,0.0
AC007389.2,0.0
CTC-537E7.1,0.0
CTD-2582M21.1,0.0
SNORA74,0.0
RNU6-1232P,0.0
CTD-2060F24.1,0.0
AC010376.1,0.0
AC007386.4,0.0
snoU13,0.0
MIR4778,0.0
RP11-1415C14.2,0.0
RP11-1415C14.1,0.0
CDH12P2,0.0
RP11-98J23.1,0.0
RP11-974F13.5,0.0
AC118345.2,0.0
snoU13,0.0
RNU6-724P,0.0
RN7SL616P,0.0
AC074391.2,0.0
RPS27P14,0.0
RN7SL476P,0.0
MIR3117,0.0
RNU4-88P,0.0
MIR4803,0.0
RN7SL854P,0.0
AC143336.1,0.0
snoU13,0.0
RP11-136K7.1,0.0
AC145141.2,0.0
RNU2-15P,0.0
RP5-1044H5.2,0.0
MRPS21P1,0.0
RP11-1198D22.2,0.0
RP11-1198D22.3,0.0
CDH12P4,0.0
CDH12P1,0.0
RP4-535B20.2,0.0
AC017083.3,0.0
RP11-79P5.5,0.0
AC017083.1,0.0
RP11-60A8.2,0.0
AC079112.1,0.0
AC007403.3,0.0
AC116345.1,0.0
RP11-232L2.1,0.0
RP11-232L2.2,0.0
Y_RNA,0.0
MIR4804,0.0
Y_RNA,0.0
AC063979.1,0.0
AC007403.1,0.0
AC007403.2,0.0
AC009474.1,0.0
AC007392.4,0.0
CTD-2503O16.1,0.0
MEIS1-AS1,0.0
MIR1285-2,0.0
SNORA40,0.0
RN7SL470P,0.0
CTC-419K13.1,0.0
snoU13,0.0
CTD-2275D24.2,0.0
CTD-2275D24.1,0.0
Y_RNA,0.0
CTD-2275D24.4,0.0
AC106732.1,0.0
CTD-2292M14.1,0.0
RP11-428C6.2,0.0
RNU7-196P,0.0
AC008387.1,0.0
RP11-85D18.1,0.0
RNU6-1216P,0.0
RNA5SP96,0.0
MIR3126,0.0
AC097495.3,0.0
CTC-235G5.1,0.0
AC097495.2,0.0
BIN2P2,0.0
RP11-524L6.3,0.0
RP11-524L6.4,0.0
SLC25A5P9,0.0
RNU6-680P,0.0
RNU7-175P,0.0
CTD-2235C13.2,0.0
SUMO2P5,0.0
RP11-229C3.4,0.0
snoU13,0.0
CTD-2275D10.2,0.0
AC007881.1,0.0
OR7E62P,0.0
AC007881.2,0.0
RNA5SP186,0.0
OR7E46P,0.0
Y_RNA,0.0
AL713997.1,0.0
AC007040.1,0.0
RP11-340B24.3,0.0
MIR1273D,0.0
RNU6-828P,0.0
AL590639.1,0.0
AC007040.3,0.0
RP11-558F24.2,0.0
AC007040.2,0.0
SNORA18,0.0
CTC-422A18.1,0.0
RNY3P1,0.0
snoU13,0.0
CTD-2045M21.1,0.0
Y_RNA,0.0
RNU6-183P,0.0
AC017084.1,0.0
RNU6-542P,0.0
AC024568.1,0.0
CATX-2,0.0
RNA5SP97,0.0
HMGB1P35,0.0
RP11-51I5.1,0.0
RNU6ATAC36P,0.0
AC114969.1,0.0
RNU6-111P,0.0
SNORD78,0.0
CTD-2193P3.2,0.0
CTD-2193P3.1,0.0
RNU2-39P,0.0
AC079117.2,0.0
RNU6-211P,0.0
SNORA31,0.0
AC079117.1,0.0
snoU13,0.0
RNA5SP98,0.0
RP11-168A11.1,0.0
CTC-431G16.3,0.0
RN7SKP164,0.0
Y_RNA,0.0
RP11-456A14.1,0.0
RNU4-11P,0.0
RNU6-620P,0.0
RN7SKP295,0.0
RP11-335E8.1,0.0
AC073091.2,0.0
SUCLA2P2,0.0
CTD-2227C6.3,0.0
CTD-2218K11.3,0.0
snoU13,0.0
CTD-2218K11.2,0.0
CTD-2015A6.2,0.0
CTD-2015A6.1,0.0
RPS23P5,0.0
U3,0.0
snoU109,0.0
NBPF22P,0.0
GAPDHP57,0.0
CTD-2036A18.2,0.0
AC010595.1,0.0
AC026700.1,0.0
snoU13,0.0
CTD-2331D11.3,0.0
MIR5000,0.0
RP11-1072N2.4,0.0
RP11-1072N2.3,0.0
RP11-1072N2.2,0.0
RBBP4P6,0.0
CTC-384G19.1,0.0
RP11-509M23.1,0.0
RNU6-448P,0.0
AC109496.1,0.0
CTC-498M16.3,0.0
SNORA70,0.0
CTD-2316B1.1,0.0
RNU6-727P,0.0
RNU6-606P,0.0
RN7SL629P,0.0
AC096753.1,0.0
RN7SKP34,0.0
MIR4264,0.0
CTC-493L21.2,0.0
RNU6-561P,0.0
RNU6-804P,0.0
CTD-2299E8.1,0.0
CTC-261N6.2,0.0
CTC-261N6.1,0.0
CTC-261N6.3,0.0
SNORA77,0.0
Y_RNA,0.0
RNU6-991P,0.0
PCBP2P3,0.0
CTD-2061E19.6,0.0
AC010975.2,0.0
CTD-2266L18.1,0.0
RP11-61G23.2,0.0
AC010975.1,0.0
MIR3660,0.0
AC113167.2,0.0
AC011754.1,0.0
RP11-116A1.1,0.0
CTD-2232E5.2,0.0
CTC-467M3.1,0.0
CTC-467M3.3,0.0
REG3A,0.0
REG1P,0.0
REG1B,0.0
AC026781.1,0.0
RNU6-812P,0.0
CTC-529L17.1,0.0
RNA5SP40,0.0
Z98044.1,0.0
SCARNA16,0.0
RN7SL451P,0.0
RNU6-827P,0.0
RNU6-304P,0.0
RP11-185B14.1,0.0
RP4-633I8.3,0.0
Y_RNA,0.0
AC092660.1,0.0
AC079117.3,0.0
AC020900.2,0.0
AC020900.1,0.0
RP11-254I22.2,0.0
RNU6-524P,0.0
MIR583,0.0
FABP5P5,0.0
MTND5P27,0.0
MTND4P25,0.0
AC109638.1,0.0
AC010105.1,0.0
CTC-558O19.1,0.0
CTC-484P3.3,0.0
Y_RNA,0.0
AC093311.1,0.0
AC105761.1,0.0
AC079896.1,0.0
RNU6-731P,0.0
RP1-202O8.2,0.0
RP11-474J18.2,0.0
MRPS35P2,0.0
RP11-274E7.1,0.0
AC008834.1,0.0
AC008834.2,0.0
RN7SL201P,0.0
RNA5SP99,0.0
RP11-155G15.3,0.0
AC012075.2,0.0
CTD-2278B20.1,0.0
AC012075.1,0.0
CTD-2215E18.2,0.0
Y_RNA,0.0
AC016670.1,0.0
RP11-93O17.1,0.0
Y_RNA,0.0
RNU6-402P,0.0
CSNK1A1P3,0.0
AC022142.1,0.0
RN7SL729P,0.0
AC016716.2,0.0
AC022210.1,0.0
RNU1-7P,0.0
AC106874.3,0.0
AC106874.1,0.0
RP3-453P22.2,0.0
RNU1-8P,0.0
AC016908.1,0.0
snoU13,0.0
RP11-1152B5.1,0.0
OR7H2P,0.0
RN7SL802P,0.0
MIR548P,0.0
RN7SKP62,0.0
CTC-293G12.1,0.0
AC104395.2,0.0
RNU6-1119P,0.0
RP11-475J5.10,0.0
RP11-475J5.7,0.0
Y_RNA,0.0
SNORD112,0.0
CTD-2160D9.1,0.0
CTD-2151A2.3,0.0
CTD-2151A2.2,0.0
CTD-2151A2.1,0.0
RNU6-1312P,0.0
RNA5SP189,0.0
RAB9BP1,0.0
RP11-6N13.4,0.0
RNU6-334P,0.0
RNU1-140P,0.0
RPL37P10,0.0
AC010744.1,0.0
CTD-2154H6.1,0.0
CTC-503K11.2,0.0
AC098817.3,0.0
MTND6P7,0.0
Y_RNA,0.0
RNA5SP49,0.0
CTD-2333K2.1,0.0
RNA5SP188,0.0
AC012603.1,0.0
RN7SL251P,0.0
RP11-231G15.1,0.0
RP11-231G15.3,0.0
RP11-231G15.2,0.0
CTD-2128F4.1,0.0
RNU7-64P,0.0
Y_RNA,0.0
Y_RNA,0.0
CTD-2197I11.1,0.0
RN7SKP122,0.0
RN7SL782P,0.0
RP11-717A5.2,0.0
CTC-254B4.1,0.0
SNORA31,0.0
RNU7-162P,0.0
Y_RNA,0.0
HMGN1P14,0.0
RN7SKP57,0.0
CTD-2367A17.1,0.0
HMGN1P13,0.0
AC008967.1,0.0
AC010468.2,0.0
AC010468.3,0.0
CTC-551A13.2,0.0
RP11-717A5.1,0.0
CTC-551A13.1,0.0
CTD-2026D23.1,0.0
SNORA51,0.0
MIR548F3,0.0
Y_RNA,0.0
AC093162.1,0.0
RP11-438C19.2,0.0
CTC-313D10.1,0.0
RP11-492A10.1,0.0
RN7SKP89,0.0
RP11-371M22.1,0.0
RNU4ATAC13P,0.0
TSSK1B,0.0
AC008536.1,0.0
RNU6-482P,0.0
CBX3P3,0.0
RP11-159K7.2,0.0
RP11-159K7.1,0.0
HMGB3P16,0.0
CTC-470E21.1,0.0
CTC-459M5.2,0.0
RNU6-674P,0.0
RP11-492L8.2,0.0
RP11-492L8.1,0.0
CTC-472C24.1,0.0
RP11-249M12.2,0.0
RNU6-644P,0.0
AC034236.1,0.0
AC034236.2,0.0
AC078974.2,0.0
RNU2-49P,0.0
CTC-505O3.2,0.0
CTC-505O3.3,0.0
CTB-161J7.2,0.0
CTB-161J7.1,0.0
Y_RNA,0.0
TRIM36-IT1,0.0
RP11-438C19.1,0.0
RNA5SP190,0.0
RN7SL174P,0.0
AC027320.1,0.0
MIR5706,0.0
RNU1-38P,0.0
snoU13,0.0
Y_RNA,0.0
RNU6-373P,0.0
RNU7-34P,0.0
RP11-2N5.1,0.0
RP11-182I10.1,0.0
MIR4794,0.0
RNU7-62P,0.0
Y_RNA,0.0
RP11-74D3.2,0.0
RPL35AP15,0.0
RP1-37J18.2,0.0
RNU6-809P,0.0
RNU7-123P,0.0
RN7SL488P,0.0
AC068279.2,0.0
MIR4771-2,0.0
CTC-546K23.1,0.0
CTD-2020P22.1,0.0
RNU4-69P,0.0
AC111200.8,0.0
RP11-574H6.1,0.0
RNU6-718P,0.0
CTC-552D5.1,0.0
AC111200.1,0.0
snoU13,0.0
snoU13,0.0
ARGFXP1,0.0
AC015971.1,0.0
CTD-2544H17.1,0.0
CTD-2544H17.2,0.0
RNU6-640P,0.0
FTMT,0.0
RP11-510I6.3,0.0
MIR4252,0.0
SNORA19,0.0
AL356261.1,0.0
MIR4689,0.0
AL356693.1,0.0
RP11-154H17.1,0.0
MIR4417,0.0
RP1-58B11.1,0.0
RP11-542C10.1,0.0
RP11-436H11.2,0.0
MIR4779,0.0
CTD-2308B18.3,0.0
CTD-2308B18.2,0.0
CTD-2308B18.1,0.0
CTD-2308B18.4,0.0
CTC-369A16.3,0.0
CTC-369A16.2,0.0
AC012671.1,0.0
HMGB1P29,0.0
Y_RNA,0.0
AC012671.2,0.0
CTD-2347I17.1,0.0
snoU13,0.0
snoU13,0.0
RNU6-1007P,0.0
RP11-395P13.5,0.0
RNU6-1168P,0.0
AC012671.4,0.0
RP11-395P13.1,0.0
RP11-395P13.2,0.0
RN7SKP117,0.0
HMGB1P22,0.0
RP11-425E13.1,0.0
RNU6-568P,0.0
RP11-284A20.1,0.0
RP11-284A20.2,0.0
RP11-284A20.3,0.0
RP11-436H11.6,0.0
snoU13,0.0
AC012671.3,0.0
RP11-436H11.3,0.0
AC011416.1,0.0
CTB-88F18.4,0.0
CTB-88F18.2,0.0
RNY4P15,0.0
RNU6-752P,0.0
RP11-434D11.1,0.0
MIR4780,0.0
RNU6-963P,0.0
AC010235.1,0.0
CTC-339D2.1,0.0
snoU13,0.0
MIR4435-1,0.0
CTC-394G3.2,0.0
CTC-394G3.1,0.0
RP11-756H20.1,0.0
RP11-395P13.6,0.0
ARL2BPP4,0.0
RNU7-53P,0.0
AC004769.1,0.0
RNA5SP191,0.0
RNU6ATAC10P,0.0
IGKV1-13,0.0
IGKV1-12,0.0
IGKV2-10,0.0
MIR4460,0.0
MIR4633,0.0
IGKV1-9,0.0
CTC-573M9.1,0.0
Y_RNA,0.0
IGKV1-6,0.0
IGKV2-4,0.0
CTC-548H10.2,0.0
PGBD4P5,0.0
IGKV7-3,0.0
IGKV5-2,0.0
IGKC,0.0
P4HA2-AS1,0.0
AC063976.3,0.0
AC063976.2,0.0
MIR4436A,0.0
IL3,0.0
AC096579.1,0.0
IGKV1-33,0.0
AC034228.4,0.0
IGKV1-32,0.0
RP11-114H7.3,0.0
IGKV3-31,0.0
AC005741.2,0.0
IGKV2-29,0.0
GS1-39E22.2,0.0
IGKV2-26,0.0
IGKV3-25,0.0
AC114296.1,0.0
MIR5692C1,0.0
AC011431.2,0.0
AC011431.1,0.0
MIR3661,0.0
snoU13,0.0
AC005178.1,0.0
AC005195.1,0.0
MIR1289-2,0.0
CTB-3M24.3,0.0
CTB-49A3.4,0.0
IGKV2-24,0.0
CTB-2L9.1,0.0
RNU6-757P,0.0
RNU6-1164P,0.0
RNU6-1311P,0.0
IGKV2-23,0.0
CTD-2410N18.1,0.0
IGKV6-21,0.0
IGKV2-19,0.0
AL645608.1,0.0
RP11-54O7.2,0.0
AL645608.2,0.0
RP11-206L10.10,0.0
AL669831.1,0.0
RNU6-1199P,0.0
AL732372.1,0.0
RP4-669L17.4,0.0
