,Gene,FoldChange,p-value
11639,RP11-71H9.1,5208.047676199956,0.3625223772947825
11643,SLITRK3,1890.2319768715217,0.36321259401823835
14389,RP11-781M16.2,1540.389437973401,0.36233431265358873
14440,RP11-366M4.3,883.3023631769739,0.3635614742957537
6531,AC084193.1,761.5425524346169,0.3637950096434022
14386,RXFP1,684.047473217539,0.36360308915090134
8306,AC018799.1,401.6403822924083,0.36431356806005244
4087,RP11-463J7.2,241.0079212643895,0.36504511689029484
9220,CNTN6,157.32706760546674,0.3606814344344224
13961,RP11-381N20.2,156.68461638390843,0.36427260360369157
7924,SCN7A,138.9451912926969,0.36196191489898066
1066,RP5-1007G16.1,125.55739766750513,0.36673916117840927
2587,RP4-663N10.2,118.70292047973727,0.36032817439153597
10975,GS1-388B5.1,115.31331086209386,0.36705419209410456
1065,HMGB4,106.44926278828828,0.3588104944011059
14725,RP11-217E13.1,105.28842879464781,0.36031312877070976
14413,RP11-234O6.2,103.23297243254376,0.367499036431528
11586,IQCJ,102.22692016587922,0.3631274507944909
5798,AC073218.2,98.83107600122645,0.19770873563440194
4083,BRINP3,97.89497997746916,0.3646534634472035
12055,CLDN16,90.43493377939716,0.36629384159910117
15237,SLC45A2,82.27494103612052,0.339874997757086
14240,RP11-526A4.1,82.23445151796604,0.3607260186910726
8775,PTPRN,78.54550061203544,0.28694683784042413
1920,RP11-510C10.3,75.19009652060213,0.21244128850133528
5307,AC073143.1,70.10935235041002,0.3695562849939804
14722,RP11-11N5.1,64.83941900731068,0.3697834879910665
4076,LINC01035,62.87824721110631,0.37028305538667994
13127,TECRL,61.27733507158035,0.3704816844262808
7085,ST6GAL2,60.40736046910449,0.25082405191449775
10719,DPPA2,59.42885100831815,0.3611827625028064
14723,RP11-11N5.3,58.308604954325816,0.3697285346407043
13129,RP11-204H9.2,57.66952558411428,0.35665912406588957
7335,AC018866.1,55.278614131661904,0.37126116216911403
15152,CTD-2533K21.4,54.95827354106874,0.3713062267775801
3113,LCE3D,54.65782603769318,0.23678799772265607
1064,HSPD1P14,54.04175314525842,0.37146886719540295
7021,AC073987.1,52.503914747898364,0.11767040453148897
9920,PTH1R,50.648934150015556,0.3610674848361429
15183,RP11-152K4.1,50.133429066535314,0.23544796184762956
7597,AC011893.3,49.94213904826653,0.37050770572825903
15229,RP11-113I22.1,47.18020183010453,0.37265401109235446
4074,RP11-316I3.1,46.626470274103184,0.19410434721398478
10760,RP11-231E6.1,44.31546270745878,0.3732734828962663
3114,LCE3C,43.098181903819885,0.37356528218309065
2142,BRDT,41.198890240353705,0.3735969589439441
3866,ASTN1,40.945345686064776,0.36858683772612244
8500,CTLA4,39.55876824470555,0.3743206656401844
2674,HSD3BP3,39.41681340606921,0.3631879270883225
5801,AC012593.1,39.40706651686688,0.18780773407631163
14938,RP11-143A12.3,38.775222033574096,0.3649758536239326
7281,MTND1P28,37.88598262879451,0.37501985269260635
15154,CDH9,37.82291148458171,0.37258828606402394
3164,S100A7A,36.86272338357069,0.3709307407024359
10759,CD200,36.583082778719714,0.3056532621049636
12053,NMNAT1P3,34.14147062105503,0.30909759473021103
7615,AC069394.1,32.04866862020639,0.358819475846076
4991,RP11-177F15.1,31.82459392312684,0.34270239814031334
12900,GABRG1,31.209400671350394,0.3755325097485793
11638,RP11-71H9.2,30.946429323439453,0.3777190629375388
9406,WNT7A,30.928662144429484,0.37581864743073695
3510,RP11-312J18.6,29.03859227632686,0.22608276595185417
6035,AC007682.1,28.77963762658336,0.3729144313653793
5638,KCNK3,28.30266106633054,0.2259949157781778
13234,SULT1B1,28.03638347316876,0.3765811154169242
4371,C1orf186,27.463056694804138,0.2557936323097573
11640,SI,27.133350862192803,0.3758297567848839
13913,RP11-700N1.1,26.67551223063221,0.36329109049971714
15142,RP11-192H6.2,25.995003071016317,0.38054208309656573
3112,LCE3E,25.8870791042728,0.35252483853780303
6815,AC073464.11,25.709518998174104,0.3808462783264969
4085,RP11-547I7.2,25.217640392995733,0.35051157516571196
11145,CPNE4,25.19098989560749,0.3153542049540817
5968,TMEM247,25.09095845284825,0.36846302306478534
10484,LINC00971,24.963135634376133,0.36929759060004486
14724,MRPS36P2,24.90098266929472,0.38130651387252007
11984,RP11-48F14.2,24.766367149970254,0.3600906523975965
10710,GUCA1C,24.53759010246287,0.27610841615249904
11645,BCHE,24.158040231535946,0.28720706504254506
11990,RP11-134F2.2,24.15192758208237,0.23626368632987468
3150,SPRR2G,24.125534071593886,0.3818469601690222
14415,RP11-497K21.1,24.101410418400157,0.38206133829711253
3163,AL591704.7,23.62885017697906,0.3353800470208931
7282,MTND2P21,22.598927543015293,0.383168023764262
6311,GKN2,22.249212422540136,0.37578834959591095
16687,FBXL21,21.149745641398592,0.24372818304973612
3119,LCE2D,21.023028625778906,0.3847724202779372
5383,CYS1,21.016774065798963,0.37900447703965046
13327,RP11-542G1.1,20.139662747892174,0.18481456602982782
8904,DNER,20.073992292190304,0.31040187400802616
9143,AC110619.2,19.738282589412915,0.376109619851581
15440,KATNBL1P4,19.57584205452359,0.2429923454902631
13952,RP11-170N16.1,19.17791657704695,0.3869060353529924
14047,RP11-400D2.3,19.146402744591185,0.386994919425922
11498,RP11-217E22.5,18.96433817942354,0.38710192323882925
13949,IL21-AS1,18.748665080653147,0.3668748037800795
14239,RP11-24I21.1,18.65702164897462,0.2900859952029339
14733,RP11-565A3.2,18.557555508151182,0.1997340401139496
9599,RPS12P5,18.50563637360657,0.12927405673868902
10354,RP11-231I13.2,18.378117383127126,0.38818408370894714
7235,PAX8,18.1934626594618,0.27755899689354524
14035,RP11-404I7.2,18.18717888693879,0.30482680592732603
13152,RPS23P3,17.685674727445758,0.2638778006876235
16150,LIX1,17.62905456387835,0.3887541412626694
2086,RP11-76N22.1,17.318115038697435,0.389782079850831
14241,RP11-707F2.1,17.016669488113106,0.39027451758231085
7197,AC104651.3,16.941522384133716,0.2782333933823005
1918,RP11-510C10.2,16.91923626055589,0.283468381653015
11133,RP11-265F19.1,16.866250133875887,0.374127616805274
5241,AC079779.6,16.769173366074796,0.3769103062442637
206,AJAP1,16.71235829734686,0.2434196290600723
7020,AC108051.3,16.66964601323032,0.39086447557614945
16037,CTD-2316B1.2,16.527697886914208,0.2978344387191516
5724,AC105398.3,16.468477305808328,0.3596165038843841
13976,NUPL1P1,16.35259110550594,0.39113015534605194
6283,AC023115.1,16.196836843399165,0.24975449871148656
398,AADACL4,16.160345215240664,0.39135077147396374
5044,RP11-561I11.4,15.787876517308558,0.13810728762384594
12687,SLC34A2,15.677537301935116,0.39218681496016544
10089,ST13P14,15.64232698060227,0.27106891711062264
9103,AC113618.1,15.47356035544177,0.393110685197034
14060,RNU1-89P,15.473527858010252,0.39311075117602945
10479,RPL7AP23,15.425785698894945,0.39320799627383385
16384,CTD-3179P9.1,15.332415836377542,0.3909003610007653
2634,VTCN1,15.319797897956494,0.3923363840991819
7463,AC068137.11,15.293677145106846,0.24955085470830268
10758,RP11-90K6.1,15.178450893852162,0.36154112422736745
5243,AC105393.2,15.076245759483944,0.39361199240834066
14001,RP11-184M15.1,15.044856530114286,0.12032105419927488
16422,AC008565.1,15.030155871608587,0.3937649112551111
10485,RP11-651J20.1,15.017025924775247,0.39406718210629005
4039,GS1-204I12.1,14.961730478079152,0.3938660379080996
7086,ST6GAL2-IT1,14.960978347224192,0.20398545747524421
8296,AC013401.2,14.945102132565832,0.22001345528682217
11469,AADACL2,14.83642470580832,0.394082797308247
8504,AC009498.1,14.811559637196856,0.3942115680842336
751,RP4-594I10.3,14.699485782142013,0.3884852017564245
10841,IGSF11,14.690038475372521,0.2036055114883933
3800,TNFSF4,14.662387284905234,0.35000470026645847
10979,OR7E93P,14.610063656532619,0.39466134887777543
7159,AC112229.4,14.463381544331854,0.3685741470909988
9919,MYL3,14.405618195873538,0.39320521722147744
13975,RP11-399F2.2,14.284030163532835,0.3526530992341956
16084,CTC-458G6.4,14.269212411827535,0.3952941512300258
1666,RP1-158P9.1,14.189361959662902,0.39596658312164057
11183,RP11-202A13.1,14.109173257235,0.39580250377607473
7090,AC006227.1,13.966465111381854,0.3555372177004683
7748,RN7SL124P,13.932602625794571,0.13633060188811544
7046,RP11-13J10.1,13.682673817054559,0.3032286271450642
6980,AC092168.4,13.597796838210563,0.20867661005248891
5808,MRPL50P1,13.472689596356794,0.3972685771956954
10715,RP11-59E19.4,13.452937604488353,0.37173794051543163
9822,CYP8B1,13.424790261616787,0.39385300054351124
3918,FAM163A,13.26012906455813,0.3941817485265878
13571,RP11-763F8.1,13.137206273655094,0.39825071877318224
1997,RP5-887A10.1,13.084303874491086,0.21488373559023827
3120,LCE2C,12.967054524989596,0.39881380143189304
12613,RP11-141E13.1,12.864122394142198,0.24246455244567608
5790,AC009499.1,12.826417053169244,0.3888564813818984
16519,MEGF10,12.752428112988575,0.39438380330424144
8880,TM4SF20,12.728745611996313,0.39819661571896403
15236,RXFP3,12.66239856335889,0.34558108559485906
3919,RP11-12M5.3,12.64791447586387,0.3994451741975818
14769,DUX4L9,12.596521443107976,0.2080949175565906
9878,TMEM158,12.565249636278178,0.3685695148577711
288,RP3-477M7.5,12.55500109073723,0.3437951607164413
10353,UQCRHP4,12.519966012694725,0.3478371461039347
13617,RP11-810D13.1,12.503711455939902,0.16498476720012867
9144,AC110619.1,12.487020964277328,0.3755008531543557
3660,MAEL,12.443873508620591,0.3649838156507043
14441,TRIM60P14,12.355793602135979,0.35995571461595643
15941,ANKRD34B,12.347846431341534,0.38846950696532806
1949,AK5,12.313966194262383,0.3260920301088454
7884,FAP,12.30326186310806,0.2922742690006488
7227,IL36B,12.05323946044479,0.39230645368759415
16521,CTD-2195M15.3,11.888738425902215,0.40205304138348985
750,RN7SL857P,11.87720653857259,0.2216602976357741
7160,RP13-1039J1.2,11.779675423511039,0.3994892458561092
7465,RP11-803A13.1,11.670459572972284,0.4029800012006617
7901,AC019181.2,11.517711445004585,0.2262163575154715
6306,PROKR1,11.471728867509697,0.38437365384092664
4681,CNIH3,11.466623353659141,0.379476604195628
14477,SPOCK3,11.454618081821094,0.2899077611201422
14044,PABPC4L,11.38968140196697,0.30118932375081553
14082,LINC00498,11.267289430558316,0.40454251449519274
5796,AC073218.1,11.137868960179551,0.31964824424234556
13874,AC107399.2,11.08363344402351,0.4057964625208631
10185,ESRG,11.063933013886608,0.33946963962040694
752,NCMAP,11.055284413357246,0.4013913155806246
7720,AC105402.2,11.044789583677888,0.4059567797491225
14615,RP11-540E16.2,11.033846794302754,0.21721217274034468
13242,HTN1,11.029596123052624,0.387393195619608
16636,RP11-215P8.4,10.978843420703953,0.402362073028438
15256,AGXT2,10.973717869630365,0.4052777180118085
2670,HSD3BP1,10.863462016966897,0.40672135721683667
12439,SORCS2,10.852333677534434,0.3699392620944537
16068,RP11-414H23.2,10.836784483901763,0.40647380480049694
9045,AC114814.2,10.808364760068716,0.4069591063592411
8510,AC008171.1,10.80833299021207,0.40695924419564417
10937,ADCY5,10.753648623192841,0.38970320912336454
6530,AC008067.2,10.619692153603248,0.407793228424163
1938,RP5-1102E8.3,10.57412748084648,0.4074447582847214
12267,AC092574.1,10.55788402267798,0.11815894581714295
10509,HTR1F,10.555326572170967,0.3675913679789495
2721,SNX18P16,10.471387467809867,0.14936812387630993
1814,SGIP1,10.436789874172689,0.3828154554043952
5298,AC019172.2,10.391697024644055,0.23689180390284612
15330,CTD-2078B5.2,10.350531593282202,0.21557326471370858
13100,RP11-622J8.1,10.34500664482684,0.40835215880414466
4155,LHX9,10.305771732605344,0.3937037179985431
3873,RP11-63B19.1,10.263203513232407,0.40945898338627523
7767,AC079150.3,10.257749125732818,0.4084764637084986
15319,RP11-122C5.1,10.234160471113084,0.16829946283663136
5304,AC022311.1,10.17613314373611,0.36778128055086967
6070,C2orf73,10.026158527408798,0.13281954882306474
1264,EDN2,10.015454976430668,0.16352258707378903
16434,CTC-441N14.1,10.005239029885447,0.2201385326837346
9034,SPP2,9.95406228893608,0.319565607578176
7448,TUBA3E,9.913842657445594,0.38380391368721006
3878,RP11-21M7.2,9.904151105847475,0.10625977491362733
14081,RP11-733C7.1,9.83696176591445,0.3970682010011168
5967,AC016912.3,9.82186597230229,0.39190094981043627
15144,CTD-2306M5.1,9.771523155357865,0.4112296955361498
11742,TMEM212,9.766732855389185,0.35835293442924865
14443,FAM218BP,9.761082895770565,0.41091742843505724
7581,AC110620.1,9.73055198249181,0.23434498823672614
15649,RP11-287J9.1,9.723816101416062,0.41222909265442914
11662,ZBBX,9.708606809003726,0.3179603046782999
7952,AC093899.3,9.700430817255523,0.28129546220488777
16290,CTC-499J9.1,9.694087514610922,0.3591946537427731
14732,RP11-237D3.1,9.665841722970264,0.38666902658718283
4470,RD3,9.659166210565825,0.39946582413987725
14414,FSTL5,9.646750250576936,0.4013010267532373
3748,MROH9,9.569011567992739,0.39304700543683957
7726,FAM8A3P,9.554444917056573,0.41316837654596233
7047,POU3F3,9.550348716350419,0.38191985918311033
14618,RP11-540E16.1,9.468710023327564,0.41365762956694535
11464,MRPL42P6,9.468692899606248,0.413657728237517
13492,RN7SKP48,9.434445687752946,0.4138558397631333
10718,RP11-59E19.3,9.423940243919207,0.41391692188006673
5335,AC092580.3,9.385599019386166,0.4141411000830341
7134,BMS1P19,9.36672473991279,0.41425218270929903
5899,AC104654.2,9.260811881099976,0.21274519616944168
10303,ADAMTS9-AS2,9.177999475742848,0.197158608452533
1603,GLIS1,9.149520671141305,0.2576008257190378
7562,LYPD1,9.134396664015185,0.18584153132294076
14451,RP11-366M4.12,9.126700612924658,0.41570806751367967
2566,RP4-591B8.3,9.090693543150838,0.233070373753341
7746,TNFAIP6,9.06600825361166,0.08071670313359382
11182,SLCO2A1,9.055332990366383,0.4083044557938085
3118,LINC00302,8.993286555053352,0.4156473486678648
12050,LEPREL1-AS1,8.989843682006061,0.3436505721000186
11393,RP11-680B3.2,8.978697132300653,0.3578405086666948
7337,RP11-297J22.1,8.957880292954934,0.2718847745743193
7568,AC010890.1,8.944464689775744,0.11455946372571744
16520,CTD-2195M15.1,8.893619265148102,0.4163080385049224
14630,FAM92A1P2,8.889204500623334,0.23729401073033846
14187,RP11-142A22.4,8.88227935735194,0.4167239167631721
8297,PCGEM1,8.864131187775866,0.2977616968589139
9477,AC090960.1,8.818653694594666,0.23972407794946207
9825,KRBOX1-AS1,8.729076604904996,0.41670329314567484
2869,XXyac-YX155B6.6,8.659475792458629,0.22638359028693483
15182,CDH6,8.626758518162482,0.23425148380772462
12720,RP11-472K22.1,8.556753452736634,0.36628330927106234
6514,REG3G,8.456697899803862,0.3534389826710375
5326,RP11-439M11.1,8.419861358281754,0.41907713106659816
1447,PDZK1IP1,8.414862965526744,0.31067261910536986
2901,RP11-666A1.4,8.414846977597753,0.24106489100452838
12573,RP11-341G5.1,8.388366751955227,0.21174585481166386
14129,RN7SL152P,8.329524680073124,0.4211976717461838
2673,GAPDHP32,8.318429078267876,0.3966005920418344
10549,RNU6-1094P,8.308008005541456,0.42136170000268325
9518,RANP7,8.302711572238808,0.2312055783697096
12830,CHRNA9,8.298105826414577,0.06876915283197339
15305,CTD-2130F23.1,8.272490381897072,0.23143379197669653
15148,RP11-351N6.1,8.21654612374505,0.422069357147351
11155,ACAD11,8.188520575798744,0.42036847738460476
3111,CRCT1,8.172766618736265,0.3031460726745816
3440,OR10J2P,8.157293210419231,0.23004069791581272
2716,AL583842.3,8.121800253510461,0.4228206963547033
4072,RP11-669M2.2,8.035174550400484,0.42352451273301056
7784,AC092625.1,8.022988362582568,0.23688758234871177
7204,AC115115.4,8.020595410527097,0.4236445914651135
5197,OR2M4,8.001882034779959,0.4237994189240127
9538,RPL31P20,7.993266389287763,0.22638712017154483
4415,CR1L,7.975199696578442,0.3018450306776352
8174,AC020595.1,7.8902079712020905,0.2296307184329758
15304,CTD-2130F23.2,7.873761687051733,0.29951270153684467
8889,AC073065.3,7.85879883343023,0.02198827369200271
14485,ANXA10,7.839864486005023,0.40615450530828756
2722,ANKRD20A12P,7.74727633561098,0.2392411657411052
11982,RP11-78H24.1,7.732243745558882,0.3745878428175742
12109,LINC00887,7.731669840857406,0.18553668229688677
8886,SLC19A3,7.719500833984052,0.3046446712680593
6289,AC010987.6,7.670468748336565,0.3028257294558888
13980,RBM48P1,7.613359792865129,0.20826817002031273
9820,ACKR2,7.56842279229741,0.4178831574164606
5722,C2orf71,7.537166629448434,0.4129862151831787
14470,RP11-511B7.1,7.526225162867802,0.42573583264055626
15838,ANKDD1B,7.477078499419069,0.35460229686047723
12947,RP11-1281K21.1,7.457942353043029,0.1134106765604542
14447,RP11-366M4.8,7.401777309389822,0.40717035304481286
2266,RP11-490G2.2,7.391629864725593,0.31736706132891174
10294,LINC00994,7.348595569764785,0.1796179896769975
5729,AC106870.1,7.334475160835478,0.4298874519174841
5636,AC015977.6,7.327396802111877,0.35881254513363575
12045,RP11-600G3.1,7.29321371647591,0.4290722794704628
8638,AC107218.3,7.272548085016001,0.3578012271640879
5042,PLD5,7.2694632197523985,0.2525014291901558
7358,AC073409.1,7.2421500253593,0.39249490599270676
9071,AC112715.2,7.226282847069361,0.37942761588602597
5701,AC104695.3,7.225856452061503,0.29972405574332445
8537,AC010731.3,7.201205786628815,0.23612781024332546
12461,GPR78,7.199373687990278,0.4050028396811361
10443,ROBO2,7.192566535080431,0.3371055949052105
2510,RNU6-151P,7.1788835975100955,0.4314852757429682
7286,AC009312.1,7.176721449734175,0.2702752965650932
3416,OR10Z1,7.170095287339343,0.23696175723681298
12597,BST1,7.1666699549411454,0.2408167728617879
15700,RP11-241G9.3,7.165858686090082,0.43162248368132017
3137,RP1-13P20.6,7.160125644460686,0.3861283889386096
14002,RP11-184M15.2,7.147973672088218,0.20995838337512251
13212,RP13-644M16.1,7.136575392083047,0.327300715431246
9211,CHL1,7.127899200701261,0.3829367575853547
6473,AC104135.4,7.080386596567153,0.3153211821356018
9293,SRGAP3-AS1,7.073045700175892,0.43113928143367597
4276,MYOG,7.0569376955562,0.41864265583413257
7714,AC019070.1,7.054469230828322,0.2785171716392041
15931,SPZ1,7.042437972234244,0.39778168143809955
1304,WDR65,7.036614409992617,0.17435787052963572
15048,CTD-2139B15.5,6.996408382926691,0.36549486484485805
1725,RP4-668G5.1,6.995410171238398,0.3150433254965489
8861,DOCK10,6.944939696226354,0.13091074818348383
4457,KCNH1,6.930031214450755,0.0755265878243529
7311,PCDP1,6.889734719640667,0.2903745676316746
7813,UPP2,6.878453742601074,0.24344745488610078
7922,SCN9A,6.858490954771508,0.3769296031139324
1034,SYNC,6.856258947221724,0.17396231246358046
13774,CFI,6.847310828512293,0.2238949079739969
6869,RN7SL210P,6.842790366305564,0.435209741614363
3226,RNU7-57P,6.842774974740995,0.43520992139432885
5483,AC080094.1,6.825069132909806,0.43541732365142427
12626,FAM184B,6.799269609071244,0.37730549503636496
2337,DNAJA1P5,6.793811057399134,0.3341010897338134
13211,RP13-644M16.5,6.786438266272817,0.327679951334509
13856,NDST4,6.7863307309525345,0.4189951074738937
4687,RP11-449J1.1,6.76920961769665,0.33804554112953045
12962,SNX18P25,6.768368808182473,0.2999260759131693
5192,OR2L13,6.7372915477807185,0.4340484846412969
13602,RP11-61G24.1,6.673176064881926,0.437246395159066
2676,HSD3BP4,6.6623738261072605,0.4189096203201368
7809,ACVR1C,6.655084144256618,0.21100963855569851
8327,AC020571.3,6.654375362931645,0.3577456185485818
9064,ACKR3,6.637641524165206,0.3973029032061338
14780,DUX4L4,6.637577185280366,0.4376884173310603
8892,DAW1,6.629644852300673,0.1405740736715583
3127,KPRP,6.626928338096358,0.3950369989260697
1391,HMGB1P48,6.61944121158236,0.05456848822396639
10723,H3F3AP3,6.619031893776156,0.2534546026336578
13331,RP11-567N4.3,6.602174904644687,0.2849680738464372
16674,CXCL14,6.577193152996917,0.22755431914961122
9019,UGT1A7,6.570533006668489,0.12483683749582065
15326,FYB,6.562277245614707,0.22256790086928777
5728,RN7SL516P,6.531955231535756,0.43903118597353974
8283,STAT4,6.5198523340496894,0.19151414025311883
16109,FAM81B,6.510970964738088,0.1818174824038906
366,DRAXIN,6.510738135393594,0.4004906995643099
12950,RP11-241F15.1,6.4820172289038265,0.07958975074053223
6936,AC092675.3,6.449893809748093,0.36172790059922805
13424,FGF5,6.411029156129325,0.39646199133124593
4459,KCNH1-IT1,6.385627688735495,0.11367950869319182
10351,RP11-460N16.1,6.372837585960325,0.1992887693454538
1909,RP4-650F12.2,6.364028573598536,0.4396303845150332
13953,FGF2,6.343450965438795,0.09398861115081304
8885,AC064853.3,6.342909823256617,0.12892664835202572
6897,FAM178B,6.3387506319860885,0.2977872910185966
4623,RP11-400N13.3,6.290320423734132,0.3877984653326646
1741,L1TD1,6.27338736378737,0.17887395310333967
11405,TM4SF18,6.247753533263973,0.31157822564676163
3871,RP1-35C21.2,6.243086882877629,0.4108707910104355
9023,RPL17P11,6.239181793728239,0.2918842008972517
13962,RP11-381N20.1,6.168798259546767,0.4407388109865959
13533,SPP1,6.166469136355123,0.19712278115391202
14850,RP11-259O2.1,6.124055499764259,0.44219941563625625
13096,RP11-506N2.1,6.105821903449383,0.3778925612200282
15000,CTD-2165H16.3,6.09624727537282,0.41711210584457
7545,AC093787.1,6.096229763333546,0.43771237460952456
15987,VCAN,6.074523171670274,0.25972650653976737
8863,AC067961.1,6.048960601701928,0.44583544002468445
6029,AC009234.1,6.0419418544819194,0.43016186316358984
3427,OR10AA1P,5.994668035947967,0.4466764431331478
16069,RP11-414H23.3,5.966775413402294,0.44534138239487553
7189,AC093166.3,5.946107282505765,0.1312840185074504
2370,RP11-233E12.2,5.928887620409979,0.18552271914868143
5955,AC093702.1,5.912717493402512,0.30594480755707637
11769,NLGN1,5.911155623956025,0.24413839865220233
4981,ZP4,5.898185101422555,0.44131221992785397
8247,AC133106.2,5.88760358117542,0.448385411506819
2462,SLC16A4,5.8856319079959745,0.12290179156898366
12958,RP11-241F15.9,5.838110690599709,0.19649495149760232
11562,C3orf55,5.837818219967899,0.3173293297832566
10749,TAGLN3,5.802957083702861,0.43151150759796414
11516,RP11-451G4.2,5.778364166453315,0.44659837763839494
5692,AC074091.13,5.763892287360684,0.3599310350638607
5003,FMN2,5.723465502021674,0.3660011854108291
488,RP11-169K16.4,5.71514098391006,0.4354691510771429
447,LRRC38,5.691825557761752,0.44501259150809114
8432,MPP4,5.681173782390451,0.4306509100130373
15150,CTD-2533K21.2,5.678609091659727,0.4496829229729136
7677,ZEB2,5.678348630813528,0.15194562258862454
5309,AC107057.2,5.662650818215688,0.45036922868084783
11712,RNU4-38P,5.661090525243235,0.450147892252528
16620,CTD-2131I18.1,5.62588064905262,0.44893154579820593
5111,RP11-690C23.4,5.6199972106414045,0.26346075660589535
7900,SNORA70F,5.595252865773371,0.26808789523074394
1437,RP11-346M5.6,5.59025347655418,0.4535151555117148
3445,OR10J8P,5.588953222033378,0.1439855288837951
7824,RN7SL393P,5.587671660601121,0.3655707227628568
16686,LECT2,5.583931254967178,0.2288082973108048
13850,RP11-26P13.2,5.577433511711526,0.11758012456037022
14573,ADAM20P2,5.574007170813148,0.4538130227821182
15942,DBIP2,5.568204256020197,0.27612705686850747
10858,PLA1A,5.55072909193746,0.21513531301984523
3806,SLC9C2,5.546085544593454,0.31051915084772375
15327,GOLGA5P1,5.540195990723472,0.4544391802229367
11392,HMGB1P30,5.527652231662946,0.4522340026518204
10744,RP11-402J7.2,5.524901059943338,0.422405996615839
6182,RP11-270B14.1,5.524859211196482,0.3090239079042822
3066,MIR554,5.519657543368961,0.4523862983482763
5635,CIB4,5.490476259253121,0.41907469190663316
5370,RP11-521D12.1,5.485870078359918,0.12168555514864429
14891,CTC-471C19.2,5.482062612622716,0.45553592499803375
15227,CTD-2017D15.1,5.477700917028253,0.45561926069039044
1864,RN7SL538P,5.472751613117809,0.45571400293817643
9084,SNORD39,5.472728910056933,0.4557144379730753
14019,RP11-488I4.2,5.452830255825044,0.45609729019126904
8532,AC017081.1,5.452823294099546,0.4560974246814661
6299,CNRIP1,5.447775437782633,0.2966784320099987
450,PDPN,5.443060507617314,0.3775349709503023
7228,IL36RN,5.4268908653128305,0.201073973302715
13081,UBE2CP3,5.426555498673292,0.1297593598864033
8688,RNA5SP120,5.390197424325786,0.45732297423382484
4164,MIR181B1,5.3901894044038565,0.4573231332164137
10495,RP11-789F5.1,5.379917506930749,0.45455749709069404
14852,RP11-259O2.3,5.363614233312399,0.45628259631641604
6284,AC078941.1,5.359715399247114,0.07173559049127298
5971,RP11-417F21.2,5.357218544577422,0.14140639628262078
4508,RP11-338C15.2,5.355435907855146,0.45801706636442946
621,RP4-749H3.1,5.348656746852147,0.30265404772282306
2454,SLC6A17,5.311814366432234,0.3530545638353604
11227,IL20RB-AS1,5.29162052145926,0.28322033741901964
4984,MTND6P15,5.289458075296728,0.4593625404060325
3415,OR10X1,5.289443030070132,0.45936285150283396
7110,SULT1C2P1,5.288126043128481,0.42937437247638954
16273,AC011366.3,5.283337103488783,0.3045758941008526
10102,IQCF2,5.2745985729072205,0.31181228190059995
12465,RP13-582L3.4,5.2619357665055,0.1726080094371127
2066,RP4-651E10.4,5.258070596813502,0.2879005698650203
7679,AC009951.1,5.248905604696937,0.080250499179075
9918,PRSS42,5.243384307469255,0.4191665601145093
10296,PRICKLE2-AS2,5.226677076058664,0.3458532015160381
6856,OR7E102P,5.203222743997838,0.3859252044709924
14718,RNU6-1055P,5.178058303811942,0.46172153824317796
8594,AC019185.4,5.177794270741697,0.2635912676872324
4956,RP4-580N22.2,5.159101667355093,0.14149883619728218
5180,OR2L8,5.1578806091317375,0.46216103691516996
3964,GS1-122H1.1,5.141922811527701,0.4625113574857497
8924,RNU6-451P,5.133062933435495,0.46270691166215233
9564,AC099754.1,5.131582538662769,0.46273966053710597
12100,DPPA2P3,5.094093774620535,0.299450110384347
8883,C2orf83,5.07910315978404,0.46103203327510484
13999,RP11-420A23.1,5.070447061628075,0.10081641421128944
11788,RP11-523G9.3,5.064044833176579,0.42125510621541107
9059,RNU1-31P,5.050384521016392,0.21714334913859834
10301,ADAMTS9,5.040712586539877,0.36528524717994426
8513,AC007362.1,5.024602865012478,0.07511301320799013
12957,RP11-241F15.7,5.023598346068756,0.20360775287489605
7816,RP11-1152H14.1,5.007988554407261,0.2304024376107692
1759,RP11-335E6.4,5.004530455946928,0.28146104540399763
12975,RP11-588F10.1,5.003885395429167,0.46340941811484404
4373,RP11-38J22.6,4.9934672674747995,0.3897488829508941
6812,CYP4F32P,4.971462138236598,0.46123185732693417
1936,ST6GALNAC3,4.940818413509404,0.38890880180599247
6819,TEKT4,4.939098386707225,0.14023047714155623
7680,ZEB2-AS1,4.938771174164139,0.3006440925497737
6937,CNGA3,4.9173987247104085,0.20348942761274746
10345,RP11-62G11.1,4.9161586969050655,0.46251234824883075
9799,CCK,4.910901421624851,0.45898996498879446
4127,RP11-476H20.1,4.904586146834664,0.30739523778080263
4998,CHRM3-AS2,4.888041014006499,0.4416697326516278
14710,RP11-173M11.2,4.883422929265022,0.08026412752433586
9139,OTOS,4.8749866275114755,0.2858113872541057
7461,MTND5P29,4.860323433095879,0.4639941533930719
9765,RN7SL411P,4.85932323041564,0.3442678428429973
16541,CTC-575N7.1,4.839804409859808,0.323566148846143
9585,AC098973.2,4.8382275345944485,0.4645177304415968
9917,PRSS44,4.83737329561668,0.4361531125588757
7280,AC062016.3,4.834018022793533,0.46978138002962355
8835,AC104772.1,4.82987399139011,0.4661245963602001
3121,LCE2B,4.824631661455418,0.41396299927142244
7459,AC068137.8,4.808261974901072,0.46615372083110246
15318,CTD-2196P11.2,4.805396929413967,0.4673182144493823
10694,LINC00635,4.793222847973381,0.23401625320441824
3575,MIR556,4.790991731164826,0.4708811440142695
12543,AC006499.1,4.7853622937079106,0.47102668028878825
576,PAX7,4.781996061918959,0.40812536330792326
13879,AC108056.1,4.777244688142564,0.47123722198465956
2284,RP4-581O6.1,4.777234341663262,0.4712374908490745
13483,RP11-42A4.1,4.7750045587398615,0.42614262900628036
11808,RP11-114M1.2,4.768420272714819,0.3823425444100313
10506,RP11-451B8.1,4.760877775658204,0.4540003026122981
15545,CTD-2023N9.2,4.739299986370906,0.46885802845407315
8131,AC011998.4,4.73572397750453,0.4723268321893762
204,RP1-37J18.1,4.735720543577785,0.4723269231940256
14950,RNA5SP177,4.731019347379842,0.15518983809009235
8834,MOGAT1,4.717751964534909,0.41983364968333076
298,RP3-510D11.2,4.714227306913558,0.22328228077597148
13270,LDHAL6EP,4.702712261955733,0.4684309237648262
820,RN7SL490P,4.69279940902743,0.47347612516601856
6044,AC087073.1,4.692786341291462,0.47347647865684706
8516,AC007679.3,4.689060361559484,0.47357735936696777
13736,DKK2,4.685578019937309,0.2859573472429446
5319,AC021021.1,4.684831333163106,0.4736920790775838
8527,RN7SKP200,4.684829644400671,0.47369212493477963
3738,RP11-297H3.3,4.684822786515989,0.4736923111563579
7336,GLI2,4.670372417449124,0.1095461844094797
8701,DIRC3,4.662212934110946,0.4267834084122826
16524,CTXN3,4.647089605913842,0.46978964992190464
5242,AC105393.1,4.643678487714576,0.4696355061360238
355,RNU6-291P,4.638803019587468,0.474955927446184
8660,AC093850.2,4.628918800384683,0.2720115284993937
8316,AC064834.3,4.59450578338591,0.476199221196702
11565,RP11-290K4.2,4.587952737981071,0.378453507258942
6504,AC084149.2,4.586984473460939,0.28576622066017027
7055,GPR45,4.568804669914069,0.36968775435093276
3116,LCE3A,4.559379453107469,0.29902061912239336
10743,ZBED2,4.5457338238068195,0.27973852934447574
9116,AC017028.4,4.52356957240376,0.47824747494982967
9086,RNU6-1333P,4.523564761426458,0.4782476163236603
5266,PXDN,4.514965945203641,0.30211707365654217
2859,RNU1-129P,4.511860138556594,0.4785925719406021
4206,IGFN1,4.502389718129244,0.42622710767879274
10520,EPHA3,4.501877116139894,0.28572568995740455
15810,CTD-2275D24.3,4.490334320299373,0.2884264743273519
15684,RN7SL103P,4.480366181969485,0.47953085943239615
3074,RNU6-662P,4.4687909825405825,0.47987946808407544
10978,OR7E29P,4.46068292491292,0.3489673376570878
5178,RP11-438H8.8,4.458873548600969,0.4581960107219212
6104,AC011306.2,4.456020971302429,0.1615957231682463
8511,NRP2,4.4414298232773985,0.09519058913354744
458,RP4-704D23.1,4.441099495866501,0.390234422819979
15612,RNF180,4.440618985002933,0.30707277099512736
14520,RP11-322J23.1,4.429330899323446,0.40257688551400583
4086,RP11-161I10.1,4.417683634768698,0.4429280835596896
14139,RP11-586L23.1,4.410950944412341,0.4757421506328609
9190,AC114730.7,4.407843130123145,0.29636484896052623
6783,AC018696.2,4.402164111812445,0.48192636345717665
8209,AC080125.1,4.402114267926618,0.45316035160266277
8875,COL4A4,4.392851222197219,0.38082867630343414
10406,AKR1B1P2,4.3742006382715735,0.2767072556301386
11190,HMGN1P9,4.373775076499583,0.4770042760198992
8858,FAM124B,4.372107019937361,0.32241757628134105
7774,GALNT13,4.35753421766146,0.2761868001852613
13832,RP11-148B6.2,4.3430024364754525,0.4798755185867969
8816,TMEM256P2,4.32401465204817,0.2330456377446282
8069,AC016751.2,4.322162924033724,0.4844785441686549
2675,GAPDHP27,4.309928048201231,0.39901538236101597
13761,AC004051.2,4.30987577793969,0.4232275881139345
15560,RP11-479O16.1,4.307691695431042,0.47939133037998366
6108,AC011306.1,4.306422870149902,0.4849933118406221
7236,RP11-65I12.1,4.283382350628838,0.3797893532352751
10878,FSTL1,4.272486804795738,0.12486575193189825
4683,RP11-100E13.1,4.272448602952656,0.4696227735283802
6313,ANTXR1,4.272162072447301,0.18074372993256016
558,PADI1,4.267473479536103,0.4732134503723222
14549,RP11-161D15.1,4.263587297035087,0.2516776216884798
13000,RP11-89B16.1,4.2572951723707755,0.28659735172018114
8526,GPR1,4.247121546665246,0.4559256428647106
10572,OR5H5P,4.234437677672042,0.4820220542771576
5252,AC116609.3,4.234181882736097,0.3712630069295015
7883,AC007750.5,4.2340944107036504,0.27366307445414695
3992,LAMC1,4.228239271027607,0.20681788371789717
4042,GS1-204I12.4,4.22621925514893,0.11367032830021809
10366,GPR27,4.221361952857683,0.35922998400168255
8823,PAX3,4.219773883019651,0.24380691904855395
4693,RP11-145A3.1,4.201327657840938,0.16205981948943277
14039,PCDH10,4.186945906672038,0.3991888220001756
10941,MYLK-AS2,4.17973789992782,0.423803226986442
14445,RP11-366M4.6,4.17036637026349,0.4853495512753587
2831,RNVU1-8,4.164761352373938,0.48982492429062696
15045,RN7SKP133,4.164759704865131,0.48982498264788943
10422,RP11-803B1.3,4.161927687163502,0.4899253743404456
5695,RBKS,4.158799075553857,0.28021330389755067
12183,RNU6-1279P,4.153990178772373,0.4902075757125848
10041,MIR5193,4.153988215358448,0.49020764566869135
1740,RPS15AP7,4.153979017400205,0.490207973391388
5737,LBH,4.152620659580296,0.1626247456453883
4043,HMCN1,4.145814943320276,0.3889071218306333
12408,EVC,4.141344746070345,0.14198440502442736
5898,AC104654.1,4.140097777322628,0.369371320908019
13603,RP11-145G20.1,4.127907644952559,0.48670341510647674
13293,AC112518.3,4.124521372108136,0.4853791842898596
16637,AC005355.1,4.111206347802814,0.46789595145415713
8128,AC011998.2,4.107328220952033,0.487506514794141
6823,AC103563.2,4.105663186039219,0.49195243164750524
616,RP3-340N1.5,4.104537189431213,0.4859263408405058
5333,AC013460.1,4.090994870047883,0.4427148636927333
15246,CTD-2024P10.2,4.056275021931522,0.0400634775289308
9727,RP11-815I22.1,4.043377722780497,0.48822594024289356
5097,RNU1-132P,4.041731553478382,0.49433345458021916
804,TRIM63,4.036818491155258,0.15933153138781483
2456,RP5-1028L10.2,4.033535648501616,0.30693339671741704
16127,AC008592.7,4.015681348719953,0.30252779279636166
12042,RP11-297K7.1,4.01332741370214,0.2044606010090581
31,MTND1P23,4.009905087936251,0.4556181024921681
5165,RP11-634B7.5,4.009087106572086,0.49558247355259144
11910,KLHL6-AS1,4.006498041048182,0.28379954839791627
13335,CDKL2,4.004106881892218,0.3443589788924174
4075,RP11-316I3.2,4.002905505997223,0.3617027447847308
7257,SLC35F5,3.998481243554267,0.370677566087944
8502,AC009965.1,3.983216105324857,0.4965888291622125
3404,OR10K2,3.9831873355069325,0.49658995653017546
1933,ASB17,3.983163787736116,0.4965908792818514
4845,RNA5SP79,3.964040448350451,0.4973443588705422
9388,CRIP1P1,3.9640387292996873,0.49734442697351544
9946,MIR1226,3.9628988170365878,0.4973896011899456
8481,RP11-544H14.1,3.9628953062421575,0.4973897403666847
12576,RP11-341G5.2,3.95536272452228,0.1591809957250218
5750,XDH,3.9550414445259325,0.41143007415858807
997,SPOCD1,3.9512451189276527,0.2611150182064507
7462,MTND6P8,3.946107266761136,0.4933230434246271
9596,RBMS3-AS3,3.9286237039212963,0.09056992729239162
8761,RN7SL764P,3.9261842146457533,0.49886050467322185
14444,RP11-366M4.18,3.9210820265924426,0.49264277847469984
634,RP5-930J4.2,3.9197722328309417,0.08729860980614647
2669,GAPDHP23,3.911100233519543,0.4631303728068967
626,FAM43B,3.9091557970267643,0.29865839879551986
7820,UPP2-IT1,3.90354944404702,0.494936784182864
3532,ADAMTS4,3.9014649533097447,0.493564316338415
8603,UNC80,3.898851172175714,0.3015747539874781
8365,AC093590.1,3.8954411576386225,0.3049572518047871
15586,CTC-436P18.3,3.8934092679681735,0.2600758903652944
11517,RP11-451G4.3,3.8834136076178414,0.49426283875330157
3732,MRPS10P1,3.8805723825543863,0.43437117799951536
12058,GCNT1P3,3.866238532359538,0.39747800706705677
4724,C1orf95,3.8480349411800807,0.4719132542939639
2203,RP5-837O21.3,3.846133259110178,0.195459622574921
6386,AC007881.4,3.8454311321044585,0.11025648819439661
6651,AC068279.1,3.8397503240749273,0.502449587453519
7045,AC018730.1,3.8307881541876982,0.4858601548746859
1599,RP11-117D22.1,3.8292356294210563,0.3354235050444319
15270,UGT3A2,3.8285758597911,0.44296501130801247
10739,CD96,3.828147413771103,0.49046991373488047
13647,RP11-766F14.2,3.816979445554966,0.3010507271446921
5930,AC011242.6,3.7950980295420678,0.18950998745710754
9999,MIR425,3.794480293655989,0.4992764438544234
12829,AC195454.1,3.7905585278149085,0.11147992195712422
9491,EFHB,3.782925839384655,0.16359444519902885
13500,RP11-778J15.1,3.7810092156018147,0.31649956750794467
8318,AHCYP5,3.7743951186889646,0.3327171660650224
13402,RP11-792D21.2,3.7669216887836856,0.3136196185022352
1845,ARL5AP3,3.763644490062824,0.20888570147274665
14357,TDO2,3.757128637998748,0.36206681193312457
14550,RP11-161D15.3,3.7504384654502445,0.328337108873052
14324,FGA,3.741231029741617,0.47680262385624406
7226,IL36A,3.7391864840815527,0.480588404597299
13659,EMCN-IT3,3.7330838538301383,0.5071396887110051
15777,CTD-2376I4.2,3.7263041903141505,0.3996982385284573
832,RP11-492M19.3,3.724969408685292,0.31555133521235074
14972,RP11-1C1.5,3.7187735579297616,0.5007042207148014
7139,AC013271.3,3.716540843626696,0.5064917251658143
15308,CTD-2207A17.1,3.7121374889187133,0.502275768629485
14128,UCP1,3.71113393956854,0.15060605263930443
16532,FBN2,3.7082234896065795,0.1322239706647328
4636,RN7SL276P,3.7006893016073326,0.5033009333367452
4474,RP11-354K1.1,3.6992742005826735,0.4740127828490182
13138,RP11-707A18.1,3.6980706932334617,0.43432074072402227
10180,AC012467.1,3.6974405449896675,0.5087755263125304
15477,ESM1,3.6957571161082408,0.4858968018472064
5027,RP11-306K13.1,3.694335086608815,0.5024225615701654
4691,RP11-496N12.6,3.682615814093502,0.4985680555051718
8126,AC011998.1,3.6816116762850943,0.5095135256739207
15536,AC114973.1,3.6816012834804974,0.5095140125912136
5511,MATN3,3.681016724706736,0.15030345023409622
8071,EVX2,3.6683038350682042,0.27508801153091383
3147,SPRR2E,3.6679067176462925,0.4742831677453399
973,SEPW1P,3.667681320500031,0.3402095569123052
8597,HSPA8P6,3.659230888670358,0.3142259366757847
296,MIR34A,3.657881986944104,0.5051245562017371
12409,CRMP1,3.6554587759407036,0.34356404840669225
11013,C3orf22,3.6512355547158664,0.40775817045574647
13608,RP11-681L8.1,3.6501852854606494,0.49461373262206043
7333,AC073257.1,3.6496424234246385,0.5110262308488951
8960,RN7SL499P,3.649640411523797,0.5110263269941379
1371,AL136380.1,3.6496173540014625,0.5110274288816261
13655,AC121157.1,3.6496159860917294,0.5110274942526596
7097,AC009963.3,3.648565555461955,0.511077709708005
11772,RN7SKP234,3.6429170666118167,0.5113482974750494
1420,LINC00505,3.6426484045330434,0.38211071188088247
7245,RP11-395L14.5,3.6402240141258138,0.47854146990284285
4896,RP4-799P18.4,3.636115889891671,0.4258966574502908
13269,RP11-1J11.1,3.6318123295311424,0.3704324612088259
1844,DIRAS3,3.6301397710812053,0.43891244183209416
14220,RP11-752L20.5,3.6240413710350583,0.5122594779765347
12798,RNU6-887P,3.6240376710243187,0.5122596576425983
8641,VWC2L-IT1,3.621165656278615,0.5123992434123246
12876,GRXCR1,3.6169461542290207,0.5070612985011984
11029,RP11-59J16.2,3.6101498342578244,0.32150960495041236
13954,RP11-170N16.2,3.6030150771874245,0.31675913480827134
1782,UBE2U,3.6007586592278114,0.10208388423219718
13973,FAT4,3.595904753670316,0.17823647581409535
7166,AC123886.2,3.59406769705464,0.4128924123174756
4703,RP4-559A3.6,3.5894419360511556,0.5139579664320979
6324,SNORA36C,3.589439778490464,0.5139580735065634
9672,AC018359.3,3.589439686562381,0.5139580780687328
13875,AC113617.1,3.5892853091607573,0.48371202180324513
4865,SNRPD2P2,3.5884723420363036,0.19154933859984433
15165,LSP1P3,3.586913488584385,0.3933456683296662
13364,RNU6-145P,3.5702915465544804,0.5149141432166979
13233,UGT2A2,3.5697911720761266,0.3176870987527106
13609,STPG2-AS1,3.565456049518607,0.39636885889789186
13923,SETP12,3.56139312930294,0.2855630554774412
13210,UGT2B7,3.5596827167049963,0.42690871001418185
5841,LINC00211,3.5590642251445543,0.4573513109190373
12719,RP11-769N22.1,3.547056096430227,0.38619458129756323
6358,AC007395.3,3.5320169623879663,0.42907754421784633
7823,HNRNPDLP2,3.5275926717856567,0.17555294491578666
13268,SLC4A4,3.5121626632602894,0.4523945526815613
6857,TRIM51JP,3.50914177438716,0.18120198519620462
3470,SLAMF9,3.5086500622051164,0.3032053865705524
14609,RP11-751A18.1,3.5085379276024047,0.5180783625318792
3391,KIRREL,3.5084391538683812,0.05487459049063122
4277,ADORA1,3.5063916950904015,0.3388005012152628
15874,AC008581.1,3.4967063050155462,0.518699107617468
7563,AC010974.3,3.4939733985170083,0.12118431776565199
5886,SLC8A1-AS1,3.4925986570609777,0.2072257669503345
4759,FAM96AP2,3.4894011537240432,0.4254192861039012
2516,KCND3-AS1,3.486520371048365,0.3366076297204164
16688,TGFBI,3.4849378449310047,0.18164262751693372
14333,RP11-92A5.2,3.480735614949352,0.4668050722533357
14123,RP11-425I13.2,3.480018001372664,0.338126680062949
2489,CHIAP2,3.4734846237249375,0.36952302252435903
2535,FAM19A3,3.4686654070473173,0.27236534432195575
7138,LIMS3,3.4551058575020006,0.24402407461235828
12598,RP11-115L11.1,3.4544350227840286,0.09962444941366352
7162,LIMS3L,3.451953130579624,0.3541664646311782
7163,LIMS3L,3.451953130579624,0.3541664646311782
8124,PDE11A,3.448783864631936,0.31439957617509373
11589,RP11-564C24.1,3.4415188883164918,0.22525977781923198
13494,ARHGAP24,3.44057999378797,0.13888218171468344
8063,AC096649.2,3.4358344344575245,0.40705597344259453
1092,RN7SL503P,3.4354104366300686,0.3422602991619831
11186,RP11-200A1.1,3.4183276723656735,0.2938849260603472
13579,MTND1P19,3.412537990455222,0.52325633924584
13398,MINOS1P4,3.39916596028094,0.5240039731267595
5224,XX-CR54.3,3.3984894773421406,0.267619768032045
15271,CTD-2197M16.1,3.3925515693562636,0.5243762588394345
7899,AC019181.3,3.3917825494509803,0.30102622243172295
4682,AKR1B1P1,3.387539186785255,0.282092581673423
11164,RP11-402L6.1,3.385102402878615,0.26334898686841884
10414,MYLKP1,3.38172264102374,0.2501689124974759
15226,CTD-2066L21.2,3.380928659220648,0.42440516472612305
14864,IRX1,3.3776724338601776,0.48642284733053
6262,AC007389.3,3.3724766773133092,0.4794267092637003
2040,WDR63,3.366732150910872,0.1190077359593966
1649,TMEM61,3.3659477968176166,0.5128328474433783
12745,RP11-79E3.2,3.360328588425458,0.4764593518858964
4136,CFHR1,3.3561240639403658,0.48901246939689436
9673,FECHP1,3.35396378124242,0.5265813931724901
8595,AC019185.3,3.353957439095725,0.5265817603345642
1582,RP11-334A14.2,3.353951034113762,0.5265821311359211
7670,AC092652.1,3.3516151343991782,0.2162527700070364
3393,RP11-404O13.1,3.3487564095996953,0.3205430764736726
14631,RP11-335L23.4,3.3467946298523823,0.3320736757871119
14960,CTD-2256P15.5,3.3441233448697165,0.43512810286418924
15656,RP11-357D18.1,3.3404035615423178,0.3828803415129315
10666,RP11-281P11.1,3.337145452784655,0.37112688351545553
12381,AC116562.1,3.33658334616439,0.527593535008023
10986,MIR548I1,3.3365832495255088,0.5275935406690089
16401,RNU6-701P,3.3309131179962828,0.5279263314436803
5460,AC008271.1,3.3304552454636362,0.5212274447303806
4572,RP11-95P13.1,3.3265577451734454,0.49316104834383145
3541,MPZ,3.325359062093974,0.49722413047160163
13893,SYNPO2,3.318814715983227,0.3730263697064334
11124,RN7SKP212,3.318780500929257,0.5286427524019615
14851,RP11-259O2.2,3.315336701315645,0.5204254582433807
12243,AC073135.4,3.309393691675245,0.5225583843495019
8750,CDK5R2,3.3071302982073183,0.2835517393013748
222,HES3,3.3049660642945313,0.3512471222148839
10880,RP11-359H3.1,3.304902601805509,0.24919946389802203
3122,LCE2A,3.300733937595251,0.42041968718227724
753,RP11-496D1.2,3.299814069503323,0.5187410338372331
6466,TVP23BP2,3.298874018772638,0.2422602954377049
13788,ZBED1P1,3.2957559444329037,0.35083870552671104
1035,RP11-114B7.6,3.2874991290639675,0.26242489827136806
16604,AC010240.3,3.2832283549825148,0.47261725674185917
1881,RP3-333A15.1,3.2829854878668794,0.5280157767562389
9701,AC097359.2,3.2808517192063835,0.1095885226082764
8073,HOXD12,3.2752208111621735,0.08477983909641212
16055,AC113167.1,3.265987100080745,0.5318305551052112
14517,RP11-789C1.2,3.2659766090773013,0.5318312002008484
2493,PIFO,3.263728775189013,0.3191625279673496
11978,RN7SL637P,3.2608273967059667,0.11131888637827865
3134,LCE6A,3.257748803726884,0.5211222936621088
12817,RNA5SP159,3.2572707886733787,0.3453980762908399
1917,RP11-510C10.4,3.2542923092485814,0.3391626683254724
2447,CSF1,3.242267307116206,0.4275087348404601
8740,CYP27A1,3.237139653869375,0.2370949200272919
13470,HPSE,3.2369244073540533,0.3457791966342152
2233,RP11-57H12.3,3.2349401271633256,0.08383255218603888
8232,CALCRL,3.2338767880790726,0.35949282601752236
6798,GGT8P,3.230124683322187,0.4494453810019691
13080,IGFBP7,3.222687228883468,0.17587404132677723
8467,AC009960.2,3.220922221988724,0.37176724790037063
13965,RPL21P50,3.219354691160141,0.5347451299646473
8122,AC073834.3,3.219352097532213,0.5347452947321605
15275,RNU6-1305P,3.2162847310251497,0.5279511457986452
11416,RNU6-1098P,3.2140744333388422,0.5350811974295109
1919,LHX8,3.1999301366232964,0.35319709952289935
785,RP1-317E23.3,3.198269046773864,0.3933559816541236
14409,RP11-502M1.1,3.1964108970467886,0.531757711966997
12116,AC108676.1,3.195735515368625,0.512051021070951
615,PLA2G2C,3.1947835050364826,0.49970131117391725
2719,SNX18P15,3.1910443466889546,0.13023208368360303
3133,LCE1A,3.190416567673821,0.4040505680663642
12271,AC092574.2,3.188129988365037,0.038097201884950055
8612,ACADL,3.187666280594034,0.47806343562246356
9978,COL7A1,3.1827631451623657,0.1778497489058675
3155,LOR,3.1811972529426074,0.3711281927694959
8843,KCNE4,3.171258197155859,0.3254335049173696
8849,AC012512.1,3.16623034145844,0.3399795727454192
1821,RP11-342H21.2,3.1615964796360974,0.5322552333460597
8077,HOXD-AS2,3.1603015802324887,0.018796305407083606
15310,EGFLAM-AS4,3.159661797535551,0.3764043909546119
13341,PPEF2,3.1592099739699115,0.4426216767586543
13838,ANK2,3.1573566605151613,0.11443425951582038
3746,PRRX1,3.155957677147319,0.35480366556884435
9028,AC114812.5,3.1453575732578405,0.30789352802730857
16079,RP11-348J24.1,3.1443603982823536,0.3459152988437881
761,RP11-84D1.2,3.132948454704792,0.48535350630669083
8246,COL5A2,3.13089161386153,0.3326036846870259
11371,RP11-649A16.1,3.12958610255579,0.17219194490550427
4895,RP4-799P18.2,3.126162767532312,0.3402412892897416
13928,TNIP3,3.1257119079646967,0.4969398768837846
11117,RP11-93K22.14,3.1172797049857306,0.5322859012804049
14948,TAS2R1,3.108948793013873,0.34905755569870056
13607,STPG2,3.106150437593733,0.25659113089490443
12111,LRRC15,3.105584113445066,0.29975168122817136
7268,AC010982.2,3.104976686926261,0.36133256918216916
9823,HNRNPA1P22,3.09925347265512,0.47736861062182095
2986,SV2A,3.09841973138089,0.24660965773260207
3556,HSPA7,3.097357066557406,0.4122357366703512
5211,OR2G6,3.096048200807642,0.5429330721110068
5617,KIF3C,3.0908445388768686,0.11683420252316865
5310,AC108025.2,3.0906359715893355,0.22115429310896145
11226,IL20RB,3.0865174492880483,0.3250327732770663
9246,EGOT,3.0817874721502894,0.4190178941109191
7898,COBLL1,3.080858922263127,0.32312962703299963
15015,RP1-137K24.1,3.080822111822896,0.5439956963292036
8101,AC092162.2,3.080815398929274,0.5439961674402092
5689,SNORA36,3.076803520993388,0.22699319932706055
9597,RBMS3,3.0731718414092346,0.055161014351566263
2949,RP11-277L2.6,3.073125783737186,0.5370155024890517
13671,RP11-499E18.1,3.0721870654670673,0.0771558127557388
4438,CAMK1G,3.0718098031580863,0.47145625968694227
8076,HOXD10,3.0695096301155944,0.27859324953563097
11989,FETUB,3.0684100493937274,0.198055605373676
9036,RP11-309M7.1,3.067355792895818,0.21544718396157983
13503,PTPN13,3.0672302796616058,0.19359121697460807
7500,POTEE,3.0665729076416532,0.3930438270541195
8810,AC067956.1,3.0655445528134004,0.44857421045586543
7229,IL1F10,3.0615290068208205,0.2874680511774905
7543,AJ239322.1,3.048793318065233,0.4728665159225689
10847,ARHGAP31,3.039369939302485,0.13780020664633036
1445,MTND1P34,3.039161710387895,0.5399921935588741
3751,FMO3,3.0385553384851023,0.3476154907717015
13705,RP11-556I14.2,3.038296459620409,0.5358395763975172
14754,RP11-706F1.1,3.0365520252652676,0.4018111943064392
11642,RP11-747D18.1,3.03420469468155,0.5473241966164
13393,RP11-777B9.4,3.034201626050172,0.5473244195247406
8773,TUBA4B,3.0308862484147867,0.24026266484186448
12471,AC073648.1,3.0244727233298736,0.5480337059791682
8824,CCDC140,3.0227198688388492,0.26119639279397355
2230,TMEM56,3.0203810183285977,0.09423969523800196
8082,HOXD4,3.01644755204765,0.2022283900323566
8902,AC007677.2,3.015145580128366,0.5408603919266022
3103,RP11-107M16.2,3.0143219224366335,0.4564660886313616
14312,RNF175,3.0132394857960434,0.41960964250273025
1889,RP11-115M14.1,3.0075497613727844,0.541502889076815
7503,CYP4F31P,3.005672993940108,0.4068335918448882
791,PAQR7,3.004336072065038,0.42345641780834153
14177,HHIP,2.99753365677116,0.47055058884875833
10894,RP11-10G15.4,2.997333263040432,0.5500398214777492
14704,RP11-45I20.1,2.9882826677770575,0.543257248869049
1834,RP4-763G1.2,2.979837648388781,0.5397809257169524
7288,AC009404.2,2.97907834886242,0.46227330033023956
16371,SEMA6A,2.978611198089837,0.40518818223691194
15456,FST,2.9744523377266727,0.5257698593166575
7490,AC140481.9,2.971400803553526,0.37894383512075114
15776,CTD-2376I4.1,2.9694716773274012,0.4459359091250471
8629,AC108066.1,2.965793793399083,0.5443786645092645
4214,PHLDA3,2.9626374137893343,0.022958434669983777
5404,RP11-791G15.2,2.9579500442073474,0.3671731422412504
16299,NREP-AS1,2.9432665890773615,0.37746785794736665
7822,CCDC148,2.9387579456205666,0.20294436449118372
12912,ATP10D,2.9350717684995313,0.06530811170186886
8095,RP11-324L17.1,2.9334125534934263,0.46326833781017673
11199,RNA5SP141,2.925006373794752,0.5473048940415932
9292,SRGAP3,2.9244543704259276,0.4364338622818565
1204,NT5C1A,2.923859579915845,0.30464658419977175
14617,AC108142.1,2.9227022884274922,0.2404641226102196
7031,AC068535.2,2.921223449763791,0.555890715726119
11299,RASA2-IT1,2.912153197683535,0.423699974569088
7682,TEX41,2.911453947105381,0.20979181325994728
9025,DNAJB3,2.9105476715056637,0.3522500136683583
15156,CTD-3007L5.1,2.908002556917483,0.5477847173603484
2583,TSPAN2,2.900709897696404,0.42582168930303976
4250,RP11-396D18.1,2.893314781286901,0.25215718712525403
2250,RN7SL831P,2.893087634547819,0.5477583045544113
8302,RP11-764E7.1,2.8929387663867474,0.29804621007447973
2312,RP11-84O12.4,2.8875758511772505,0.5501347536275278
10652,NFKBIZ,2.8851577865120617,0.3463463249038286
5447,AC064875.2,2.8841393631577223,0.5380487962459549
2589,TCEB1P20,2.8809298165508688,0.5486776557913926
1468,AL109659.1,2.87369635951154,0.5597219015399031
2268,NFU1P2,2.8736825022634487,0.5597230393938324
14422,RP11-719L21.1,2.873219072156303,0.5512364506353307
1346,RP5-891H21.5,2.867414189155044,0.26032949742369565
6019,GTF2A1L,2.865630958419602,0.5474744536894087
1232,RP1-228H13.2,2.862660688669683,0.5520494143928676
10985,RP11-379B18.1,2.8616921543880176,0.5018082300137796
16441,RP11-166A12.1,2.8615561021696694,0.5514241400586419
12503,RP11-1396O13.13,2.8581337184869664,0.5482105340030499
7124,SH3RF3-AS1,2.85511279559631,0.2297016732624954
7505,AC131180.3,2.8529430194252066,0.377640551039942
14696,C4orf47,2.850055583109432,0.4328909086520812
5327,RNF144A-AS1,2.8467435407231743,0.5153898799007571
6813,AC073464.7,2.842383881755289,0.4801406460640508
7456,AC068137.5,2.8418569021698885,0.5481240006883985
13849,ARSJ,2.840480889658487,0.1063842768477417
1809,RP11-430H12.2,2.839602703626864,0.5065803497922783
297,RP3-510D11.1,2.8387589614612634,0.3193427087253857
7739,AC104777.4,2.837633028464057,0.5539971422810572
12365,RP11-529E10.7,2.8344527162308637,0.5511030825138211
5751,SRD5A2,2.8292155541720176,0.17627826687848885
6020,LHCGR,2.826452666076835,0.529311669802681
7125,SH3RF3,2.819493137188777,0.22937082918164006
259,RP5-892F13.2,2.813578967742039,0.2063506267462928
7246,FAM138B,2.8126596917780584,0.30544445093693645
9026,UGT1A2P,2.8112480685559498,0.2830055455513122
7310,AC013275.2,2.810859529036207,0.46333699892332747
9501,SGOL1-AS1,2.8070781038040185,0.5527705587442193
15546,CTD-2023N9.3,2.8058225566080908,0.5599711013022484
6737,IGKV2D-40,2.8046806445706993,0.554672782530108
5199,OR2T12,2.8046480806723673,0.5580777723023645
8877,COL4A3,2.8037703161073533,0.4542860023907526
16432,CTC-441N14.2,2.79804973201365,0.5417758295495713
12108,RP11-513G11.2,2.796975444430153,0.22351802524605108
8547,CPO,2.796637725646367,0.49531138728818824
2678,LINC00622,2.7948808164870975,0.4973504380387511
1494,HMGB1P45,2.793758823855615,0.3695395367158487
7498,NF1P8,2.7909999095490927,0.5220597972431222
9950,RP11-1029M24.4,2.789397224353496,0.37746928037610106
8721,C2orf62,2.7826860095922448,0.5387704835122331
8074,HOXD11,2.782625017983571,0.3250340852943199
14940,SEMA5A,2.780546951342264,0.4070166130401749
5600,RP11-509E16.1,2.778653401668762,0.4329146703925707
16105,MCTP1,2.7671477894390923,0.0731359589903073
1858,RP4-694A7.3,2.766701485367016,0.5597799468179383
10352,RP11-963H1.1,2.7638609393356637,0.3420608079656079
1673,RP11-377K22.3,2.7563824576328932,0.5606495829970155
15091,RP11-124N3.3,2.7532662351141663,0.5611200469037392
1820,WDR78,2.7470293211496655,0.39613824759604566
15923,CTD-2201I18.1,2.742874265586746,0.2770268713894026
15225,CTD-2066L21.1,2.7405668552103197,0.2157460920008897
14453,RP11-366M4.14,2.7400621329522004,0.49252886494289627
15219,CTD-2004A9.1,2.739936271906532,0.5620494932415423
16566,snoZ6,2.7399344872093394,0.5620496462888946
15763,RP11-389C8.1,2.7391256359314755,0.3423174115090974
11823,RP11-360P21.2,2.733700704986424,0.562585739373797
10143,SNORD19,2.732474376118935,0.5501163199086795
10145,SNORD19,2.732474376118935,0.5501163199086795
15161,RNU6-909P,2.7319425049216,0.5381352096761289
13872,TRAM1L1,2.730083498911805,0.16010478012823698
13328,RP11-542G1.2,2.7292162000312747,0.5609241409192367
5251,RP13-539J13.1,2.724789589210431,0.3141150339868834
11035,MGLL,2.723413519249379,0.18428439914174952
15562,CTD-2176I21.2,2.711527280419634,0.4398855948456716
9161,AC104809.2,2.7079811202140682,0.20618364528832564
7068,UXS1,2.7077088087899326,0.14534944606959485
11720,RP11-469J4.3,2.7023821041980858,0.2691106044337018
6736,IGKV2-40,2.697218688847019,0.5633083205058129
8590,PTH2R,2.690513618535987,0.4032962364444884
4344,NUAK2,2.6904854139790055,0.12699248653824732
4208,PKP1,2.690207139972477,0.5629800342272653
3602,RP4-640E24.1,2.6858093097194837,0.5690073170793188
359,RP11-149P14.1,2.684941053385481,0.5668777576234632
8794,RP11-256I23.2,2.6845905568690176,0.3566768967258515
14708,FAM149A,2.6819897599294347,0.16327672655433828
11415,WWTR1,2.67862257235706,0.06566477779747903
11752,TNFSF10,2.677504895006189,0.5435307608122324
8059,RP11-6C10.1,2.6773136136932214,0.43107875224800385
10932,SEMA5B,2.670285271924623,0.5021201000704405
10738,PVRL3,2.665326847704027,0.10054043174236356
5315,AC073479.1,2.659725545487863,0.5652068458710175
16392,PTMAP2,2.6573782980955745,0.47913573320212377
189,RP5-1092A11.2,2.6564285507348395,0.3250408229855095
8812,AC093843.1,2.6561208437945334,0.42912957493826565
14922,C5orf49,2.652437973489714,0.4358105282119203
10942,RP11-9N20.3,2.6507399495771735,0.2669465436773928
4412,CR1,2.650020945332682,0.22176417465742118
14054,RP11-553P9.3,2.6479674852960158,0.4539087458779171
526,AL355149.2,2.6475676826391648,0.3843131018398312
5046,RP11-561I11.3,2.6463542587123223,0.44318013611907336
15322,RP11-122C5.3,2.6458630962452268,0.3442395081442205
12433,RP11-367J11.2,2.6452941781807646,0.4850393484472075
2940,RP5-998N21.3,2.6405814915356927,0.5710798015429042
2705,AL592494.5,2.637048489393029,0.29077679074756746
9815,HHATL-AS1,2.632549991954477,0.5640438780073549
2846,LINC00624,2.6280596691074005,0.3837335923499397
7364,CNTNAP5,2.625819666979605,0.38772680947796523
5835,QPCT,2.625197176285046,0.3129410118747931
738,MYOM3,2.6244514284534195,0.4166325833984537
1710,RP11-470E16.1,2.623696519690682,0.13766304739322743
4057,PLA2G4A,2.6143061788990734,0.14887477818426015
4369,RP11-38J22.3,2.6133206281912447,0.389436587119048
12464,HMX1,2.6132078877441787,0.46372590545699055
11628,RP11-10O22.1,2.5994996744457013,0.3874760094349226
7496,NEK2P4,2.598632284062641,0.502138771278883
7164,AC108938.3,2.5973632187640265,0.5851406441962307
10218,RNU6-108P,2.597355067835792,0.5851414833539774
5194,OR2M5,2.5973513958443917,0.585141861396272
8667,TMEM169,2.596040170823222,0.3507588631620132
5269,AC009232.2,2.595989302761023,0.3916230078898715
15468,LINC01033,2.595289165607772,0.0533569650608549
11766,SPATA16,2.594134798363276,0.4000442068510555
4213,RP11-134G8.8,2.592443710157274,0.0058909480550280585
9689,RP11-129K12.1,2.589675599984045,0.3553472600862679
12587,CPEB2,2.5893340426886273,0.09314945467477247
14355,GUCY1B3,2.5880307127042643,0.3562251597702955
15234,ADAMTS12,2.585137448295588,0.34032945865988734
14323,FGB,2.5848846456148316,0.4380241246472465
7504,AC131180.4,2.580649333185799,0.4625847920439816
15479,GZMK,2.5783364219319926,0.39620072978735904
10626,ABI3BP,2.5740271037328832,0.17278732332732008
10348,MITF,2.5658545623015403,0.10004761547614746
6483,AC007099.1,2.5618666680692015,0.5683063201102869
14137,RNF150,2.5596602501802472,0.4077866973046111
9547,RARB,2.5576715140166852,0.38462991030620375
5969,RN7SL817P,2.5567186142765475,0.39588023743309114
5039,MAP1LC3C,2.55550652196274,0.19681258182911993
6852,AC009237.8,2.5540857812680815,0.49967400716074817
6816,ANKRD20A8P,2.5514865175779633,0.47903479831345974
11806,LINC00578,2.5481472552115894,0.3321538955241455
10824,LSAMP,2.5470876606839865,0.5749255329230112
12044,TP63,2.5409302213525895,0.5629136483534918
3296,RP11-29H23.5,2.540565920858955,0.13276901376266653
10038,CDHR4,2.5404756889628177,0.1740439003036077
2437,GSTM1,2.538962814643992,0.5747552994723979
11848,PEX5L-AS1,2.525885035712225,0.5761309171084692
11621,RP11-3P17.4,2.525405598258061,0.4146265293362868
2679,HSD3BP5,2.5247013364681923,0.5379078436091383
5562,AC011239.1,2.5239802430988236,0.5626682231956552
191,CCDC27,2.5167618353789933,0.2900929798277958
15521,HMGN1P17,2.5167190424880177,0.21828361247743916
11017,NUP210P1,2.515737539613944,0.4130535871176647
11381,RP11-71N10.1,2.5155426877386056,0.41366783963134457
14902,CTD-2044J15.1,2.513861333333981,0.49882811615034617
5693,MRPL33,2.513170094049181,0.16913513454481532
1950,RP11-375A5.1,2.512299619061764,0.5807287225315984
7431,AC079776.7,2.5122364013834217,0.48981177114582575
10940,MYLK,2.5117442916042676,0.2852042916741368
9433,AC090954.5,2.5098812421831744,0.534482391653559
4980,RP11-193H5.1,2.5089526853782775,0.5769580782482155
7737,AC104777.3,2.508850527066261,0.4586207129351306
12923,TXK,2.508843899550005,0.29857642898437364
10295,PRICKLE2,2.5087805198722397,0.10812902561590473
9024,AC114812.9,2.5086623197885625,0.5127875859122399
4134,CFH,2.506705866871545,0.259194775595002
3143,SPRR1B,2.5064420470683606,0.5816416258375139
7654,KYNU,2.500957650692635,0.33807422308034746
12760,RP11-103J17.2,2.5006541754432816,0.4090142859581809
9142,GPC1,2.499470966868356,0.07532202519525102
14707,TLR3,2.4961352897407703,0.20120465511044627
2677,GAPDHP33,2.493002855239294,0.5269647347900337
13426,RP11-395C17.1,2.4917424950778044,0.5813495807596356
7238,AC016745.3,2.490893076723563,0.26047707169760753
10689,RP11-446H18.6,2.4908441687736236,0.35216878748943137
8674,AC069155.1,2.4890426466191404,0.4963167781208754
13789,ENPEP,2.488780307874092,0.5460161705593959
10326,RP11-81N13.1,2.4874187806144863,0.11516065805601725
10344,RBM43P1,2.4869050680514766,0.5869369771633988
3706,LINC00626,2.483820119132425,0.41052702846532796
8868,AC068138.1,2.482781077000105,0.4724962319892997
1653,RP11-101C11.1,2.482168461594817,0.2973313221229618
13340,RP11-556N4.1,2.4818551292461444,0.31021284978439795
4442,G0S2,2.4808627582846365,0.40735431917044806
14206,RP11-6L6.2,2.48021741103148,0.4779878260369608
3178,S100A1,2.478738568538659,0.3940378116053022
7655,RP11-470B22.1,2.478681862217285,0.28136334673112534
4626,RP11-358H9.1,2.4779095854023283,0.4885239650625166
15486,GPX8,2.475221158323584,0.014826407826729362
10862,MAATS1,2.4752031997286714,0.5482406798529522
633,SH2D5,2.474207728832086,0.16918760479221293
4370,AVPR1B,2.4735111218896133,0.46152655461027225
12946,SNX18P23,2.4733330959857684,0.23891976049264643
15232,CTD-2233C11.3,2.4713870033943897,0.26432300835650446
1063,CSMD2,2.4691296601213346,0.4910426719350435
12147,APOD,2.467860417654038,0.5501832311742318
8672,MARCH4,2.466827473212179,0.5249960303368557
8224,ITGAV,2.466015436245098,0.09285331976299298
16685,GS1-39E22.1,2.465673899719279,0.3427707588509648
12057,IL1RAP,2.4599318689076703,0.34196960901439444
3104,HRNR,2.4594465663450236,0.3622859201345709
13749,LEF1-AS1,2.4584053273546043,0.3221331990700368
7458,MTATP6P7,2.456443771335464,0.5907833089145424
7327,TMEM185B,2.456186456231575,0.27149640439390754
2476,OR11I1P,2.447377703720242,0.29540508795255627
13083,IGFBP7-AS1,2.4427858508282827,0.3034630259014658
11094,PLXND1,2.440370099462358,0.2571198352227759
16282,CTD-2089O24.2,2.440232624033818,0.5849571926496528
14246,DCLK2,2.435014882365216,0.3517933624322338
14167,RP11-780M14.1,2.4341185444877227,0.5866935528696864
11153,NIP7P2,2.4337333116934725,0.17947218896875453
6312,GKN1,2.4324675846067096,0.4878165588142285
3413,OR6Y1,2.430618443233905,0.5925988773001878
10842,IGSF11-AS1,2.429208709734232,0.43278713676133573
16431,LOX,2.4269331253882087,0.49832692786926114
9779,RP11-528N21.1,2.426815546571058,0.2952355947169801
5420,AC099344.3,2.4175743357311172,0.5881785079272481
6634,CD8A,2.4175467410112446,0.4488726411167436
14977,RP11-215G15.5,2.415778616901389,0.14791340086928836
5726,ALK,2.4142965581948204,0.5685751804112179
629,AL391357.1,2.413658437520028,0.5916237588769763
5238,FAM150B,2.4122961268809893,0.5717287901435333
2913,RNVU1-16,2.410757866859005,0.5907902530025162
6608,GNLY,2.406803961984036,0.08639166817865537
15542,CTD-2023N9.1,2.404425742884002,0.5996379326366362
13456,RP11-57B24.2,2.4038796203169825,0.4853711812646917
11362,PLOD2,2.403494631646714,0.25481961861927066
11345,SLC9A9-AS1,2.4026964762234746,0.5957472428442546
7381,RP11-521O16.1,2.4022838187954467,0.2567913049543995
4551,SPATA17,2.402243674570339,0.26057735215013755
15921,RP11-168A11.4,2.401456015634024,0.17088670049018134
8800,RP11-256I23.3,2.3972765035367,0.34675873415535935
5328,RNF144A,2.3959920708119524,0.2596176550514511
11718,RP11-543D10.2,2.393392300059253,0.365010156381959
4364,RP4-681L3.2,2.393145185933742,0.5955510378605402
6795,AC027612.4,2.389867668270215,0.3393871627370678
9027,AC114812.10,2.389498317708104,0.4244055533637779
2957,RP11-353N4.7,2.3882289168406463,0.3645709700463577
548,RP11-108M9.5,2.3867284620286404,0.15890575186558972
15768,CTC-347C20.1,2.385756952416929,0.35564833323698414
7053,AC104655.2,2.383471836027355,0.46044777619468513
13896,MYOZ2,2.3803299255240122,0.524932558930645
7858,AC009313.1,2.380205416776146,0.5295084133497499
16426,RP11-510I6.1,2.379072124329589,0.32267651499360545
15553,PGAM1P1,2.3788885972462146,0.36927377744710876
15267,CAPSL,2.3773885791911473,0.3118518552322886
12098,RP11-699L21.1,2.3729831142110025,0.20115993702147653
12041,TPRG1,2.369780605967099,0.5431107501570727
5811,CRIM1,2.3679215316015836,0.0643307871875031
12047,LEPREL1,2.3668504261766565,0.3760176011235889
10845,B4GALT4,2.3661084679274382,0.27656977800789906
14490,PALLD,2.36474650504232,0.250268014833396
9583,RP11-222K16.2,2.361193061212068,0.31462743681553573
12403,STK32B,2.360349401007464,0.16838305972234976
14976,RP11-54F2.1,2.359893019294079,0.1587125267337212
14362,RP11-171N4.2,2.358624760503958,0.6124867148876756
4227,SHISA4,2.358560458621818,0.11274719107902222
4454,HHAT,2.3554185973294715,0.06662643402875572
9828,RP11-136C24.1,2.355134648869633,0.41965657919227006
3166,S100A7L2,2.3521624088773843,0.4315243319753056
9580,AC098614.2,2.3496860237448356,0.2543475587546837
9291,SNORA43,2.348649290267661,0.5792754371623665
9233,SNORA43,2.348649290267661,0.5792754371623665
8162,SNORA43,2.348649290267661,0.5792754371623665
6680,FOXI3,2.3479290915658892,0.31759154247214455
14313,RP11-153M7.5,2.3444365070662725,0.5111602042421005
3852,RP11-222A5.1,2.3428829302082446,0.43790557617772863
11356,RP11-88H10.2,2.3404594030336834,0.45817984867482664
9001,NEU2,2.339669847449421,0.22771436778748874
4596,RP11-410C4.5,2.33895036574576,0.3235533768541149
14499,RP11-483A20.3,2.33770776856146,0.44498356772373526
6158,AC016747.3,2.3362120693358386,0.00801332071098236
16144,ERAP2,2.3261915272061593,0.35911970889196826
11132,NEK11,2.3261895491372284,0.29265429077289773
3868,BRINP2,2.3259587630199796,0.49761774103585343
8741,RP11-459I19.1,2.3226331611507525,0.4027578665650437
11473,RP11-64D22.5,2.3213829366474754,0.5338669565476735
7030,AHCYP3,2.321194677647764,0.6003412842688756
10182,CABYRP1,2.3196222976458114,0.3782454977195744
4997,CHRM3,2.316825505014006,0.2650344313016888
6884,NEURL3,2.312845901154904,0.381016823205537
5574,FAM228B,2.3121571140376256,0.20133481647662996
11152,RP11-65E22.2,2.3103961318886173,0.5420088775256335
11590,IQCJ-SCHIP1-AS1,2.3093792819501044,0.15924537886885198
12285,AC139887.4,2.30924192419126,0.35271898317117506
2488,CHIAP1,2.308735726009073,0.6002048130136934
7530,MED15P4,2.3078489870808037,0.5401415627657427
14334,NPY2R,2.306397986800062,0.5811842894206454
8817,CTD-2308L22.1,2.3037165178976013,0.22590870753290537
6933,VWA3B,2.3034948764378482,0.5739821662847331
15013,U8,2.302330230270557,0.5905556811535757
11499,U8,2.302330230270557,0.5905556811535757
8210,U8,2.302330230270557,0.5905556811535757
11854,U8,2.302330230270557,0.5905556811535757
6625,U8,2.302330230270557,0.5905556811535757
4908,U8,2.302330230270557,0.5905556811535757
15677,U8,2.302330230270557,0.5905556811535757
11201,U8,2.302330230270557,0.5905556811535757
9792,U8,2.302330230270557,0.5905556811535757
2126,RP4-665J23.1,2.301568347406649,0.05461293062988286
4044,GS1-174L6.4,2.30021813640363,0.4706606527040452
11775,NAALADL2,2.300198662317029,0.48981475800324603
7443,MED15P9,2.2993251651269766,0.5666363416571812
11588,RP11-441M10.1,2.296749523615081,0.6205955504930616
16190,EEF1A1P20,2.2919786770266466,0.6030342443635139
13294,IL8,2.2919632973507365,0.4321754652309002
3006,ECM1,2.2900719608584255,0.5053624380826252
866,FCN3,2.2790934988551808,0.3543168000282283
15988,VCAN-AS1,2.2780290997087502,0.5549077053088665
8216,AC104058.1,2.277370355411005,0.29235524766545984
962,RP5-1125N11.1,2.2769783025615093,0.6110154311273075
14080,SLC7A11,2.2765619115262394,0.15643815537899694
16665,CTC-276P9.3,2.2745642881179178,0.4964155828221951
11078,RPS27P12,2.27231865098878,0.4490304691027984
7744,RBM43,2.2708616058340456,0.02469911094602587
14410,RP11-502M1.2,2.269666416904161,0.3908217042397428
5485,ZFYVE9P2,2.268043858170149,0.6087163578718917
9977,UCN2,2.2659897208299578,0.15512932825285675
3494,VANGL2,2.263018885465576,0.15370116679789428
15247,RAI14,2.262318386082174,0.03663401320405976
292,SLC2A7,2.261933112699847,0.15402486103615268
10637,FAM172BP,2.2594644573928133,0.39917708487990683
4961,ERO1LB,2.2579627303596275,0.4525493573595652
13065,THEGL,2.256308301674637,0.20304223007153543
9896,FLT1P1,2.2526925995442086,0.6151325922813387
7239,RP11-480C16.1,2.2520341704416573,0.3641204161184725
15638,CTD-2033C11.1,2.2495743513080577,0.26821387083459514
14548,RP11-161D15.2,2.248686910271648,0.5136651475268454
11789,RP11-809F4.3,2.2476778271347437,0.5025193899841849
13529,CHCHD2P7,2.2452327853290224,0.49455496626451334
2314,VCAM1,2.244174447827392,0.6229879552256438
6711,IGKV3-15,2.243363265413433,0.45242795113308804
16586,IL13,2.242104452944132,0.47013448804201197
4563,C1orf143,2.240444866035397,0.2987637362862155
5173,OR11L1,2.2404246450075713,0.5064280935624452
1667,RP4-710M16.1,2.2398006561825166,0.3696881104035553
7441,AC018804.3,2.2340378173836224,0.6214171212021657
13252,MUC7,2.2339398794139385,0.6102278978348168
6285,AC023115.4,2.2280717269895915,0.4406700727655615
8542,MDH1B,2.22693678081324,0.2897677429596539
8640,VWC2L,2.2266308484962134,0.12740244790241648
8746,AC073128.10,2.22512148039869,0.2985001579173337
2616,IGSF3,2.223926512606508,0.23194665595180816
14945,SNHG18,2.2232355798265107,0.47951103326887823
5575,TP53I3,2.2230293363601676,0.3595947079920247
15069,RP11-432M8.8,2.220347970536408,0.5273912890711766
3965,GS1-122H1.2,2.21769911096674,0.5866381939764898
1819,INSL5,2.2172653494600323,0.6114868354573338
3138,SPRR4,2.216276393018579,0.6135013901865289
11753,AC007919.18,2.216130582752733,0.6114495900005608
11189,AMOTL2,2.211242048537576,0.1951031334413168
1302,FAM183A,2.209385192535078,0.20693080691716487
7768,AC012501.1,2.2073643312186415,0.6149014585884398
9214,CHL1-AS1,2.2057673651199226,0.6175125721486353
8140,FKBP7,2.205070261623289,0.02697379649802813
1907,TNNI3K,2.204941541586772,0.4112191292262869
13133,MTND5P13,2.2033235030343716,0.6152283397374356
16574,SLC22A4,2.2020485526043094,0.36993887021056304
14317,DCHS2,2.199279309154639,0.4804382461506589
10912,SNORD112,2.1962774162731877,0.6051327143520694
13737,SNORD112,2.1962774162731877,0.6051327143520694
10779,SNORD112,2.1962774162731877,0.6051327143520694
5781,SNORD112,2.1962774162731877,0.6051327143520694
5126,SNORD112,2.1962774162731877,0.6051327143520694
3598,SNORD112,2.1962774162731877,0.6051327143520694
14121,SNORD112,2.1962774162731877,0.6051327143520694
4017,SNORD112,2.1962774162731877,0.6051327143520694
1635,SNORD112,2.1962774162731877,0.6051327143520694
4386,SNORD112,2.1962774162731877,0.6051327143520694
6552,SNORD112,2.1962774162731877,0.6051327143520694
4332,SNORD112,2.1962774162731877,0.6051327143520694
8898,SNORD112,2.1962774162731877,0.6051327143520694
1081,SNORD112,2.1962774162731877,0.6051327143520694
3786,SNORD112,2.1962774162731877,0.6051327143520694
3616,SNORD112,2.1962774162731877,0.6051327143520694
8548,KLF7,2.1957676678510882,0.14999142776499239
2211,RP11-148B18.1,2.195011271987986,0.4562618955035579
15899,DMGDH,2.1931975060934676,0.45215235421304
14633,WWC2-AS2,2.192460006924893,0.07032940250260207
1934,RP11-550H2.1,2.1920088434652323,0.6236374591011999
12910,RP11-731J8.2,2.191322767464799,0.3173325671975703
13998,PGRMC2,2.1894458360352984,0.14601245411153518
6421,ACTG2,2.1866022919774877,0.6151189053173942
1763,AL138935.1,2.1863449420288696,0.49912207342330883
11339,CHST2,2.1849344280991585,0.24892494257300213
7069,AC018878.3,2.1838746634452986,0.3090848487548307
13877,AC092661.1,2.1803382749082196,0.493493901607597
15252,RPL21P54,2.1801549538597267,0.4554256428009229
7757,FMNL2,2.1787292849636084,0.05861874473629794
11585,IQCJ-SCHIP1,2.1785181643267313,0.08388140688508236
16482,RP11-257I8.1,2.178298636902033,0.4003416408027882
4394,FAIM3,2.1778849836149745,0.3468659960565951
9655,CRTAP,2.1775378810868675,0.014267654251372197
14292,TMEM154,2.176294541813144,0.5332667654897835
15157,LINC01021,2.175417439793561,0.2066236973307507
13563,SNCA,2.1736952584876503,0.4334256490698897
3993,RP11-181K3.4,2.1731499105046947,0.23172850037420115
7999,DLX1,2.1723652991341837,0.28221726085093274
15329,DAB2,2.171210313932226,0.34405707870974916
573,KLHDC7A,2.170743275466699,0.4743867562781887
14358,CTSO,2.170230616292862,0.223661084817317
6010,AC079807.4,2.169357857436734,0.31748230471088823
3429,RP11-393K10.1,2.168302109844204,0.6259260556648651
3266,MIR92B,2.167209870743063,0.32468858610566703
13148,RP11-25H12.1,2.1668803703327972,0.22402432980139975
12533,RNA5SP155,2.166722129826799,0.4037036747263481
10987,RPS3AP14,2.1658370472541004,0.4935030585235918
7006,IL1RL1,2.1640949646196894,0.5949171993457565
6853,AC009237.11,2.162548187659501,0.4765450124348101
9683,RN7SKP227,2.161657672894347,0.47694629676561096
5338,AC092580.1,2.161082868016779,0.6401370652793228
5518,SDC1,2.161018773710106,0.21663016873733346
11963,EHHADH,2.1532827749826953,0.19568619167360576
8570,AC083900.1,2.149947787736473,0.4956557725822702
693,C1orf234,2.146861875595282,0.20619405834927493
547,RP11-108M9.4,2.1465866602365433,0.23248045112780005
5713,RP11-713D19.1,2.144942386255769,0.3919502050797467
5778,AL121656.5,2.1448158483343667,0.6209754935289817
3687,GPR161,2.1416014729959127,0.10671126338011494
4367,RP11-38J22.1,2.1410838353731423,0.361840032516795
6855,AC009237.10,2.138236437597196,0.627385877974346
10266,PTPRG-AS1,2.1378816249781023,0.318270997135106
4612,HLX,2.1378458541906213,0.28155711755022855
9521,UBE2E2-AS1,2.135741077918095,0.383612333538297
4144,CRB1,2.1351899964712966,0.553510715373124
13300,CXCL1P,2.1346084669169714,0.5060839086922164
2993,RN7SL480P,2.1327099053956595,0.4997979226864375
14711,ORAOV1P1,2.1326982432095027,0.4000119954408819
12077,FGF12,2.1314932771142967,0.3865856139748757
6327,ANXA4,2.1310889331320637,0.2975551141786958
644,RP3-329E20.2,2.130168420126792,0.3059698837295917
7108,SULT1C2,2.1260106334581437,0.6249188813398234
4080,RP11-398M15.1,2.124013133600298,0.6255953871431414
11472,RP11-64D22.2,2.120961992521204,0.4931542584990506
925,RAB42,2.1207478428450095,0.5284260038558557
7306,C2orf76,2.1204922938152535,0.296775414201886
11011,UROC1,2.120220405416499,0.598284698115518
8097,AC017048.4,2.119517871078374,0.24071171872475033
1080,DLGAP3,2.117371239254843,0.5804700414937921
3392,KIRREL-IT1,2.1133602092018737,0.10676204919950497
10915,CSTA,2.111167569919754,0.6151818236830675
9090,FAM132B,2.1107569428959474,0.35835707448407655
7054,AC104655.3,2.1102506274200987,0.2961883488499527
10737,PVRL3-AS1,2.1082992734625474,0.1760202636577032
963,RP1-65J11.1,2.107860487473526,0.3302874629059162
14968,RP11-1C1.7,2.1066765204739717,0.3850982897070396
13280,RP11-352E8.2,2.106359505169871,0.42392365015654015
14949,CTD-2143L24.1,2.10275510769773,0.3586438280815155
1351,RNU6-369P,2.1022466593299765,0.6358930432917151
14356,ASIC5,2.1017421491031842,0.21586687818427333
7564,NCKAP5,2.1015902708028484,0.38473811572634464
12713,AC007106.1,2.101382807671235,0.5210652495757713
14894,CTD-2324F15.2,2.1001235384023933,0.43556740218303286
12387,OR7E43P,2.0999848766404767,0.4631835600625055
3424,OR6N1,2.0995909658639738,0.6362689242849058
15445,ITGA1,2.099501538251358,0.4334138504273953
1964,NEXN,2.0977373805100723,0.4030550501916015
7148,NPHP1,2.0970989887655094,0.22770875359327686
13950,CETN4P,2.0967103566238534,0.08895811628277601
10673,FCF1P3,2.096642937792495,0.5431802313031691
1816,AL139147.1,2.0959684566097176,0.5635667590020392
10133,TNNC1,2.0958392432974957,0.5976574124038694
6191,AC107083.1,2.095806918800647,0.5142736328218834
14300,RP11-285C1.2,2.094736898984809,0.6301806231125247
3126,RP1-43O17.2,2.0931433399877255,0.6325042803368195
151,AL589739.1,2.0918297953744047,0.39811183431523145
8350,RFTN2,2.091698495240981,0.23291152270251955
12688,RP11-302F12.1,2.0899978703546007,0.5553582188782893
8539,DYTN,2.0889887693526887,0.37495348486608515
11665,WDR49,2.0881014823177635,0.19513308182890465
5037,BECN1P1,2.087905582722341,0.4072351752358368
5626,PPIL1P1,2.0832595975298043,0.527453127614969
7455,MTND2P22,2.0818511764577607,0.6342438588153293
6454,AC005041.17,2.081532202611694,0.3662321533014376
12974,SPATA18,2.080462694124035,0.3070858976759565
9145,MIR149,2.079682339488821,0.6393859407397275
14619,TENM3,2.0791501118652547,0.3380785861631459
1758,RP11-335E6.2,2.078083219514072,0.6330084084862959
9586,AC098973.1,2.077187318073968,0.6149696609748676
661,HSPG2,2.075564093590001,0.3619169069677499
8793,OBSL1,2.0752596627840845,0.18714507016048168
9403,LINC00620,2.0745533535901277,0.4869117211667593
14959,CTD-2256P15.4,2.0744931295998335,0.16858040550837536
4478,RP11-122M14.1,2.0739479518575825,0.3984918567631066
10013,CCDC36,2.072785306583723,0.4870980315574114
1140,RP11-422J8.1,2.0723335807818137,0.06395156290661694
15320,CTD-2127H9.1,2.0717372165463215,0.13318113400271464
966,SDC3,2.0715434286817893,0.2704737490599362
9497,AC097635.5,2.0704274826086833,0.17736333385126307
7355,AC018737.3,2.07010002657196,0.5930162686204945
10557,RP11-389G6.3,2.067875180640122,0.4045946784663909
8748,AC097468.7,2.0668680736247507,0.3738922962989239
9296,SRGAP3-AS4,2.0647161609308475,0.45657329116136514
4354,RNU6-418P,2.0627459401425945,0.3652582749196658
4834,GALNT2,2.061354068073947,0.10138178592250303
13745,CYP2U1,2.0610417209783294,0.06481327677826346
11561,PTX3,2.0602967912772123,0.46024271104348513
12106,RP11-513G11.4,2.059633506660072,0.3077774066988734
10857,ADPRH,2.057071626317625,0.22487490593101142
5853,AC016995.3,2.0545334937719293,0.37032929081153865
10478,RP11-260O18.1,2.054411024456003,0.6426244712528928
9859,ZNF197-AS1,2.0520949866404923,0.4080254114753613
16387,RP11-2N5.2,2.0496921941992317,0.6393977764152199
5332,AC010904.1,2.0495409232632955,0.2947754776292293
6764,IGKV3D-15,2.0487162269764414,0.5071096114796732
811,CATSPER4,2.0468587563599057,0.6025808249349833
12686,RP11-302F12.2,2.0446929611615112,0.49690388341228586
13636,PCNAP1,2.044360023158417,0.40237105066163925
8207,ZNF804A,2.0432520228747078,0.52316635812492
2388,SLC25A24P2,2.0417495296663772,0.6280690105765839
3442,OR10J3,2.0411476034053577,0.4773626761866602
12858,LINC00682,2.0407131047918834,0.3953926209145939
12078,FGF12-AS1,2.0388635082874114,0.6460781745982693
953,RP11-111I12.1,2.0362084285351614,0.48579255880110395
8647,ABCA12,2.0357970940233026,0.48331433551631153
3128,LCE1F,2.035613486349261,0.5748447847985985
3534,FCER1G,2.0341437594977734,0.3071554030892335
10883,HGD,2.0304197324494804,0.36578903455049955
10672,LINC00882,2.028426001317157,0.2983483113546691
5705,AC104695.4,2.028053765040842,0.4922652381689123
2638,VPS25P1,2.026600900379728,0.28150280928486865
4395,RP11-564A8.8,2.026176319581311,0.383690426536475
2200,RP5-837O21.5,2.025568828840743,0.5374471232695079
1418,RP5-1109J22.1,2.0253784475877734,0.40968782301353907
7323,AC012363.10,2.0244468627489276,0.42324124495571397
5929,PLEKHH2,2.0242434894908685,0.29082004589673366
6968,CHST10,2.0230463958668965,0.029832913841834587
10267,C3orf14,2.0199777111851143,0.2198027453586378
15756,MAP1B,2.01978998587464,0.28418894506562076
11160,NPHP3-AS1,2.019298820185745,0.1691735614103594
8282,AC067945.4,2.018024675364331,0.26869955356860536
1811,PDE4B,2.0172247125701217,0.4480316346569194
4949,LYST,2.016186540458707,0.1685308234142004
15984,CTD-2110K23.1,2.013504727526872,0.4791146591195
3951,MR1,2.0129041337564773,0.09974291760657003
251,RP11-338N10.2,2.0102810192082052,0.44355370099588
5002,RPS7P5,2.0084000127173742,0.5188930528261202
8655,AC012462.3,2.0076777726606774,0.6444882687743496
8225,AC017101.10,2.006735448138344,0.5120218173013323
5704,RP11-373D23.3,2.0063343997092367,0.48137619395673403
5068,RP11-269F20.1,2.005806511383763,0.3351300173875879
10188,RP11-889D3.1,2.004542520205555,0.6661935488361667
9278,LMCD1,2.003412062262724,0.33686226663036234
3649,FMO8P,2.0015718211384943,0.6454539784114806
16043,SNORA70,2.0003899021287936,0.32948756358323994
10705,SNORA70,2.0003899021287936,0.32948756358323994
8645,SNORA70,2.0003899021287936,0.32948756358323994
14024,SNORA70,2.0003899021287936,0.32948756358323994
4231,SNORA70,2.0003899021287936,0.32948756358323994
391,SNORA70,2.0003899021287936,0.32948756358323994
4254,SNORA70,2.0003899021287936,0.32948756358323994
11181,C3orf36,1.9986945676048635,0.596250096908328
10599,RNU6-1263P,1.9986109447073626,0.6530329505380736
460,TBCAP2,1.996303816955991,0.3945235711770192
6589,CAPG,1.9960831480719914,0.4986376445752494
7379,AC114783.1,1.9949413896634498,0.6485159747722484
10820,RP11-190P13.2,1.994720865505494,0.48590829614168185
4539,KCNK2,1.9942161786001509,0.43596699763567404
3105,FLG,1.994141151450448,0.4906973511968463
11689,MECOM,1.9915634899480237,0.5448803481628854
12054,CLDN1,1.9913232140909427,0.3242149819438672
11402,CP,1.991206957232728,0.48659559836108146
7439,POTEF,1.990523072487459,0.49336846461272466
14012,RP11-422J15.1,1.9904568702404748,0.616066438952709
14883,ADAMTS16,1.989035379542202,0.3045043519914925
9949,VPS26BP1,1.9878380739099129,0.4254525959401557
5743,GALNT14,1.987387837349426,0.2995501376828609
13837,RP11-119H12.3,1.986358038039544,0.6473251083136023
3549,FCGR2A,1.9857355309723335,0.5868509589462538
10088,ZNF652P1,1.9856284404255593,0.5056812883522949
5907,KCNG3,1.9834975924457035,0.3582090686184529
1408,TSPAN1,1.9833479442318833,0.6410295229460059
14678,RP11-701P16.5,1.9813064887201155,0.41957812390380855
490,RP11-169K16.6,1.9799810318328692,0.5046780738485015
10596,DCBLD2,1.977723416884681,0.21528039031331717
15525,AC022431.2,1.977696765875976,0.4459449409505697
4056,RP5-973M2.2,1.9759536280085754,0.2541266724414725
6848,AC009237.5,1.9741969579421623,0.6571541521759758
14367,RP11-612J15.3,1.9741013080413243,0.6575463110891933
7304,STEAP3,1.973710343380768,0.08992624760295483
1467,SKINTL,1.9705738339826446,0.5579819889279496
3431,IFI16,1.969317329113001,0.3892496881622559
2713,RP11-417J8.2,1.9688327954140372,0.6599200601100783
250,RP11-338N10.1,1.9680948719142566,0.4712887056756214
7237,IGKV1OR2-108,1.967870250284636,0.28397091736810415
834,RP4-785J1.1,1.9647119856046231,0.660184655955822
16419,RP11-565F4.1,1.9645698833102712,0.651256311178332
13371,RP11-123J14.4,1.964491728890283,0.6522098334551254
3107,RP1-91G5.3,1.9613153924193207,0.4863163044880533
72,AGRN,1.9589545520479748,0.3054381399220335
2746,RP11-435B5.6,1.9569619989014069,0.529752015299937
11575,LXN,1.956488564776537,0.3336997057377201
9210,CHL1-AS2,1.9559757877565038,0.6590400971505374
14890,CTC-471C19.1,1.9554305931683698,0.6009486548488342
11674,RP11-298O21.5,1.9547688797498657,0.6562910827211309
12172,ZDHHC19,1.954359694757716,0.3096072116397024
4019,FAM129A,1.9534618160748738,0.22348235500226576
7940,CERS6-AS1,1.9526120963426816,0.33191774663346935
14339,RP11-27G13.4,1.9518955692855622,0.6560591175434605
15902,BHMT,1.951565099782922,0.48737474923022517
6612,RN7SKP83,1.9511143581228958,0.49877273808714095
11195,RP11-445J14.1,1.9509793542368619,0.4526376218635567
13704,AC004053.1,1.950671906266512,0.6252654096148051
3658,RP4-782G3.1,1.9497362235275633,0.6610035910214477
10994,ALG1L,1.9484390156957265,0.6384569640717329
9227,CNTN4,1.9477190959906563,0.6233656782375481
14933,RP11-480D4.4,1.9456848206692194,0.5925026852381519
8515,AC007679.1,1.9449923895566594,0.3028389204538115
8814,EPHA4,1.944150441138965,0.40576870207211213
2417,CELSR2,1.9439303460921755,0.3279211855734622
4853,AL844165.1,1.942775633803722,0.659809001165317
14738,TRIML2,1.9424559579566003,0.6333092700254574
15920,THBS4,1.9420706080604002,0.2139085679385652
14999,FAM105A,1.941138919825575,0.49205946627326447
8550,KLF7-IT1,1.9378047440060253,0.28282597369248164
8178,AC013733.3,1.9347522103844936,0.5006952139525683
10062,SEMA3B,1.934341008568258,0.5874526570892904
13985,RP11-18O11.2,1.9341563121477472,0.6657689604837036
12059,RN7SKP296,1.9338167607366892,0.48525929876489127
10911,CASR,1.9309000073488718,0.3997132931374803
13885,CEP170P1,1.9299007175546772,0.40771899943797807
4053,GS1-304P7.2,1.9298614419826303,0.2119037479922034
7292,AC009303.1,1.929663853290922,0.30282477707372224
14102,MGARP,1.928582071830375,0.4025978812003883
7839,GSTM3P2,1.9276354504375124,0.4522573151065789
8772,TUBA4A,1.9274783401846187,0.3952827898852086
14154,RP11-364L4.3,1.9259179425848407,0.6689497966497328
9354,SLC6A1,1.9255560036378911,0.4855390405043789
15241,C1QTNF3,1.9238221927460257,0.5902847376613722
7314,AC069154.4,1.9231389528242289,0.4712629638369892
10992,RP11-666A20.4,1.9229946675913765,0.27199331973101554
12434,CCDC96,1.9219770957448772,0.18932746141947943
5742,AC092569.2,1.9215718098200791,0.6098623992058926
13208,RP11-813N20.2,1.9209749616005036,0.6819165649975666
15018,FBXL7,1.9184642528089657,0.4798589809527054
14849,CTD-2194D22.4,1.9168520661450463,0.662414407875422
4510,BATF3,1.914593806687375,0.25463664369176625
9824,ZNF662,1.9138490324025201,0.6498975182597121
15298,RNU6-484P,1.9125479975077952,0.668553973953464
14090,RP11-371F15.3,1.9102916256696183,0.6643830974237345
12602,FGFBP1,1.9078503597100742,0.6335617900414927
1668,RP11-504A18.1,1.9076278622522562,0.18692302704424854
15037,BASP1,1.9053371710547065,0.4260967546281784
11805,RP11-706D8.3,1.905051920353578,0.5860679003547937
13305,CXCL3,1.9046846971763238,0.5788354333674129
10686,LINC00883,1.9033246685222625,0.1553252745492966
15033,MYO10,1.9020045815006974,0.025266240402842192
12592,CC2D2A,1.9011304149148447,0.10215320231413452
5989,AC073283.4,1.899861258956765,0.5351506299392307
8484,SNORA1,1.899709143053073,0.664036471020022
14011,RP11-519M16.1,1.8989558725900806,0.6362340605657673
12701,TBC1D19,1.8989136817131231,0.2489814239294499
9021,AC114812.8,1.8977633661995656,0.49039369848699366
2141,RN7SL235P,1.8972336434162096,0.6715158121702847
5532,AC012065.5,1.896472308297729,0.3269110158400971
9040,AC097713.2,1.8961909420191054,0.38959546675894174
10440,LINC00960,1.8953093637796854,0.27619094294594765
4669,DEGS1,1.8952006320797623,0.008478743659255114
16218,RP11-58B2.1,1.8930802659018005,0.6694523764226643
11335,RP11-372E1.6,1.8902252402628932,0.43826611642957924
4450,SERTAD4-AS1,1.8889791292420324,0.41624616284496
10244,FAM107A,1.8876142676743246,0.6603149556189675
5597,EFR3B,1.8855240226860992,0.5190872541746132
8150,RP11-171I2.1,1.8841364459391574,0.5828712447183106
16349,TICAM2,1.8841143417445747,0.0874809089851339
2041,MCOLN3,1.883872742922429,0.27076934717383977
3465,CCDC19,1.8819952518229746,0.4194514426496967
8625,AC079610.1,1.881449846858117,0.6650410563063291
6799,IGKV1OR-1,1.8798566078820023,0.5677293478626387
9452,BTD,1.8776677076811772,0.30399432186841835
12197,NRROS,1.8770708902860305,0.4317732025792036
14986,CT49,1.8767136752166653,0.6598747896199568
8897,AC009410.1,1.8761135985110475,0.6635825480000628
11942,CAMK2N2,1.8758201125046066,0.47135157334177313
1875,RP11-42O15.3,1.8735712243563905,0.5577018263523061
3962,RP11-538D16.2,1.872032493633572,0.525473871180389
6453,LBX2,1.8708635547454708,0.32474237204611833
7318,EPB41L5,1.8681536874362468,0.5435888971070417
4937,RP11-293G6__A.3,1.8667394861021986,0.40796704284212615
4617,DUSP10,1.8621158890165173,0.5410153845963501
16182,CTD-2007H13.1,1.8610580297970836,0.19650207973582312
15008,CTB-40H15.4,1.8604472065239155,0.27953316874291995
16410,FABP5P6,1.859444632385252,0.4340369542016598
10629,ACTR3P3,1.8590956291692773,0.2642879261090717
5702,FOSL2,1.8590803964042606,0.35144184656959343
12632,RP11-3J1.1,1.8573477166965209,0.5176028228231231
1096,RNY5P1,1.8566638637430355,0.6797536090300946
8798,AC009955.8,1.8564747566409228,0.5504624958961113
12929,SLC10A4,1.8557560207744108,0.5789807032133689
14714,KLKB1,1.8538551960939973,0.42019724871044917
3204,RAB13,1.8528239232392663,0.0714809827729904
13898,USP53,1.8525067710275167,0.39596353913910115
7460,MTND4P27,1.850324377363763,0.6730878308783341
2853,RP11-314N2.2,1.849239802120198,0.6714755626716076
8033,AC016737.1,1.8472483114969052,0.28214670658211666
7454,MTND1P29,1.846730616452297,0.6971016718907008
7087,AC016994.2,1.8467230525924088,0.6971032814534368
3076,RP11-98D18.7,1.846149614903496,0.5425436474676864
6013,RNU4-49P,1.8460985972705413,0.6972362087830575
12805,UGDH,1.8453400996973865,0.39805824551845526
13854,CIR1P2,1.8436056011567714,0.6380775300067678
4455,RNU5A-8P,1.8431835479849619,0.6784458103197379
13935,ANXA5,1.8422578113085692,0.07283822799172643
4864,EGLN1,1.8400118848930302,0.11286990488302738
6854,RP11-440D17.4,1.8367411418295343,0.48180007301091743
5401,AC092687.3,1.8363822021378289,0.6782197283769278
3093,NBPF18P,1.8361924060680308,0.3944372831257863
8855,AC019109.1,1.8361499478818686,0.2975474448607955
609,RN7SL304P,1.8340359782346465,0.6843373462353225
10745,PLCXD2,1.8334016844948269,0.43918111051227265
11803,LINC00501,1.8333786364223243,0.5142224719127875
9600,RBMS3-AS2,1.8327523059230875,0.39504548689749464
14587,VEGFC,1.8327159615313404,0.4580917299212346
12212,MFI2,1.831195046324109,0.4181454682076262
5512,LAPTM4A,1.830760037926529,0.16242694753235437
5077,RP11-278H7.3,1.8300490375759448,0.5622683406041435
11239,A4GNT,1.8296299782852237,0.43510672794157756
2730,RP11-782C8.2,1.8283411794643296,0.20944731107682918
12083,MB21D2,1.8250648405643983,0.3495449361814551
948,RP11-810H18.1,1.8248136147597092,0.7018213491875895
6966,AC012493.2,1.824802299797885,0.7018238149145977
6411,AC096546.1,1.824280638286577,0.701937527001788
5887,AC007253.1,1.8237571603116423,0.5583165912935419
7811,ACVR1,1.822864955928637,0.022723718169543616
2619,C1orf137,1.8214422220338404,0.5909555434887139
2952,RP11-353N4.6,1.8210642227740321,0.4665745541458025
5255,AC113607.2,1.8208956277014388,0.6810729763715587
4054,GS1-304P7.1,1.8193658019461945,0.3305704306164844
2711,RP11-344P13.1,1.8184849723542955,0.6758437431468252
258,TNFRSF9,1.8182910384964261,0.5073551302595154
5358,RP11-734K21.4,1.8157004237104308,0.6881118820869006
14974,ANKRD33B,1.8140516355110432,0.32222280019922495
6924,UBTFL6,1.8139493650764535,0.2625289931168348
13021,RPL38P3,1.8132904585285987,0.6912190873817595
2951,RP11-277L2.4,1.8129689826305833,0.5642919525275234
8079,HOXD8,1.8128619084827498,0.3116463400729728
5847,RNU6-951P,1.8120160958237737,0.7046296623811226
252,RP11-338N10.3,1.8116195991687833,0.43883959744552525
9609,TGFBR2,1.8105416275341943,0.2221494930395864
7259,AC024704.2,1.8097383303097254,0.44105816446285684
14967,ROPN1L,1.809128878032661,0.3386455189245297
13760,COL25A1,1.8089923558981378,0.647626586731394
9581,RP11-222K16.1,1.808915201462114,0.3953361176079285
8553,AC007879.4,1.8083556742140496,0.5179820475611893
16013,RPS2P25,1.8078264131373785,0.6530931844578779
5331,RP11-557L19.1,1.806593733617333,0.5250695649013635
12554,RP11-281P23.2,1.805571155504496,0.5459128116488797
7843,RP11-311B14.1,1.805509482185688,0.33219865378036806
3173,S100A3,1.804426318365175,0.4954471070993275
9043,SH3BP4,1.803114805583574,0.3610433180606476
11330,PCOLCE2,1.8029457753610558,0.4596185071695489
10766,CCDC80,1.802753231951627,0.4334247991815353
6341,AC016700.2,1.8019985099240279,0.42513298666465416
5765,RP11-563N4.1,1.800640021479186,0.2816283244254726
6102,RN7SKP208,1.8000685027818446,0.6799304681244738
10015,RP11-3B7.1,1.7989940132645519,0.5216965695570029
14795,AHRR,1.7976232564628651,0.43668127049785066
15593,RP11-2O17.2,1.7961115570334698,0.545740876148882
1761,LINC00466,1.796082001667455,0.38182106156889783
1874,CTH,1.7960091794681587,0.5268375949250959
7434,AC079776.6,1.7959751623413076,0.5419525343636828
3733,AL356475.1,1.7948277881455559,0.3630245553637228
8579,AC093698.4,1.7946203953279427,0.5525692992830273
8509,PARD3B,1.7936942322465204,0.4265136653775064
8287,MYO1B,1.792707104902205,0.26149085458513355
8782,DES,1.7918996631337287,0.6141564779963345
16435,CTC-441N14.4,1.7897065338671567,0.48702212216605945
13921,PRDM5,1.7895500554196002,0.3292447968016684
12998,LNX1-AS2,1.7870951295656354,0.5363090422308718
3513,ITLN2,1.7866378654250317,0.38687998988523453
6505,AC084149.1,1.78641448506516,0.6965440283164187
827,DPPA2P2,1.78490267390476,0.6364926951948013
8062,MIR933,1.784068102485415,0.5574444400263265
15383,NIM1,1.7836746529622427,0.36719822904566796
8072,HOXD13,1.7818618859362219,0.4965627623004931
2547,RP11-389O22.5,1.7816515786564058,0.36801352925264696
3897,SETP10,1.780499927867798,0.3852881716972453
2150,RP4-621B10.8,1.7804737845056318,0.41195543613956803
11033,AC023593.1,1.779618975876842,0.695997781157146
3483,PEA15,1.7795725424666633,0.1828156626534571
14037,RP11-9G1.3,1.7777280237506297,0.47398437989474484
760,RP11-84D1.1,1.7774810444735156,0.6350782526640418
15554,PLK2,1.7766750451207736,0.23818477145061645
5576,PFN4,1.7764714589259736,0.044547052433581466
9836,ANO10,1.7730931659225369,0.09854359099693202
15898,ARSB,1.77057353361846,0.15554958722973222
10403,RP11-20B7.1,1.7686675845371973,0.6872264472853875
8840,ATG12P2,1.7677325599454516,0.32778996266400456
14325,FGG,1.7664733266834833,0.687119439745554
13177,TMPRSS11B,1.765742330536781,0.577992985646461
10651,NXPE3,1.7648143833392014,0.14378192506529489
7012,AC007278.3,1.7647879199314513,0.44523112965665457
8806,AC009310.1,1.7609153358169278,0.6236018585756983
12449,RP11-1258F18.1,1.7605266518529867,0.5338297259494678
115,TMEM240,1.7602727688427673,0.42734297028194157
10014,RP11-3B7.7,1.7599446962648035,0.7073860337317601
10292,RP11-129B22.1,1.7597888752625226,0.353431920629478
10269,CADPS,1.7582905808398681,0.6905565577613145
8025,AC013410.2,1.7576747480915236,0.6884709253150181
2955,RP11-353N4.1,1.7564502664484416,0.7012751842820648
3285,RNU6-106P,1.7564469685383934,0.7012759435758118
2752,RP6-206I17.2,1.7548267378652462,0.2505915575202614
13479,RP11-767N15.1,1.7538451114574158,0.6934683948833213
7882,GCG,1.7529774486116458,0.4869355939478873
7285,AC092170.1,1.751413819073834,0.7024396294253222
11736,RP11-185E8.1,1.7512667635254537,0.41835276574942093
3153,PRR9,1.7506272564276435,0.5760401710733526
12901,RP11-320H14.1,1.7503056535917563,0.7050165907110917
5979,AC016722.2,1.7499182503019588,0.47914127028177156
1840,GNG12,1.7497517858583416,0.08916105317190888
2524,RP4-671G15.2,1.749667920806393,0.08242457759437338
13535,PKD2,1.7493397397936714,0.08749726206570715
14735,ADAM20P3,1.7489673116398032,0.5733260475838715
7383,BIN1,1.7475681136014445,0.49986513909230124
13241,HTN3,1.7444922215533885,0.7041216358851157
10667,ALCAM,1.744391383946753,0.2645031811092259
459,KAZN,1.7440036574443043,0.5998050078538355
3943,RP11-46A10.2,1.7429643200265994,0.3196262367906807
9041,ARL4C,1.7417772876899325,0.41972996723284506
5154,GCSAML-AS1,1.7411395697194845,0.5641961579672901
15772,CTD-2631K10.1,1.7403090795712217,0.46452382014396343
15444,CTD-2288O8.1,1.740266730012959,0.5916852806331966
8134,OSBPL6,1.7397801815675153,0.3266318409098218
6830,AC103563.8,1.7386438786111622,0.6952823483411944
5515,AC098828.3,1.738542778811812,0.6423017701296954
13453,SCD5,1.7384544375203437,0.4410887804571514
16500,GRAMD3,1.7380679604428397,0.6024286014610207
4385,DYRK3,1.7377969164652485,0.24091697890681957
379,PLOD1,1.7362345509654886,0.254756872423951
10164,TKT,1.734276600542467,0.12848290723318598
6832,AC103563.9,1.7342308343556712,0.7076122888439516
16542,KIAA1024L,1.7341450792431121,0.7003740084574109
10801,KIAA1407,1.7329389624451383,0.44551947470241915
7427,AC079776.1,1.7324814656266811,0.43207233054740424
14655,STOX2,1.7318696752515954,0.22964930517480928
5253,AC116609.2,1.7303125972001794,0.6640455153318332
10818,YBX1P3,1.7302884940990266,0.6052810295330544
13643,C4orf17,1.7302439470390918,0.223897310574591
1202,HEYL,1.7300188331906732,0.5096728987239122
13551,RP11-466G12.2,1.7297923539895042,0.3298396766449953
10931,RP11-67L2.2,1.7281251370059365,0.43857170941537654
5393,HPCAL1,1.7280264464516375,0.32419319701369254
10421,LSP1P2,1.727500841612588,0.708053247007267
7251,RABL2A,1.726470953386609,0.38457777254929504
12001,SNORD2,1.726163286743452,0.5502502183964395
8096,AC017048.3,1.7261339465313439,0.5517704183659912
12342,RP11-503N18.4,1.7260237405325731,0.4786284576408423
15661,RP11-83M16.3,1.7259419550937907,0.7003857101753412
3039,MLLT11,1.7240376098638979,0.24847663410579196
9608,AC116035.2,1.7233430452507592,0.7090390376627882
10649,PDCL3P4,1.7216273047841655,0.6026231751060227
13842,RP11-650J17.1,1.7214271011176094,0.5685011331277399
7330,INHBB,1.7206436863432015,0.509809919307341
3135,SMCP,1.7193662060643933,0.5762313181776028
8083,RP11-387A1.5,1.7192120314466823,0.4323495646287948
11745,FNDC3B,1.717310690459685,0.25791045497470844
9894,XCR1,1.716238657958707,0.6474854313606864
12920,NIPAL1,1.7157139712318816,0.5431909987606941
5082,C1orf101,1.7139125607081993,0.2513274558686872
8704,TNS1,1.7108766155355968,0.5420650743855684
4229,LMOD1,1.7104694399632225,0.5421248064504578
10040,UBA7,1.7081311994271837,0.4499531115730746
12980,RP11-177B4.2,1.7079438787025847,0.5730751762426194
7906,SCN3A,1.7079077247682581,0.43849778646603244
2609,RP4-655J12.4,1.7072744387416583,0.3755579791655749
15223,CTD-2066L21.3,1.705651398579956,0.5369377542614036
5529,HS1BP3,1.704588361067381,0.11912733932218628
11359,RP11-274H2.2,1.7045140230519675,0.4291020763233453
7497,AC009477.7,1.7044084775063906,0.6837943896203937
13971,RP11-93I21.3,1.704188686945507,0.4305393104992389
9915,PRSS45,1.7023767587252543,0.6642267107386749
417,PRAMEF22,1.7020356935660828,0.7142040539955009
10844,UPK1B,1.7009019289069278,0.6547176444050337
7328,RALB,1.6988862062969712,0.25836563128204715
6658,AC093616.4,1.6961179859907483,0.27452796088441583
10019,GPX1,1.6954808311329888,0.2248899753622153
6101,EFEMP1,1.6951699969026741,0.5489571420205994
12203,RNU6-42P,1.6931408369417882,0.31685136442064255
15550,RP11-478P10.1,1.6922151369261322,0.5505133013895283
5870,ARHGEF33,1.691775605015895,0.559984681927896
14997,CTB-51A17.1,1.691581220673112,0.5549619479964247
1987,ADH5P2,1.6904311171746484,0.12891928767303595
14582,ASB5,1.6866353462581192,0.5327027777373384
9763,MYRIP,1.686564988288677,0.6612766485622095
6898,RNA5SP101,1.6862482323673464,0.7180951539859
5038,CFL1P4,1.6859814066680807,0.24388061904554012
12312,RP11-1398P2.1,1.6856849110813803,0.49800425562528783
14758,RP11-462G22.2,1.6855761733028165,0.6223379070374004
3555,FCGR2C,1.6850763966905187,0.609728508534641
8289,NABP1,1.684931776483834,0.4670301631261057
7864,AC009299.5,1.684109729559453,0.2051740300855153
6399,RAB11FIP5,1.6835986157633545,0.2888156145124982
5933,DYNC2LI1,1.68321142455532,0.24254683547391842
8078,HOXD9,1.6828948616511992,0.34109142976781226
15081,RP11-432M8.19,1.6818493270214614,0.7206785993574781
8682,AC073321.4,1.6816356904716487,0.6570893880918673
7735,RND3,1.6799159414701048,0.03537297687309297
9375,TIMP4,1.679710557156123,0.7008011420441774
4205,TMEM9,1.6796296573196083,0.1179771401373961
15577,ELOVL7,1.6792474155358814,0.5571697719867088
7313,TMEM177,1.6777557591135488,0.26818469326756106
2373,NTNG1,1.6777256556947076,0.6383536654620035
11443,FAM194A,1.6777159580870842,0.38210662254921873
1242,GTF2F2P2,1.6770555185862177,0.5778138474170744
2911,RP11-763B22.4,1.6761060248262845,0.6165260857891602
13412,GK2,1.6753957862159268,0.7161733144298865
7783,CBX3P6,1.6750920583131093,0.7372940605737297
11605,RP11-227J5.3,1.6743782794093154,0.33053537827498
2101,GBP7,1.67314405209722,0.5793266190595234
9075,MLPH,1.6714064768248469,0.5916871748053061
7829,AC005042.5,1.6710279010985452,0.721894846381856
11360,AC107021.1,1.6702153972285378,0.4563381727151733
7141,AC013268.2,1.6695851217070508,0.517443415376355
5696,BRE,1.6694876253231123,0.07788761225338821
4614,RP11-421L10.1,1.669432525334037,0.5805155453147595
2953,RP11-277L2.3,1.6694188950170856,0.47185193203826037
4653,CAPN2,1.6672899090532214,0.1579173730158878
13691,BDH2,1.6660318481845824,0.09710229911782328
13488,RN7SL552P,1.6655709917590706,0.4903493264889125
7727,LYPD6,1.6651494266461786,0.4251319491926233
16046,CTC-498M16.4,1.6646522095013283,0.33161533330266324
4146,MRPS21P3,1.6643088990010924,0.725101469096
2090,RNU6-125P,1.6638307949827806,0.7237373117874664
8286,AC092614.2,1.6637015839498495,0.17357740920984183
4036,GS1-279B7.1,1.6633816734496087,0.44450827832936557
15301,GDNF-AS1,1.6633101255216332,0.6927700120221598
14383,NUDT19P5,1.6630510502609732,0.5997787373316736
7297,AC093901.1,1.6609560839984236,0.5126419828671286
10989,RP11-379B18.5,1.6602056586569103,0.24872498194608977
2590,CNOT7P2,1.6586339816496811,0.456477919518513
12223,AC132008.1,1.6586064393373072,0.3071843851362519
8278,GLS,1.657830584307608,0.4176270632708963
15985,COQ10BP2,1.6573910896075579,0.6317906819219739
12180,TM4SF19,1.6572637659356064,0.532091945027233
16385,CTD-3179P9.2,1.655957442272363,0.5723919720163502
7741,AC023469.1,1.6543393797068286,0.6448138438228643
13275,ADAMTS3,1.6542198297007336,0.5597916555165119
2304,RP5-837M10.1,1.6542193989981908,0.4129669554905771
7307,DBI,1.6538890086506846,0.35610215646771815
9906,LRRC2,1.6524343484551778,0.7074694374947765
10936,RP11-797D24.3,1.6522807405041737,0.4829131039581328
4562,TGFB2,1.6515414187289217,0.563979468116824
4436,MIR205HG,1.650897837223103,0.7164522643049163
1646,DHCR24,1.6508473208085113,0.2774500419456915
5639,SLC35F6,1.6506820086918081,0.08184189090195171
11358,RP11-274H2.5,1.6490500358982505,0.4658319468872405
1963,NEXN-AS1,1.6485588998213754,0.42539387774337056
5208,RP11-407H12.8,1.6479062766560195,0.7218382960375527
7642,LRP1B,1.6469106122092503,0.5934352694568665
9912,TMIE,1.645534800606541,0.31088255060304437
1050,TRIM62,1.6450761822882691,0.5751874007865467
5595,DNAJC27-AS1,1.644998338002426,0.4306545892352185
9955,RNU7-128P,1.642634100878042,0.7294774826518537
10960,HEG1,1.641138665287418,0.28696737834963904
10085,DOCK3,1.6408945377350996,0.6692968503886308
15717,CDH12P3,1.6405021396715007,0.515581931650754
7742,AC018731.3,1.6401774518926173,0.7348333457182916
7954,CCDC173,1.6377318102211038,0.40729285357216466
9250,BHLHE40,1.636322718006649,0.26319665793475505
13951,BBS12,1.6356872804764377,0.1275999564254797
2706,RP11-343N15.2,1.635431715046667,0.5772107766451593
13561,GPRIN3,1.6346177481893482,0.6506336680991792
9965,MIR2115,1.633942208622627,0.7317637147934006
14042,RP11-427M20.1,1.6322126275258566,0.6520605348573736
2610,RP4-655J12.5,1.6291743648640398,0.7203673217124906
10860,POPDC2,1.6289401414405844,0.366748092130824
6888,FER1L5,1.6271508350059003,0.39869547436506847
12562,RP11-22A3.2,1.6267008989367862,0.4291011695361592
5934,ABCG5,1.6256235113400788,0.526833868647052
8027,RPL5P7,1.624855721431553,0.7291317469039458
2731,RP11-782C8.4,1.6235628506601987,0.4812285065081543
8535,ADAM23,1.6210911091309474,0.3687948288598911
9270,GRM7-AS2,1.6206367378675113,0.7517437025232112
3272,MTX1P1,1.6203316481449197,0.16215942317205803
2346,RN7SKP285,1.619991126040778,0.3667868278007213
13562,RP11-115D19.1,1.6189082102668617,0.5690574827360511
12407,EVC2,1.6173511746621942,0.5062790057293836
5963,AC017006.2,1.6170073888067324,0.7417628589835343
10871,RN7SL397P,1.6155703382682,0.7278948256382736
8804,AC008281.1,1.6155484454726659,0.65623292368582
7250,RPL23AP7,1.6151024674522296,0.2975803352778496
13756,RNU6-431P,1.6144175265942038,0.6284152362162367
11049,TMED10P2,1.6140136238473015,0.6608496527505203
4684,RP11-100E13.3,1.6138198353568214,0.7395311711111866
5677,NRBP1,1.613809118853043,0.027771479775807375
13390,RP11-777B9.1,1.611988857390313,0.603255398978946
14579,WDR17,1.6118744930817448,0.21135331137628482
7860,AC009299.2,1.611871362495931,0.6727367301845779
12008,RP11-573D15.2,1.6112290496502983,0.43835854216801096
9607,AC116035.1,1.610834507949499,0.6138568232983155
3989,RP11-505O17.1,1.6107500588840544,0.7293487253657345
1913,RP11-17E13.2,1.6087503244317716,0.5448584453403729
11328,TRPC1,1.60797453850258,0.19883342119514924
7712,MBD5,1.6078057876641707,0.13219334049743045
2810,PDZK1,1.6075726778644146,0.6817586293374359
16230,CTD-2193G5.1,1.6069968236422558,0.7419113826339104
6462,LOXL3,1.6068352869294666,0.7267455938185047
15323,OSMR,1.606674482907212,0.13630730496996435
11221,SLC35G2,1.6065411407637882,0.34563634420625766
12048,MTAPP2,1.6064801437632057,0.41808040271834207
5510,AC079145.4,1.6058868697123796,0.41474179946111667
1781,RP11-24J23.2,1.6052240492928587,0.6470892066970466
14459,RP11-219C20.3,1.6035848457972837,0.30403050687161404
6670,THNSL2,1.6026628356987707,0.52612965966031
7554,ZNF806,1.6020912218971952,0.4624615397744508
1128,OSCP1,1.600561223461887,0.23181088172236364
9810,RP4-613B23.1,1.598582550536816,0.4182241012035656
6841,AC009238.8,1.5979253099864184,0.7329041715304907
13988,HSPA4L,1.5973245310164172,0.4352083362772456
8489,RN7SL670P,1.5962796576330716,0.7358068198799748
486,SLC25A34,1.5949767104775567,0.43493731733999197
16071,RP11-213H15.1,1.5945585064138164,0.49235579216592396
15396,RP11-159F24.5,1.5944472831976804,0.6647822687318128
13656,DDIT4L,1.5933993907262258,0.6352093864508928
5786,AC020594.5,1.5902887024463646,0.2852500143212807
12572,AC006445.6,1.5892683281015092,0.6044527679092391
10810,RP11-553L6.5,1.5888345903208838,0.3757082163792905
15296,RP11-648M2.2,1.5879424640620114,0.28526225724983595
7558,GPR39,1.5870153672810048,0.26543850436976546
13794,RP11-380D23.2,1.5865057052345557,0.6351628509514556
1661,RP11-466L17.1,1.5858331049958563,0.5934110937262673
15541,CTD-2516K3.3,1.585489498875388,0.6660052124469508
1706,RP4-794H19.4,1.5851472444955415,0.6236875124604303
11977,RP11-443P15.2,1.5839348278269287,0.48728442032678765
4034,IVNS1ABP,1.5839287831856972,0.49747110864502764
2822,RP4-565E6.1,1.5836698853442994,0.5140738846725309
3020,CTSS,1.582359722212357,0.5975539374634795
11739,PLD1,1.5822804182341015,0.3610150236174029
8315,AC064834.2,1.5815300348078554,0.5826196716262281
1842,GNG12-AS1,1.5812676781910784,0.2661426140857563
150,RP4-713A8.1,1.5809001000871468,0.6755338485991333
7218,IL1B,1.5805609672595489,0.749339488371608
8000,DLX2,1.579809880567567,0.6428620660653626
6467,SEMA4F,1.579712721255134,0.36500938031653
14726,RP11-696F12.1,1.5790346659035694,0.7363707455781923
13298,CXCL1,1.5790001857801026,0.5958968968548615
5868,MORN2,1.5785906366072013,0.007088262248605112
397,RP11-474O21.5,1.5782490206158386,0.4015191575818411
10236,RP11-80H18.4,1.5781932693881109,0.5406131058047823
1674,RP11-377K22.2,1.576744258834481,0.538169530849274
14594,AGA,1.576345640598462,0.14750402804880589
12972,SGCB,1.5760545211054422,0.10357694714210629
367,AGTRAP,1.5759295079703792,0.055351569347759935
11430,HNRNPA1P24,1.5754661915445138,0.6973284014967367
8367,FTCDNL1,1.5753030182602623,0.18045096961856952
1448,TAL1,1.5735102281998836,0.33225212580499974
7949,BBS5,1.5731542972431412,0.03195297983493741
14737,ZFP42,1.5727283483993175,0.6385324279302148
16234,RN7SL255P,1.572715377759044,0.5169559197661954
9911,ALS2CL,1.5721330120276007,0.4896666052743849
1068,C1orf94,1.5718704497084546,0.6949914662126924
5644,MAPRE3,1.5713920613053527,0.4849149870599099
8857,AC008072.1,1.5712678653407646,0.7428938317403014
2300,RP11-305E17.4,1.5707197734901333,0.657000029270074
7344,CLASP1,1.5699503061528512,0.22230281341404212
1979,IFI44,1.569007783584827,0.37877231471119766
13206,RP11-468N14.11,1.5686237404379606,0.7351895024155992
15250,TTC23L,1.5669376788381062,0.3833932599861196
12579,RP11-669M16.2,1.566906822085264,0.7567710290646102
3441,FCER1A,1.566709608549253,0.46146964073575825
2632,TRIM45,1.5652294915302907,0.24687817082294938
12023,SST,1.5627750123167998,0.7082755784171155
6889,LMAN2L,1.5613604106824472,0.133278067964681
8320,DNAH7,1.5609278741071353,0.6401129243300018
1487,AL645730.2,1.5607331049011914,0.7609337756741058
12782,RP11-617D20.2,1.5587608745932404,0.7542707334001926
7062,FHL2,1.5587239071952759,0.46642025107523966
15245,RP11-1325J9.1,1.5578310778486608,0.746870668285196
784,SEPN1,1.5576200049083455,0.16863436709533947
11973,IGF2BP2,1.5567603024336267,0.3530238997208613
4223,RP11-90L20.2,1.5553522173321122,0.47876665277046737
15024,RP11-19O2.2,1.5553510873075682,0.5940631045713871
1890,NEGR1,1.554312831992061,0.5936692629850613
14712,AC110771.1,1.5540535537622395,0.24381788799211176
149,MORN1,1.5490561079720113,0.5582301746610235
2265,RP11-272L13.3,1.5485520042476149,0.6833450198171367
11540,SSR3,1.5458357234938294,0.40550667396630474
14466,MIR578,1.5453904532524125,0.7581213944994115
5706,PLB1,1.5449563390188192,0.5688388635170814
3882,TEX35,1.5442952670620733,0.507995328517145
2586,NGF,1.5440594659276161,0.5806263911550775
4685,RP11-3L21.2,1.543851880112457,0.6672156882335076
11936,AP2M1,1.5438428307681704,0.18583247543837678
2778,RP4-791M13.5,1.5429573092036024,0.6385956465855046
16571,P4HA2,1.5428321211232099,0.13272888798976887
14656,RP11-739P1.2,1.5426938996996544,0.38789099442981634
7315,PTPN4,1.5426030141238676,0.4706121570797841
7861,AC009299.3,1.5422972969551758,0.7101712766637456
10973,OSBPL11,1.542229360403443,0.33379758004569837
3280,FDPS,1.5419945623260256,0.39749430158394256
2098,GBP1,1.541070142393907,0.5526312037046601
11729,EIF5A2,1.5403271661684428,0.35794485183007824
9350,ATP2B2-IT2,1.5400973857276465,0.7583154578305876
3631,RP11-466F5.10,1.5393991613601163,0.25704792539417165
8679,AC098820.4,1.5384495674896497,0.32699902372198664
1222,RP11-115D7.3,1.5383508930417515,0.585026249105697
10956,ITGB5,1.538267706221413,0.1299406786789408
15395,RP11-159F24.6,1.5380430035989558,0.7177929928044353
10068,HYAL2,1.537859375563294,0.24432357381187617
8123,TTC30A,1.5377382793757999,0.07132268017496814
6305,AC130709.1,1.5376343653952962,0.4505572407877372
9163,AC093585.6,1.5372654879568024,0.6563354080569649
12812,RP11-539G18.1,1.537003688404149,0.23603771215619554
12544,RP11-136I13.1,1.5369405376235283,0.5195182329472179
8941,ARMC9,1.5365525388117527,0.31967868307116715
1507,C1orf185,1.5364876430313261,0.6387627505775649
9777,RPL5P10,1.5355960862913083,0.5312087288580631
5227,SH3BP5L,1.5349315445108591,0.36569694401454256
8046,AC010894.3,1.5344766461096686,0.18048334725263412
11343,SLC9A9,1.5344616680262284,0.6570447814863649
8188,PDE1A,1.5340040506459172,0.6485540346744549
13142,EPHA5,1.5336683493157857,0.7438491551170789
8228,AC018735.1,1.5335155211256455,0.3514293747959942
13633,ADH5,1.5334652145376755,0.11773152423590943
2791,RP11-458D21.1,1.5307747720563305,0.2578942853059846
10075,TMEM115,1.5304252971063463,0.03850698931874537
14365,PDGFC,1.5285814925295802,0.5309668837471855
7433,AC018865.8,1.5281618675225075,0.6589120130575497
4360,RAB7L1,1.5280744203894179,0.0970250636842397
6938,AC092675.4,1.5278888374507247,0.7573997531662695
8080,HOXD3,1.5272894726984725,0.5378739116345796
11583,RP11-379F4.9,1.5262444015571202,0.436040401122071
2134,FEN1P1,1.5237484374888104,0.4999212980725355
10118,ALDOAP1,1.523573369941092,0.4910757002130538
10190,RP11-64C1.1,1.5226671302466632,0.6941470016109816
14361,RP11-171N4.1,1.5225777668917737,0.7622112391667157
6079,RTN4,1.522499729849502,0.07983989803579729
14634,WWC2,1.5222991252907194,0.1604285019113987
3881,LINC00083,1.5221819471506228,0.558213408067934
8867,AC080002.1,1.5213032459108813,0.5321798244544129
1776,ROR1,1.521278627754735,0.5735614820718887
3273,GBA,1.5206052389657847,0.09549101840605813
1859,RP11-424D14.1,1.520194678898663,0.6567633354819451
13711,AC004069.2,1.5195724931095649,0.40235182186401264
13175,FTLP10,1.5191136283361322,0.758535969787435
3699,XCL2,1.518724494545098,0.6911637081255986
7777,PHBP4,1.5184241249016124,0.6204903392070293
13615,RP11-323J4.1,1.5183674949216965,0.42518382556552226
4215,CSRP1,1.5182885463170193,0.4893936136077429
2117,LRRC8D,1.5180245740699485,0.1381098015248678
16543,CHSY3,1.517923132350591,0.5521394982372503
12638,SLIT2,1.5172355620380555,0.7276192293336041
12418,MAN2B2,1.515958667859682,0.34957320923277857
11821,ZMAT3,1.5155135030177644,0.32921892007142967
10751,TMPRSS7,1.5154797751756626,0.41170526309220823
2078,RP5-1052I5.1,1.5151347492071314,0.27618334141625717
9280,AC034187.2,1.514534217466422,0.6814654547187596
13917,RP11-679C8.2,1.5130251978570244,0.4146847272544081
5283,RP11-1293J14.1,1.5118444056872489,0.3245891569587521
9046,AC114814.3,1.5098244874055553,0.6687778128631258
12596,FAM200B,1.5094282922138338,0.04911471677311558
14878,LINC01020,1.5091183828125558,0.7600296873317275
8138,DFNB59,1.509031378513386,0.2316649552583797
9313,TTLL3,1.5089343033689837,0.6627604217278142
384,RN7SL649P,1.5084064375364792,0.7593785518195351
1416,RP4-603I14.3,1.5083303979702167,0.5404482977867527
2196,GCLM,1.5082677039685224,0.5080740740125419
1028,RN7SL122P,1.507805085290952,0.6888247621642882
7907,RN7SL455P,1.5076284598572194,0.7753145881931188
3177,S100A13,1.5076152101258573,0.2265744300249762
13524,RP11-742B18.1,1.5074775406932992,0.7522248851213234
11724,RP11-373E16.1,1.5061892945964657,0.3157106651048092
4960,GPR137B,1.5057689180683906,0.1596151921586153
8662,AC122136.2,1.50395966510629,0.7859072906293764
3183,NPR1,1.5037533629041229,0.5087952480389708
13183,MT2P1,1.503605153543436,0.6577528005506164
14989,RP11-419C19.1,1.5034728778537882,0.7605314288823667
7211,AC012442.5,1.5025987487746577,0.4075263622209241
16322,MCC,1.5021716930524411,0.3835413244712651
12878,RP11-1E6.1,1.5020785670217855,0.7499654036623016
11125,GSTO3P,1.5009894799698102,0.22835534338880012
13112,RPL17P19,1.5005722216577748,0.7748922494305884
2212,GAPDHP29,1.499870779384088,0.6820869799774926
14330,RBM46,1.4994249005625129,0.6398002758113821
5780,LTBP1,1.4993653258625093,0.5135127495285278
5957,AC009236.2,1.4992373610700913,0.7037532304182443
5164,OR6F1,1.4973686515124225,0.7286648266672826
11084,RP13-685P2.8,1.4973010712690753,0.555202151198305
6175,AC108039.3,1.4966723636305685,0.6772874272384002
3976,RNASEL,1.4965445548222573,0.09395460061820388
15449,CTD-2175A23.1,1.496531542102078,0.6530701849398957
12908,GABRB1,1.496089607183505,0.5799632487901321
12863,RP11-814H16.2,1.496039680711926,0.4624347762801544
7287,DDX18,1.493970025230633,0.28247426959323124
3891,ANGPTL1,1.492415325920179,0.7262171423292599
11943,PSMD2,1.492203174322465,0.3292631618181925
625,RPS4XP4,1.4919000717685276,0.6764257065054715
15949,RP11-241J12.1,1.4918776067422699,0.5822856254354534
8891,TDGF1P2,1.4917479834189273,0.7732820592151041
1103,RN7SL281P,1.491256830601093,0.7686920168211947
11754,RP11-408H1.3,1.4907516272419636,0.6451459060460643
14592,NEIL3,1.4906344963777867,0.2805400707886597
14603,RP11-84H6.1,1.490514214372458,0.4370533505919318
2964,RP11-353N4.5,1.4896543798539867,0.5488989167799463
10786,SIDT1,1.4892301416388873,0.7567244250712244
4866,RP11-295G20.2,1.4892188467691396,0.32226870937446056
12531,WDR1,1.488470355583295,0.24068728041274076
7215,NT5DC4,1.487951711966507,0.7278058388202417
14760,AF146191.4,1.4872886871952553,0.35487565899203977
8901,PID1,1.4872333172412122,0.5660239066593756
11981,DGKG,1.487013747218865,0.4807451220018163
11560,VEPH1,1.4866065995001445,0.5556084026022133
12444,AFAP1,1.4863060680908384,0.41370525265528507
1877,CASP3P1,1.4855763634683579,0.6338861487127807
9568,NEK10,1.485478515572863,0.3894922273378332
4922,RP4-597N16.1,1.4851053402673244,0.6543667932895136
1787,JAK1,1.483230320168876,0.40696597252837774
8589,AC016697.2,1.483063110847463,0.6743794251403621
5914,RNU6-137P,1.4827249642545448,0.6890817079918763
4221,IPO9-AS1,1.482678537052044,0.31485853654286083
8379,AOX1,1.482121272038498,0.7119409211055452
10194,WNT5A-AS1,1.4811901628434123,0.7499871546362182
14370,GLRB,1.4803113532166001,0.5203531017773055
7345,RP11-204L24.2,1.4801247035230207,0.5283441074773835
5041,TUBB8P6,1.4793087945149939,0.6615190538537781
10600,LINC00973,1.4786932382462419,0.5645930107343139
9741,RP11-134J21.1,1.4766391105447132,0.7732688516802882
10631,IMPG2,1.476625174454137,0.6090870016689762
5486,PSMC1P10,1.4763155729840596,0.546056609421226
2251,NDUFS5P2,1.476267951594299,0.7880422268190684
1847,WLS,1.4746578938840214,0.347362873103057
802,EXTL1,1.473880882773333,0.7728442848266034
15726,RP11-497H16.8,1.473499639097953,0.7672668419288018
10420,RP11-803B1.2,1.4734327574442276,0.688522119157732
1044,FKSG48,1.4730876297499647,0.4700192462315763
3375,RP11-85G21.1,1.4730797168476721,0.7698204328947886
9288,OXTR,1.4729030925007847,0.626834716967558
4822,RP4-613A2.1,1.472770248236161,0.24240862681957429
4000,NCF2,1.4722515659538349,0.7190744480386171
13522,RP11-710E1.2,1.4722487410533835,0.6687294503032144
5020,RP11-80B9.1,1.4704157777186813,0.7381244823085288
14555,CEP44,1.4700958505833288,0.5621607446383735
3459,FCRL6,1.469917723518684,0.5727204242929061
3463,VSIG8,1.4694485647030355,0.4877340608703261
6190,TMEM17,1.4689635105547603,0.029988042347414447
3142,RP1-20N18.4,1.4686446871203627,0.6707235893542738
1288,LEPRE1,1.4679606586145888,0.29014267264870075
9690,PRADC1P1,1.467243239265803,0.5944837772925198
7156,AC112229.1,1.4672326170854668,0.510335110540767
14645,VTI1BP2,1.4672181023347015,0.6101114803464638
2267,MIR137HG,1.4670592517457794,0.692465710349337
329,PGD,1.466701904134071,0.48098862978383783
16045,CTC-498M16.2,1.4666749508410502,0.5916350908365738
16621,C5orf15,1.4660371905201899,0.18180484473208375
1966,DNAJB4,1.465095093890121,0.2155676512556974
2773,WI2-1896O14.1,1.4647241543974676,0.5943239909599821
9857,MPRIPP1,1.4644664809051289,0.440206152767384
6471,AC104135.3,1.4632707029866268,0.4813282286803906
8620,ERBB4,1.4631250003093295,0.716359898287367
14382,RP11-597D13.9,1.4626932958737786,0.6811907885252455
2656,RBMX2P3,1.4625872523708732,0.5272781938981914
7194,MERTK,1.4603471924711915,0.6778541835632026
1885,MIR186,1.46016074406811,0.7776591313616551
1527,GAPDHP51,1.4598223049413854,0.7177279267636676
4207,RP11-567E21.3,1.4596161077905705,0.770082274909091
10504,APOOP2,1.4594689149513849,0.7780098595694528
8086,HOXD1,1.4590002841696443,0.6863896427216534
5688,GPN1,1.4586791202741207,0.023797814477320104
7231,IL1RN,1.4577951545675047,0.7077914721962548
2880,RNU1-122P,1.4570292624365901,0.6777072852674458
5577,AC008073.7,1.4566804136538454,0.6114743995606785
2231,RP11-57H12.2,1.4563273253733247,0.4803102156617449
7990,CYBRD1,1.4563000357262035,0.5359155151340582
631,KIF17,1.455269259114283,0.4978017452088581
5748,EHD3,1.4552283758336102,0.34910092005421833
15,AP006222.2,1.455185614263459,0.3905722864154407
6455,RP11-523H20.3,1.455121080104254,0.5118014710082597
12067,UTS2B,1.4549720730085025,0.35954149647460454
12959,SNX18P24,1.4542567856554576,0.6328276355461804
4976,RYR2,1.4542350612334487,0.6208621159723853
4903,RP5-827C21.4,1.4541486307961289,0.31843373927503515
557,RP11-380J14.1,1.4515322078698318,0.6802916417803413
8784,SPEG,1.4513858447696928,0.5607602720234046
5546,AC018742.1,1.4513003576979173,0.7891293021053221
4561,RP11-224O19.2,1.4509574097147033,0.6478984410443489
11790,RP11-809F4.2,1.4508587732133664,0.5532590545914939
8678,AC098820.3,1.4497597202520198,0.5001092015095602
6790,AC027612.6,1.4492191628818418,0.28644944981126547
9486,AC144521.1,1.448159889232117,0.6487462663675021
15169,RP11-42L13.3,1.4480813153196295,0.7854891978243637
3299,RP11-243J18.2,1.447548624143061,0.7067669404661476
311,CLSTN1,1.4469360017563693,0.4259029466911477
7193,AC104651.1,1.4461119676452268,0.5728433606584041
5862,GEMIN6,1.4455374634207323,0.19680331203942086
14021,RP11-314N14.1,1.4453973041289268,0.7015707432704439
7846,AC009961.3,1.4445212759898107,0.1462880137897644
395,DHRS3,1.4437318112365654,0.5457825622167487
3362,NTRK1,1.4436111629518653,0.7151152682539578
12539,AC006499.5,1.4431033283886519,0.7844741122215617
11237,DZIP1L,1.4427337156377682,0.34797807955043936
6354,TGFA,1.4424219698515488,0.60834200989177
10081,CISH,1.4423972040072537,0.5026894610704059
13480,RP11-8L2.1,1.4418963165515293,0.728973005803564
13504,SLC10A6,1.440697861972327,0.6637186075553241
14476,RP11-217C7.1,1.4406648986733042,0.6693633404568196
4190,RP11-469A15.2,1.4398587952381898,0.663229948752027
3174,S100A2,1.4390068208276818,0.7674189650593171
12853,PHOX2B,1.4387705128772752,0.7139829640194837
5842,RMDN2,1.4384850807602485,0.2990244991064502
8016,MLTK,1.4380121884822323,0.2675726598430839
1488,MTND2P29,1.4368871672057528,0.787947100690993
11344,RP13-635I23.3,1.4367577331295878,0.7992300821159402
1777,RP4-597J3.1,1.4367425449982036,0.40599601156096327
6948,TSGA10,1.4367056985072997,0.6727952347693709
5480,FAM49A,1.4362162735365884,0.684661773437614
9279,LINC00312,1.4357680090375584,0.4758749305601757
5446,MIR3125,1.4356435108997534,0.7880867484591624
1541,TXNDC12,1.4349213920407675,0.3356597168277246
14961,CMBL,1.434084018917618,0.5581606856823161
6864,AC009237.16,1.4332422193797847,0.7898776433450929
10121,TWF2,1.4327828871520734,0.2038021063101969
8276,AC006460.2,1.4325035532660897,0.5681576598147451
7007,IL18R1,1.4314828872370617,0.663859474253215
10136,NT5DC2,1.4305595242779579,0.416508748490197
938,TMEM200B,1.4303620228971818,0.556473189170201
11755,SLC31A1P1,1.429844387988908,0.45142367534628963
643,ECE1,1.429623574476268,0.20437918773227157
16573,PDLIM4,1.4288318496206458,0.7338806042382429
14203,RP11-6L6.3,1.4288220482408465,0.6893127927426173
11460,GPR87,1.428170244375468,0.7377585287109907
4962,RNU2-70P,1.427883603010646,0.6893730076821627
5160,OR14L1P,1.4275260485411263,0.7886216603784696
9899,UQCRC2P1,1.4270356765792716,0.7815794446192422
12405,RN7SKP275,1.426970591455175,0.6218949141112311
6392,EXOC6B,1.4267975406753728,0.260239641800493
8935,SPATA3,1.426629377810278,0.28455971166734434
6464,M1AP,1.4263601132769677,0.7885570747526643
3944,KIAA1614,1.425735555596598,0.4194201050643141
13484,NKX6-1,1.4249888938351774,0.5841612729467247
15146,MSNP1,1.4248624959357672,0.16335474832488914
7348,AC018737.1,1.4246865703978242,0.45035802470346636
4334,CNTN2,1.4244675718215554,0.5599058233463226
9624,RPL21P40,1.4234676977026641,0.6633417488170743
10854,TIMMDC1,1.4226540101047478,0.010867603021975338
11911,RP11-14I2.2,1.422619043632346,0.5677605084487575
6707,IGKV3-11,1.4224073602475216,0.6602674051470279
7220,AC079753.4,1.4218397294817233,0.5919107304084987
3102,FLG-AS1,1.4214120786197417,0.707402135926111
10625,TFG,1.4208654865717278,0.016043987954182024
10698,IFT57,1.4206180575207181,0.1564982280315479
11092,RHO,1.4198795703034452,0.6984715945063558
5134,RP11-107G24.3,1.4198533256121482,0.7881942781933255
9012,USP40,1.4198091598359714,0.04896032374170992
10930,DIRC2,1.419453609274556,0.21351465349401103
1537,RAB3B,1.417468863303534,0.6378011610353768
3654,CNN2P10,1.4172605291883724,0.7895329341382118
10389,GXYLT2,1.4171846789781486,0.5270457353756834
10380,RP11-654C22.2,1.4167947045493405,0.758234238156188
518,SPATA21,1.4158190601866094,0.5412750677405385
9222,AC090043.1,1.4155466959563987,0.5589607188567602
8799,SLC4A3,1.4147038310997637,0.47300722752479063
506,FAM131C,1.4145224189499206,0.4179713867715372
5814,FEZ2,1.4143383211750447,0.17705942411840633
3904,SOAT1,1.4143131146287318,0.04351266931402789
10558,ARL6,1.4143047170106278,0.3947198490788836
61,SAMD11,1.4125921199591989,0.7200462706028806
3075,RP11-98D18.15,1.4119887745362092,0.6401725541951837
5067,AKT3,1.4119285525149623,0.37055863271932865
6349,PCYOX1,1.4116598508617615,0.13634000117612513
14163,SMARCA5-AS1,1.4116417519263242,0.5078048719617163
1411,LURAP1,1.4115596084681274,0.5829211734899271
8353,BOLL,1.4113307691937673,0.7003352423266922
4820,RP5-1068B5.3,1.4101026685577571,0.2895214752827504
2522,CTTNBP2NL,1.4095743052804546,0.5124385759186447
11946,FAM131A,1.408815309431327,0.45162739936224827
1462,TRABD2B,1.408506487224345,0.7373574106908098
4701,LEFTY1,1.4081735604004129,0.5917260047065103
6480,EVA1A,1.407864466790806,0.599730092912109
10256,RP11-641C17.4,1.4076713068747204,0.796308373931323
4925,SNORA14B,1.4076391491255027,0.48883963578329637
14554,FBXO8,1.407607553465946,0.4222532874779573
16159,RP11-1E3.1,1.4072689966011258,0.6257923858436645
16220,CTD-2340E1.2,1.4062470820334356,0.7891615720977428
7842,AC008277.1,1.406194583992855,0.6122557072250822
3109,CRNN,1.4050252957589509,0.5561739217844192
11101,TMCC1-AS1,1.4049561225928198,0.4665629068205661
14513,AADAT,1.4048961643014226,0.43131145245363767
4499,TMEM206,1.4042733745922995,0.06212351781958419
3640,FAM78B,1.403987028265318,0.667189363469342
12789,FAM114A1,1.4039033361957223,0.3209844601733633
1473,PPP1R8P1,1.403588754783439,0.6098606699128146
7374,AC023347.2,1.4032810279375958,0.8046568247544487
6788,RP11-575H3.1,1.403053142444999,0.5269059980369305
13683,RP11-10L12.4,1.4029957682627596,0.20345702008611904
13534,RNU1-36P,1.4028216424291142,0.6731241679429434
12034,LPP-AS2,1.4026863195786294,0.3231581005931136
11050,C3orf27,1.4015055317331708,0.5032607409041439
1225,TMCO2,1.4010591769455047,0.6062270015978108
14198,ZNF827,1.4007268712916556,0.2251043351423959
5295,GAPDHP48,1.4005318218844491,0.8032034714410283
472,CELA2B,1.4002669064014786,0.5126735721015494
3895,ABL2,1.4001488915715599,0.2830297499098562
13325,RP11-44F21.4,1.3998017415462018,0.794332237291223
14458,RP11-219C20.1,1.399562111948972,0.753531984847595
7913,AC009495.4,1.3992524940882336,0.7409518186472391
7176,AC108463.2,1.398721985969566,0.5611648909240434
14131,TBC1D9,1.3985220478600744,0.29276615472590833
2112,LRRC8C,1.3984382883398991,0.47340344363383
12952,RP11-241F15.3,1.3978990538426075,0.7415263169737571
16117,CTD-2154I11.2,1.397827773269675,0.5013760703682095
2782,RP11-326G21.1,1.3977997297715608,0.4051430260983806
12437,RP11-367J11.3,1.3976300048152996,0.4420911731053787
8475,AC098831.4,1.3967983512889421,0.6229321163710624
9011,AC019221.4,1.396473143407673,0.5191465315802304
3327,C1orf85,1.3962849425839334,0.4266999731752945
11700,LRRC34,1.3955402403422819,0.7207380443978143
11422,RNF13,1.395036280114003,0.3250106545417741
8100,FUCA1P1,1.3950032664182945,0.6660766390524964
8121,TTC30B,1.394467143676405,0.115785624423554
1367,BTBD19,1.3943571630934743,0.6127707931761533
8198,DUSP19,1.39431542153588,0.22589698657081977
14516,RP11-789C1.1,1.3943111117681666,0.7741362067546238
5413,C2orf50,1.3942989149929543,0.7319983016202711
402,C1orf158,1.3928240602664552,0.6228315731768612
4640,DISP1,1.3924830495784175,0.47120886060546385
2065,RP4-651E10.3,1.3922207921158432,0.4475612172718778
1271,GUCA2B,1.3915541462567633,0.7787446535437961
10039,FAM212A,1.390971066337749,0.6322480267059543
6851,RP11-440D17.3,1.3909039036118578,0.7021604544130932
7610,THSD7B,1.390066564427454,0.7663346729968605
8332,C2orf66,1.3898582954002698,0.2873188865222315
12293,FGFRL1,1.3895951118833583,0.5411089727037408
4678,CNIH4,1.3893863866727565,0.16170161178804923
4760,RP11-520H14.1,1.3891856975170622,0.7972722420855778
8659,LINC00607,1.3890916216670575,0.5936335168860598
10077,XXcos-LUCA11.4,1.389000022533304,0.6455813290801496
8636,SPAG16,1.3888675478756545,0.0519867868251784
5368,YWHAQ,1.3887398088635339,0.1576720580736314
5590,ADCY3,1.388712451709203,0.1553142771652217
8461,RN7SL40P,1.388449904749832,0.6897992102989238
2053,CYR61,1.3884244662072431,0.5964492445228204
5064,SDCCAG8,1.3880926254705663,0.18157424687221282
5578,FAM228A,1.388027929802171,0.6194089272559813
3131,LCE1C,1.3872979357138948,0.6121662392364026
11697,RP11-816J6.3,1.3868848308465391,0.7700642840059096
4342,TMCC2,1.386581267990931,0.4401877885441675
7290,CCDC93,1.3863341441743928,0.5861849760546792
15663,RP11-83M16.6,1.3862172788303173,0.8021782620985465
12199,RNU6-646P,1.3860449657889125,0.8036896560795739
3472,RP11-226L15.1,1.3859101242753131,0.47760166691241057
9572,SLC4A7,1.3852880905276685,0.19183979455658404
12914,AC092597.3,1.3851767527967038,0.5510190486391642
15807,RN7SL814P,1.3846547116478973,0.8064083252864598
7174,AC108463.1,1.3845689525712277,0.5824370916214165
13066,GLDCP1,1.3839939564296775,0.6656613639874045
5376,RP11-95D17.1,1.3839273451478635,0.21376642659421421
5690,SUPT7L,1.383009322875574,0.3148890481662183
5545,AC009411.1,1.3829121703052898,0.8008468721913543
12609,AC006427.2,1.3827506747233482,0.7338364133377115
2563,RP4-590F24.1,1.3826039715655576,0.8066364257345809
6991,RNF149,1.3824442554372505,0.23872724145873764
2883,RP11-495P10.2,1.382185848372096,0.44795177664255426
2523,WNT2B,1.3820290864778684,0.6451761238556234
4768,RP5-1139B12.3,1.381932916530579,0.7382301385700057
16400,LAMTOR3P2,1.381693068730366,0.6010265440815814
12119,TMEM44-AS1,1.381403947716768,0.48960269314994
5766,SLC30A6,1.3803377306352291,0.21680592307733532
7414,AC108059.2,1.3791261739122214,0.3211017180942973
6847,AC009237.2,1.378971710300257,0.8132345907094563
1123,EVA1B,1.3788366527478781,0.5737345845880149
12036,LPP,1.3778564709597834,0.07402048509024181
12862,DCAF4L1,1.3777136041022684,0.5776518969296818
14978,RP11-215G15.4,1.3772485823730891,0.4043162057981562
1504,MRPS6P2,1.3771990762884792,0.7272592382595047
2954,RP11-277L2.5,1.3769669570867358,0.8038576504754875
8463,BMPR2,1.3750818045283564,0.14094576996988595
13841,RP11-119H12.5,1.3743254180229407,0.6512126320976312
2625,RP4-753F5.1,1.374216558011769,0.54545472505273
16135,PCSK1,1.3737147667263656,0.7606348691222029
4897,RP4-799P18.3,1.3734978687806594,0.7351926719931787
10074,CYB561D2,1.3724209510465621,0.11374306708062937
3593,RP11-267N12.1,1.3724033128662962,0.7364802480587651
470,CTRC,1.3722298816788667,0.6281287382007117
2408,TAF13,1.3712424576139786,0.38646263757776184
3585,DDR2,1.371020545202303,0.7298112489860864
2087,RP11-76N22.2,1.370543581724105,0.5678952279391878
7296,INSIG2,1.3703218485110162,0.6600410741046235
4194,CAMSAP2,1.3699640606413057,0.3010797124966274
322,RP11-496H15.2,1.3696363273137397,0.6923805361152813
16546,HSPA8P4,1.3695650762640743,0.5323530241000716
6579,TGOLN2,1.3687608524020858,0.14335109847149338
11610,RPL6P8,1.368566851345037,0.8127182318389966
551,MFAP2,1.368377528723326,0.6257809835321347
13251,PROL1,1.3678576738094415,0.7141863201460074
13895,RP11-21I10.2,1.3672664606570255,0.4469207303440502
11966,MAP3K13,1.3670655785452572,0.3781866505294884
4639,RP11-452F19.3,1.36682039428034,0.13158472312514616
13990,RP11-50D9.3,1.3660535637497375,0.6878567476333832
2686,NOTCH2P1,1.3658255852515844,0.8120868961791882
8947,AC017104.4,1.365773823573668,0.6991346121179378
4904,COA6,1.3652592335451779,0.3533320042078478
9004,ATG16L1,1.3649320923274042,0.29716025355428344
13956,NUDT6,1.3646492446027831,0.24650122785748269
5418,AC018463.5,1.3645015344531919,0.5118180501275159
2209,RN7SL440P,1.364328076613311,0.7202491890279622
8264,AC019178.3,1.364297894045271,0.7057238544387348
5364,ADAM17,1.3641957437119883,0.16509118690845773
5691,SLC4A1AP,1.3637419264738184,0.24939047715052817
8781,AC053503.4,1.3637141989621544,0.5992411401486644
12460,RP11-689P11.2,1.3634451745234393,0.7724241341056057
12330,POLN,1.36310372671309,0.5288099525194973
14785,CTD-2231H16.1,1.362658988963239,0.7148544211209422
2924,RP11-744H18.1,1.3626526906845462,0.6407973177044696
11644,RP11-85M11.2,1.3624471651560992,0.6981005475131474
16575,AC034220.3,1.362304602651461,0.4876951750533862
7209,CHCHD5,1.3620209296679935,0.11891203150709316
11156,NPHP3,1.360942161372308,0.24006173767124897
5119,RP11-439E19.9,1.3604372877962554,0.6835977459698988
5071,AKT3-IT1,1.3604125784765144,0.6917232071082848
11139,NUDT16,1.3600950570239512,0.32977050995186125
5031,OPN3,1.3599605972584115,0.543969699561841
6435,SLC4A5,1.3599059995531588,0.7330358178230452
11756,NCEH1,1.3595494243468322,0.44080852851842
5627,GAREML,1.3585391778566565,0.4237360292990442
5746,CAPN14,1.3574468200267678,0.7527974394061984
2626,PTGFRN,1.3572694981444349,0.36783887956932704
73,RP11-465B22.3,1.3571434989314997,0.5303508066458322
8480,AC010900.2,1.3571318294728762,0.44423598202715797
13477,AGPAT9,1.3568148220347787,0.30208013998387667
14996,DNAH5,1.3568045409253426,0.6638273178060908
4781,BTNL10,1.3566660471918057,0.559474497620418
5863,TTC39DP,1.3555658023577366,0.783304457443189
1662,RP11-90C4.1,1.3553095489993654,0.8154275731469965
5414,PQLC3,1.3548074523644011,0.40865675264136714
303,RP13-392I16.1,1.3545992884593483,0.540528670652605
11961,C3orf70,1.35450409087281,0.759919797829628
1182,RHBDL2,1.3536052819839293,0.6102075279295476
4154,C1orf53,1.3534588852355773,0.17905002544671683
5561,KLHL29,1.3532113288062593,0.4933567738756025
16587,IL4,1.3526875070123359,0.5442505191042826
9057,AC079135.1,1.3523449744040419,0.4661057671028891
9239,SUMF1,1.3519910531142767,0.2990321849582031
15983,XRCC4,1.3518459915763963,0.608006933505945
10186,CACNA2D3-AS1,1.3517040465680052,0.7736310527910344
245,RP11-334N17.1,1.3515412813190462,0.8182547093165169
5970,ATP6V1E2,1.351106490315894,0.4452817458424231
11085,RP13-685P2.7,1.3506457416861384,0.6845201670234499
15659,RP11-83M16.5,1.3491559311350119,0.8021207513998041
6637,ANAPC1P1,1.3489212180052694,0.326017021558187
4209,TNNT2,1.3488361869895573,0.7722044258562479
3352,NES,1.347966433840455,0.8067687779812547
14589,RP11-765K14.1,1.3478683924077393,0.8202737505449936
2959,RP11-353N4.3,1.34754058649249,0.720020051795059
639,RPS15AP6,1.3471456655140075,0.5123812174394073
13912,RP11-96A1.4,1.3471127464721893,0.82788548749545
2680,ZNF697,1.3468367894729028,0.6050805304066079
9459,GALNT15,1.3468141015199326,0.6066117944302891
1905,LRRIQ3,1.346411944705423,0.20077104851551206
14117,MAML3,1.3460112749129267,0.697229045361572
15799,ARHGEF28,1.345434509378787,0.34735864536906147
12698,RP11-324H7.1,1.3451020246141656,0.7213806015680173
14641,RP11-451F20.1,1.3450508425301972,0.8135482936650128
7002,IL1R1,1.3449989723589275,0.6480566010629841
14835,CTD-2245E15.3,1.3448470392234808,0.7237801607806824
7213,AC079922.3,1.3439186530124498,0.370774331498866
12364,LRPAP1,1.343730411961846,0.14921692015689822
1651,PCSK9,1.3436274720535066,0.7176731885059073
11205,PPP2R3A,1.343556675862627,0.36130559963971687
6666,KRCC1,1.3432283186358513,0.4162942278476324
5673,SNX17,1.3431450231676252,0.0808138000288786
14000,RP11-130C6.1,1.3426928524783492,0.8157849406635852
2207,RP11-78O9.1,1.3422844247217005,0.8163023400472884
3954,RP11-540K16.1,1.3414757101711905,0.691857876228658
2389,RP11-131J3.1,1.3413077201421773,0.6475788624734549
11030,TPRA1,1.3409278823473598,0.22693228286326156
815,SH3BGRL3,1.3406531029961444,0.620233602879924
14653,RNU6-335P,1.339587729426667,0.8216701697850602
7449,AC018804.6,1.3390423062326948,0.531846399278554
12349,ADD1,1.3389982790924297,0.3308300511371655
10302,ADAMTS9-AS1,1.3387978142076506,0.7362707461002052
3264,TRIM46,1.338669695832443,0.4619944714874785
10746,PLCXD2-AS1,1.33859532047575,0.6057962682159924
1113,RP4-665N4.4,1.3385059358216433,0.732993316363876
5962,AC017078.1,1.3378026895610462,0.8227754762442452
5980,AC016722.3,1.337759754502825,0.6374870205260335
1650,BSND,1.337468531198452,0.7858642958261562
8370,RN7SL717P,1.3372926709443806,0.7737059460988177
5667,UCN,1.3370632548913188,0.39844634724098527
5972,RHOQ,1.3370329256456484,0.27534897315618495
13319,BTC,1.336623081722431,0.7257533875406957
12130,AC090505.4,1.336011314052996,0.8212493590601017
253,VAMP3,1.3352430405891096,0.05508875169575607
4869,DISC1,1.334835789074241,0.579544540920272
10848,RPS26P21,1.3342583420787164,0.5551223098835247
15662,RP11-83M16.4,1.333413286206869,0.8236060972181543
9931,RP11-708J19.1,1.3333633247493824,0.5601549888986671
10110,PCBP4,1.3333442977165986,0.6486009589793149
3144,SPRR2D,1.3328057433417986,0.8204048124205219
16563,AC034228.2,1.3327813869910994,0.8244529742092707
4082,RP11-113I24.1,1.332293530631391,0.8124253613887098
1872,HHLA3,1.3315948118657213,0.49401652260358875
2444,RP4-735C1.6,1.3313613646226152,0.5954931558655207
13634,RP11-696N14.1,1.3310562751194484,0.5336607136741267
4500,NENF,1.3308502086398986,0.23108818700935935
4521,RPS6KC1,1.3301246688905077,0.3522032378109983
2710,EMBP1,1.3289501139672237,0.7768098815819436
5060,CEP170,1.328929941337099,0.42560287040511136
14285,RP11-461L13.3,1.3288709993214913,0.6404118590352075
11073,RAB43,1.328676629871393,0.5121189534333905
14529,GALNTL6,1.328607227440794,0.6714797966231314
11236,RP11-461M2.2,1.3285992192305183,0.732104517775894
6329,AC092431.3,1.3283357619080542,0.7364218233247518
14970,RP11-1C1.6,1.3281554371470277,0.812811298172289
4935,TBCE,1.3279170177668558,0.060377908129830044
1671,PPAP2B,1.3274599683940718,0.4656676378718899
16412,FAM170A,1.3273319509865404,0.6584040030991525
3071,RP11-98D18.1,1.326700383620042,0.62051608881845
5740,LCLAT1,1.3264422083356782,0.390307808928633
15454,RP11-94D20.1,1.3264274594861554,0.5148130138731211
6598,GGCX,1.3263196184006234,0.13534173165560157
13144,RP11-807H7.1,1.3257401068077828,0.8076359970439513
332,CORT,1.3252927282215463,0.23401132755125664
3545,RP11-122G18.8,1.3252033554260734,0.478334318444426
7385,CYP27C1,1.324650030702848,0.7549797343018531
3267,THBS3,1.3243542558418553,0.6135444591384001
13821,RP11-402J6.1,1.3238684530498221,0.8238214461336903
6017,STON1,1.3234391614873486,0.6358244398178159
10765,RP11-572C15.6,1.323335565725452,0.7739300063401278
5495,RDH14,1.323230103741933,0.1787031579021992
6838,KCNIP3,1.32304004405452,0.7056934433633051
11305,GRK7,1.3228508375965495,0.7506141556569457
12483,USP17L14P,1.3224227410134994,0.7564363680631874
14004,PHF17,1.3219749457658387,0.34482012705711224
11425,PFN2,1.3219269197762296,0.08581530954509593
11491,RP11-292E2.1,1.3214462717657192,0.7832389120018687
8939,HTR2B,1.3211100537845455,0.6711037705823308
8652,FN1,1.3194199727086968,0.7357336038895015
9022,UGT1A4,1.319151735150043,0.7776010081212842
3336,RP11-98G7.1,1.318380520784289,0.551609421375672
7115,AC012487.2,1.3181099858455134,0.3731669125678017
299,H6PD,1.3180816956053016,0.496280327103221
1883,ZRANB2-AS1,1.317908602073676,0.6028568313314266
13521,NUDT9,1.3174650706271531,0.09942572468683737
65,PLEKHN1,1.3172659074814992,0.6392401112642712
5402,ATP6V1C2,1.317216690779741,0.7342559147864858
6878,TMEM127,1.316859597265994,0.08862819118422273
5773,BIRC6-AS1,1.3166697873801188,0.7290889445910067
5607,AC012074.1,1.3164605938452882,0.5365834857804529
7206,TTL,1.3163431133811394,0.4175075687993258
14626,AC114798.1,1.316324510307949,0.762630511535509
10011,KLHDC8B,1.3160664821079384,0.45890149979293937
4189,ZNF281,1.3157451279913701,0.39726873093803977
5153,GCSAML,1.3152017995514946,0.628540949927309
2153,ACTBP12,1.315047956990127,0.25436849041709075
9845,RP4-555D20.2,1.3144850955127951,0.7518830014777351
10711,MORC1,1.3139619283313677,0.6836094243697124
496,RP1-134O19.3,1.313049417303631,0.6693812734415718
3054,RN7SL444P,1.3129728498033277,0.581267469478251
11115,ENPP7P3,1.3122093033354352,0.8269235034117077
1218,MFSD2A,1.3120555587188274,0.4230406026755568
152,RP4-740C4.6,1.3113319027732167,0.6069192841929965
747,STPG1,1.311122448710508,0.179620553188467
1118,MAP7D1,1.3101486020986288,0.4438976006639612
5375,TAF1B,1.3099566062626367,0.42545279058187346
14803,RP11-310P5.2,1.3095904492709594,0.8096216947111441
10653,RP11-221J22.1,1.3092431846271244,0.7741966300291855
3491,NCSTN,1.3090750952927928,0.3167286799398486
2922,RP11-14N7.2,1.3090162888690084,0.44174271699402534
8770,GLB1L,1.3087804644372418,0.37064474547418624
15520,RP11-155L15.1,1.308663823331766,0.7594749655011772
10026,DAG1,1.3084598749564715,0.4256838172336667
10472,GBE1,1.3076439108380464,0.3142064107482724
8587,IDH1-AS1,1.3063060982573285,0.0812113577510428
9412,TMEM43,1.3060621557079146,0.030511605411242218
7495,PLEKHB2,1.3059604039594406,0.34640806498741306
13556,FAM13A,1.3053162013934962,0.5341240530945115
7175,MIR4435-1HG,1.3052757563839834,0.46706542868733725
13793,RP11-380D23.1,1.3050825364937437,0.6870024532518055
8999,NGEF,1.3050783843530496,0.7432983365412142
7485,AC140481.7,1.305000642971237,0.7646521262721275
8677,SMARCAL1,1.3047288051824164,0.2243236996138651
16113,ARSK,1.3042355110031194,0.27345921999408
15450,ITGA2,1.3035657418338507,0.5865335366382252
9317,JAGN1,1.3033550017448796,0.14461667021585278
8879,MFF,1.3023630937684518,0.24979591910149293
15287,C5orf42,1.3023403147301176,0.4841670127789831
14786,PLEKHG4B,1.3012806164419852,0.7618745767478615
9974,SHISA5,1.3011362424340078,0.2647774553274589
10622,GPR128,1.3010353105759969,0.7885007362648714
5492,KCNS3,1.3009720995921008,0.6786538592741622
14381,FAM198B,1.300835325533089,0.7233266944262449
7995,SLC25A12,1.3007538696481933,0.2996294871479819
10331,RP11-436J20.1,1.3006889719592603,0.8429492504377174
5353,HMGB1P25,1.3005128242604058,0.8347009921194932
4472,RP11-359E8.5,1.3004654518432035,0.5602121675388061
8878,AC097662.2,1.2999839925600616,0.3342476290908095
4365,RP11-312O7.2,1.2999509711614294,0.5183436440232428
11719,SKIL,1.2999463544099503,0.45416829978031825
5982,MCFD2,1.2992154279768582,0.13993370146820683
8700,AC009492.1,1.2991179360348466,0.8329119860163547
3900,EIF4A1P11,1.298407718578576,0.7513936588269123
4340,DSTYK,1.2980254184069082,0.12890048427528952
2219,RP11-86H7.7,1.2977474517188474,0.7296362069215162
15876,PDE8B,1.2974945449410455,0.7566772849846988
4642,NDUFB1P2,1.296621517500837,0.6218342263272616
2002,LPHN2,1.2965608466267828,0.7675191987067841
6536,AC013262.1,1.2957419845201494,0.8328020872105811
2830,RP11-325P15.1,1.2955441656592572,0.4821105381190086
1624,CDCP2,1.2949221374501696,0.6610640505620982
5685,C2orf16,1.294896073214376,0.2660491404071487
1806,LEPROT,1.2947985963558057,0.34135384270123154
15160,CTD-2061E9.1,1.2942796173261246,0.8079985443084508
13131,RP11-63H19.2,1.2939573726869185,0.8406166728833873
14059,LINC00613,1.2938424349378363,0.8421429185855758
14577,MARK2P4,1.2933806070141785,0.8408793775046445
1730,RP11-430G17.1,1.2930698618041347,0.832931454649132
7599,AC011999.1,1.2930029905447373,0.5475863224705655
3679,MPZL1,1.292937229578876,0.25756274697639514
5976,SOCS5,1.2925596263189605,0.4304671323861594
653,PFN1P10,1.2924440831506663,0.8412784851676077
7353,TSN,1.292184897650603,0.4600534186858604
9658,FBXL2,1.292028101324147,0.3201040448325825
9426,AC090957.2,1.291838324558873,0.8401911914662132
12361,HGFAC,1.2917766271813018,0.6669173858146639
5668,MPV17,1.2916226073962813,0.21196130930230964
10938,PTPLB,1.2913615744882434,0.41650569979666763
3570,RP11-227F8.2,1.2913001007544294,0.8417750267201508
1931,MSH4,1.2910922649690275,0.7965598344837578
7249,DDX11L2,1.2909958344797265,0.5750231646154039
4611,HLA-AS1,1.290935698144894,0.71965584240524
5991,BCYRN1,1.2903316478314344,0.28649349377864813
9414,XPC,1.2901123191528314,0.12585869944616565
3808,ANKRD45,1.2899443619545714,0.7686537676356652
5312,AC010729.1,1.289615662270453,0.7980299417278294
7977,ERICH2,1.289543918016169,0.7549988808346574
5658,C2orf53,1.289255097055035,0.5312659724890129
11097,TMCC1,1.2890123384405163,0.3850250788070265
16254,FER,1.288896811205145,0.409142067637309
5078,C1orf100,1.2883841506695757,0.6200061077996881
6532,AC105342.1,1.287636623689135,0.7956246434102077
13145,RP11-807H7.2,1.2874994073307278,0.8482915899451277
12764,C4orf19,1.2871354225845817,0.730603054009396
2844,OR13Z2P,1.2871001322794569,0.7880877330161881
12991,SCFD2,1.285932494322783,0.3287909794211466
4483,RP11-552D8.1,1.2849408072795778,0.7731628740740442
9976,PFKFB4,1.28493532308108,0.6509575016081904
16098,MTND5P12,1.2848284892206,0.611374190661397
16344,AK3P4,1.284380808491392,0.8047720748235617
2448,AHCYL1,1.2843361689412391,0.39744264817745206
7234,AC016683.6,1.2838436789880843,0.7544417952667946
8419,TRAK2,1.2837539751696236,0.10160904136764452
12911,COMMD8,1.2836549878598238,0.20475761904449316
16208,ST8SIA4,1.2833484771448798,0.6997314573260405
12062,CCT6P4,1.2832405338222619,0.5707377485255669
8234,TFPI,1.2832194532270604,0.7614542292606038
14460,TMEM192,1.2830260158701754,0.25087670332673034
6250,RAB1A,1.28276305004589,0.1525400955715757
10258,RP11-641C17.3,1.2824842328284558,0.7773544691976021
10668,CBLB,1.2823948623777954,0.30931562652608846
10,RP11-34P13.15,1.2822776998381793,0.6458699961943264
5924,THADA,1.2821269664708579,0.33273853779725376
4892,SLC35F3,1.2810006423074902,0.7122827657830332
16288,CAMK4,1.2809565149974493,0.6971138133893579
3199,SLC39A1,1.280874982449031,0.21252014489273188
11969,TMEM41A,1.2807591179791284,0.3822913147580255
6978,NANOGNBP1,1.2799191653689321,0.866036897621046
3136,IVL,1.2791401083426472,0.8222261097611774
8255,OSGEPL1,1.2790723192863944,0.20517265998380121
16577,SLC22A5,1.278599103869369,0.5158008043766378
11832,RP11-145M9.4,1.277737748953777,0.44601414184055344
11677,GOLIM4,1.277631347916356,0.42011790617006284
12445,AC097381.1,1.277596907644653,0.6225214489273501
10656,ZPLD1,1.2770466973141112,0.8196422231382361
12191,SMCO1,1.2768995055365975,0.5976189103386088
5956,AC009236.1,1.2768008131149842,0.6426104662030688
8136,AC009948.5,1.276781152461015,0.4755022022288661
5945,SLC3A1,1.2767592809198463,0.8420098736177795
10634,RP11-144C15.1,1.2764791810883145,0.5860763707839654
15103,RP11-811J10.1,1.2762137945714542,0.8550266134154685
5810,RP11-490M8.1,1.2759383642492694,0.7242692787159999
11582,RP11-379F4.8,1.2759111600943605,0.5070261144541576
1958,FAM73A,1.2757416670426551,0.5963080766269024
7437,AC018865.9,1.2755201269693761,0.7804228222202325
3175,S100A16,1.2754688353833332,0.5457781349907245
13546,HERC5,1.2751267512232871,0.4901016008310448
1556,PLA2G12AP1,1.2750707352321933,0.43586167394997266
10058,GNAI2,1.2749954446243508,0.5857166850907742
8839,ACSL3,1.2749725339783577,0.3602167672940648
14797,CTD-2228K2.1,1.2748370920587857,0.7444419021884341
11528,C3orf33,1.2745249264165774,0.3665283819685116
4156,NEK7,1.2744950156535997,0.625436866931345
9913,PRSS50,1.2741716799053762,0.7404683924990384
10991,ENPP7P4,1.2741097617678123,0.6381448161666392
9298,PGAM1P4,1.273676634413615,0.6248295655081688
1326,SHMT1P1,1.2736587347748238,0.5983381712675537
6842,AC009238.7,1.2736536842956219,0.8577713389749858
4883,NTPCR,1.2731917133575674,0.20204217107121747
14556,RP11-51M24.1,1.272181347438768,0.850025055987686
11308,ATP1B3,1.2715599263399762,0.284851785203525
7263,ACTR3,1.2715426692300404,0.1296883847666252
5528,AC012065.4,1.271277236308934,0.8530375045571033
9947,MAP4,1.2710461207680956,0.2028956411638785
14264,RP11-731D1.4,1.270625004732103,0.7210899807780111
13972,ANKRD50,1.2704291308525486,0.616106039849651
9356,HRH1,1.270336684288083,0.5044477195903772
12198,CEP19,1.2701547327683251,0.3708401149861692
4530,RP11-176D17.3,1.2699257887174207,0.6149072585395963
16452,RN7SL711P,1.2698279975718516,0.8004103968399257
190,TP73-AS1,1.2694746995720863,0.6000830027764653
5832,PRKD3,1.2692338173204982,0.47673352033299465
3807,RP3-436N22.3,1.2690529629764309,0.7951433198189531
4852,ARV1,1.268265477033467,0.3144227576632529
8617,CPS1,1.2681508971167719,0.5864267937771792
10764,SLC35A5,1.26788996101543,0.041911914808671444
6814,SNX18P14,1.2678875410682835,0.7460036074297229
5035,EXO1,1.2676759183917126,0.4374536826823833
12535,AC006499.7,1.2676204315091424,0.8545464633776685
10063,LSMEM2,1.2675990368960064,0.7966823267053867
8606,KANSL1L,1.2670450949127114,0.6230425434790505
10693,BBX,1.2661492044873526,0.20238856413234935
10696,CD47,1.2653043607176062,0.5647888689815544
11054,RAB7A,1.265188496925203,0.22642668779521533
6257,AC012370.3,1.2650207406316514,0.7068604116890664
15109,RP11-804N13.1,1.264567687822155,0.8026455279716954
12174,SLC51A,1.264495567034525,0.3891155172973644
11492,RP11-292E2.2,1.2644134255488826,0.8296935885793104
4902,RP5-827C21.6,1.262770414655814,0.7114242368412353
4449,SYT14,1.2626447418935254,0.7993295636023697
16603,CTC-350I8.1,1.2626000687118961,0.7141487722399533
12016,RPL39L,1.262437054247139,0.4123789542048807
4143,ZBTB41,1.262025197119037,0.6546747459803786
4218,AC096677.1,1.2619096203195412,0.7320390432778894
11304,RNF7,1.2608983597752348,0.19265222225678938
12553,RP11-281P23.1,1.2607279217100473,0.8439215768747703
8165,AC009478.1,1.2607008906184596,0.8556655670809699
4193,RP11-92G12.3,1.2605196466219364,0.6021258390658344
77,RP11-465B22.5,1.2604687891480104,0.77225138005268
11038,SEC61A1,1.2601021866524078,0.24528340462828002
2441,GSTM3,1.2597520598820575,0.7088469668877853
14173,GYPA,1.2596054666253398,0.7561842055218286
187,TP73,1.2585607501966025,0.7379396804086831
8789,CHPF,1.2578696890809065,0.5533530049328697
7992,DYNC1I2,1.2577252459980193,0.0639696243800592
7745,NMI,1.2574855960450202,0.612422099841891
7451,AC018804.7,1.2573705800262145,0.8253088315632588
12011,ADIPOQ-AS1,1.2572552603799547,0.7742475295262575
15050,RP11-321E2.3,1.2569091811918045,0.8528506720408514
11944,EIF4G1,1.2567665900702572,0.33584692750198614
2068,CLCA3P,1.2565167167764597,0.8292838281388423
11958,RP11-329B9.5,1.2562380974517966,0.732127402534459
16058,RP11-61G23.1,1.255719042097381,0.8659484896612939
13834,RP11-119H12.1,1.2554713055995639,0.6683538197830903
10161,RFT1,1.2552827346431452,0.3070246857270997
10151,RP5-966M1.4,1.255061748205954,0.6223694871631901
16450,PPIC,1.2549068671807764,0.6298245516307353
14469,RP11-443J23.1,1.2548067211732759,0.6996705229775022
14006,C4orf33,1.2546050429768598,0.5477216123788471
5620,RAB10,1.2545680529540642,0.5314824598889333
5624,SMARCE1P6,1.2542801103390049,0.702645660893192
16567,AC063976.1,1.2540847490024953,0.8643836822174279
5581,AC009228.1,1.2538981931264819,0.8024702396201141
7758,AC012066.1,1.2536985132298828,0.09380406262907283
9088,ESPNL,1.2530615467385517,0.85544410320413
6302,AC127383.1,1.2519750122867086,0.8644006941551364
14217,RP11-752L20.1,1.2518799954110291,0.8149577583481596
7877,DPP4,1.2514969260860027,0.8003033794093027
10647,ZBTB11-AS1,1.2513612310576796,0.3369471824931491
15955,CKMT2,1.2512565832300173,0.7827130482021262
5329,AC019048.1,1.2511250525458644,0.7572657438194581
11021,PLXNA1,1.2509015599072302,0.4215317517431747
5535,C2orf43,1.2507637423678515,0.3722536257622314
1198,PPIEL,1.2507512778243652,0.6885775858018341
8622,MTND2P23,1.249817058861329,0.8256823472907305
4751,PRSS38,1.2493606927838434,0.7998009637873098
11957,RP11-329B9.3,1.2493056528271005,0.7572416325020389
16007,CTD-2331D11.4,1.2491513435720543,0.8655540640133111
1553,ANAPC10P1,1.2491324228431315,0.529473364409762
8767,ATG9A,1.2490862965807137,0.1451965319584768
12960,RP11-241F15.10,1.2489206810029199,0.6620464354746061
2226,CNN3,1.2488207084316896,0.5528115418249666
6047,AC139712.2,1.248396060333223,0.8351200127841694
3877,RASAL2,1.2483433219443147,0.37952917628222504
4945,RP11-293G6__B.2,1.2480853854723462,0.868223847195864
12177,TCTEX1D2,1.2478444247078704,0.3994525800518859
5564,PGAM1P6,1.2470464905272574,0.5752890254429109
6508,AC012494.1,1.2465393840093213,0.766651639775918
869,GPR3,1.2464928453321031,0.647282273611233
2234,RWDD3,1.246043204942504,0.2424177348921866
8918,SP140L,1.245443774174625,0.4073220243387773
13748,LEF1,1.2449677322486055,0.8082011602240022
14979,DAP,1.2435028543004643,0.5345588766482204
6389,DYSF,1.2432729902829895,0.8087566750079453
10747,PHLDB2,1.2427013403443221,0.5910669555097021
504,RP11-5P18.10,1.2425280673180852,0.6290301387868038
12003,SNORA81,1.242491394696309,0.6990794959193158
11905,SNORA81,1.242491394696309,0.6990794959193158
7865,AC009299.1,1.2423824406253132,0.8707863398107569
3276,SCAMP3,1.2422683854715113,0.34224198003005446
244,RP11-312B8.2,1.2416811595196444,0.8046555020055477
13497,RP13-514E23.2,1.2415938618837141,0.8115723373180743
7116,LIMS1,1.2415142081606771,0.2874048233879647
2186,RP4-713B5.2,1.24145697697375,0.5913831691867822
13518,RN7SL681P,1.2413690451830504,0.8622871966180359
13839,RP11-119H12.4,1.2412800209245483,0.5750558353014401
10115,DUSP7,1.2412368973855699,0.6752604859435378
11441,SELT,1.2406123317204742,0.2911578454381933
11418,WWTR1-AS1,1.24057854235094,0.29463997058495567
16246,EFNA5,1.2405697267084084,0.6294315016969705
12341,RNF4,1.2404973168414548,0.3030015885508739
7064,NCK2,1.2404179655547931,0.4716189815187699
5030,KMO,1.2396531616265511,0.8363636646754811
2765,AL592284.1,1.2390612969685064,0.7833510399850541
8120,AGPS,1.2385463835352528,0.35716927482394906
15421,RP11-269M20.3,1.2385282120170724,0.7390437241599385
9881,LARS2-AS1,1.2375970268743355,0.761488200663851
15249,CTD-2517O10.6,1.237536500860619,0.53336314280909
5714,TRMT61B,1.2370424605121417,0.3112385526333811
9273,LMCD1-AS1,1.2367164738531866,0.5365735374771254
15453,CTD-2366F13.1,1.2367066847133723,0.30546832174805544
7042,SNORA72,1.2366216270308497,0.761892740708374
11762,SNORA72,1.2366216270308497,0.761892740708374
4359,SNORA72,1.2366216270308497,0.761892740708374
4670,SNORA72,1.2366216270308497,0.761892740708374
11612,SNORA72,1.2366216270308497,0.761892740708374
7632,SNORA72,1.2366216270308497,0.761892740708374
2429,RP5-1160K1.3,1.2364249000909944,0.6171914920444185
3305,RIT1,1.2363028774627365,0.5814545614961646
12650,GPR125,1.2354223520688166,0.5607579984715989
10079,C3orf18,1.2340993824920248,0.7153975252194845
5509,WDR35,1.2338515630434126,0.40538998242816426
3368,RN7SL612P,1.2336757098950162,0.715980675981946
702,HTR1D,1.2336616840035224,0.795494760546599
9693,MLH1,1.2335045415520514,0.3515655833806096
7242,FOXD4L1,1.23235232965624,0.68118008531493
11019,CHCHD6,1.2316996036354697,0.337521757750726
8364,SATB2-AS1,1.2314724631008624,0.5764952912294903
9070,AC107079.1,1.231307167314178,0.7467934387265709
7478,AC013269.5,1.231252607047173,0.7353403569087467
14379,RP11-312A15.1,1.230964989248829,0.8662947824805884
5183,OR2L1P,1.230848723809241,0.8552665593580204
11410,RP11-167H9.1,1.2306622000645704,0.8690613942563049
5405,PDIA6,1.2304843909500094,0.1272222685898293
12068,CCDC50,1.2297548538753036,0.3486568407071126
14815,TRIP13,1.2295397964988228,0.49290483934228413
12792,KLHL5,1.229527986296142,0.4394063152165061
5603,RP11-458N5.1,1.2288873777597986,0.6535931229172154
3952,IER5,1.2287729621969188,0.3162565401834575
5285,AC142528.1,1.227778301641051,0.3893650362377854
13525,DSPP,1.2275465935873389,0.7642953489892284
5006,ADH5P3,1.2274911073102588,0.5067046083351866
8317,SLC39A10,1.2273436795799644,0.572053057598149
2763,LINC00623,1.2272591775099686,0.6362501311523214
12406,C4orf6,1.2271107352030668,0.841971779429385
11979,ETV5,1.2263094866340634,0.5147632493960452
12272,PIGG,1.2262878747264119,0.20145817667403454
12509,OR7E84P,1.2260213849298978,0.8053525067112481
6096,CCDC104,1.2259097162218218,0.3302524583360844
15894,LHFPL2,1.2257976748711499,0.47709577950132787
4698,EPHX1,1.2255642811992196,0.7821769180137376
10108,PARP3,1.2252561573991834,0.49600308917893043
5589,CENPO,1.2250446199504632,0.4109495148408121
9712,AC093415.2,1.2247460119689983,0.47679574880088016
11254,FOXL2,1.2245848626368094,0.7651400765017096
5288,AC108488.3,1.224568459083935,0.5312902163864683
5775,TTC27,1.2243790016627725,0.5857910479051631
6981,NPAS2,1.2243755460372663,0.5596356187305647
12799,KLB,1.2235069353403762,0.8307391825661438
1914,CRYZ,1.223474328538957,0.5354776892702229
9611,RP11-1024P17.1,1.2234642616483102,0.640404484651037
8169,UBE2E3,1.2232994458070217,0.41484668162277905
6456,LBX2-AS1,1.2222963667727904,0.717054385195552
11230,NPM1P17,1.2221134735332877,0.8782881331196062
10927,PARP14,1.2220566658267666,0.7321354447630589
3042,RP11-68I18.10,1.2210431341721057,0.6553890483854555
5684,AC109829.1,1.220954575855858,0.5245521280431298
7170,ACOXL,1.2209342689356557,0.8589211908712768
13817,ALPK1,1.2205118366065424,0.47237411702423204
15900,CTD-2299I21.1,1.2204709139621333,0.7997527562268187
7517,MTND2P18,1.2203382878171265,0.8245943383703445
15291,CTD-2124B8.2,1.220240956354586,0.560694990894282
15446,PELO,1.219960768404686,0.4532946765560253
3730,KIFAP3,1.2195509472711703,0.4927315628726092
8194,NCKAP1,1.219535782063961,0.242474207266887
8208,AC010747.2,1.2193607247109786,0.8795472870205556
8431,TMEM237,1.2190984020854145,0.5392492724540996
14122,RP11-425I13.3,1.2187894749155788,0.585070261832344
12692,MTND3P5,1.2186713242698894,0.8285322532031316
8343,SNORA4,1.2183345194609065,0.7352712475979772
12005,SNORA4,1.2183345194609065,0.7352712475979772
11907,SNORA4,1.2183345194609065,0.7352712475979772
2689,NOTCH2,1.2176919402276674,0.45525246794952545
6170,RP11-355B11.1,1.217450404540041,0.8753847980272447
10490,CADM2-AS2,1.2169198185197105,0.8882579026235151
10849,ARHGAP31-AS1,1.2167998416711747,0.7076723091949089
5065,FCF1P7,1.2164178918427966,0.7026396755387218
11438,TSC22D2,1.2161987859708634,0.3799408760085706
11126,ATP2C1,1.2161701138103869,0.42908042632056476
3889,SNORA63,1.2160250448304026,0.6395366523802958
11904,SNORA63,1.2160250448304026,0.6395366523802958
12585,SNORA63,1.2160250448304026,0.6395366523802958
1129,SNORA63,1.2160250448304026,0.6395366523802958
1164,SNORA63,1.2160250448304026,0.6395366523802958
15339,SNORA63,1.2160250448304026,0.6395366523802958
12002,SNORA63,1.2160250448304026,0.6395366523802958
12004,SNORA63,1.2160250448304026,0.6395366523802958
11906,SNORA63,1.2160250448304026,0.6395366523802958
841,SFN,1.215897705928223,0.7457700872629174
1419,RP5-1109J22.2,1.2155820497474825,0.7719500921279461
13763,SEC24B-AS1,1.2152390765596959,0.42740662497682724
16447,SNX24,1.214791913259855,0.6189662366245351
10708,RETNLB,1.214744112383381,0.8604914190732502
5648,AGBL5-AS1,1.2137727158254954,0.6443716185293149
11877,RNA5SP150,1.2137496349839014,0.8716593032094268
3331,TSACC,1.2136934784153914,0.5149480743162573
10365,EIF4E3,1.2128858812463688,0.7621738282324069
2688,RP5-1042I8.7,1.2128314838333585,0.6325883937051495
10116,LINC00696,1.212807182815813,0.8336561041284261
8176,CERKL,1.2127236654998537,0.762954864080146
15462,CTD-2081C10.7,1.2119446218465864,0.5641364469511667
7060,RP11-332H14.2,1.2117468682718628,0.49489394322234403
15883,ACTBP2,1.211454561587342,0.6050561031191899
8963,PDE6D,1.2112926773808828,0.5041602837344579
1550,PDCL3P6,1.2112451876330244,0.7713886714334037
13629,METAP1,1.210946583817731,0.3890410294349857
14495,RP11-635L1.3,1.210499897894644,0.7482876567057677
7845,AC009506.1,1.2093037860609162,0.6541573176400326
781,RP11-70P17.1,1.209235272705639,0.5198726026152711
3123,LCE4A,1.2090998145381733,0.8793186603687898
12530,RP11-448G15.3,1.2088086547125005,0.6707391378918016
12132,XXYLT1,1.2086585342134815,0.46560444975944604
11174,TFP1,1.2086140290792278,0.7757712443242266
13765,RN7SL55P,1.2085586701845938,0.877648801104293
11875,SOX2,1.2082727765765036,0.6974071560610902
12595,FBXL5,1.208266030856675,0.20455529902904449
12009,RP11-573D15.1,1.208097221903956,0.6650542577297229
16582,IRF1,1.2080894177604238,0.7651791189051866
16223,EIF3KP1,1.2079713578801725,0.7158263060100706
2108,GBP1P1,1.2079442365920783,0.851233695053772
16576,MIR3936,1.2075023248429775,0.7639872922895039
7892,FIGN,1.2074433262266102,0.7708546984736202
3514,F11R,1.2072875942034555,0.7855301080315117
14242,RP11-707F2.2,1.2066741604585662,0.8752406957121889
12355,HTT-AS,1.2063019070682768,0.8179302170280065
14746,LINC01060,1.2062252402960094,0.8636140003440075
748,NIPAL3,1.2061496889064596,0.5146188125194852
14464,MSMO1,1.2059923665485637,0.5652054684866119
4932,GGPS1,1.2059458764658837,0.29367829632216375
5787,FAM98A,1.2058721163754795,0.2947643032240124
5910,MTA3,1.2057484090681316,0.5238430728668948
8666,PECR,1.2053975217095407,0.5374055442478982
5287,RNASEH1,1.204776130307297,0.19521398869640758
4376,SRGAP2,1.2046926924740435,0.5396113351327031
1083,ZMYM6NB,1.2043428908111404,0.36908047501790453
8807,AC114765.1,1.2041362825959279,0.8579432270488545
1704,RP4-794H19.1,1.2039838396852631,0.6294239479617515
1548,RP4-800M22.1,1.2039247379173141,0.5941655923692098
2842,OR13Z1P,1.2037234952948073,0.8794387956044645
10704,KIAA1524,1.2035095532235214,0.5510898335451359
3709,RPL29P7,1.2032177606822125,0.7763322283922962
15290,RN7SL37P,1.2030597897507478,0.8422786406706207
10147,GLT8D1,1.2022034058933428,0.26976888885663824
14596,RNA5SP172,1.2021389658642878,0.8805260802232538
11865,FXR1,1.2015221948632586,0.46290782897146976
16221,LINC00491,1.2014246671170516,0.8751595866089565
3476,RP11-536C5.2,1.2013114847402462,0.6988949335528123
80,MIR429,1.20120321122241,0.7683807146491846
1956,USP33,1.2010322796453063,0.5687245003214184
11412,RP11-278L15.4,1.2003250473356564,0.8811985964109621
9451,HACL1,1.2001061407149596,0.417445933428629
2532,RHOC,1.198896115897159,0.5226970044458028
11193,ANAPC13,1.1988234330647514,0.4286426562293685
11834,GNB4,1.1987511219244436,0.5914706381607193
10096,TEX264,1.1982531644376573,0.24095615546041213
7321,AC012363.8,1.1979475465078442,0.8074054789557472
10887,GTF2E1,1.1978914186068814,0.41642034238743597
10812,ZBTB20,1.197864483010585,0.6990488448361568
11765,RP11-816B4.1,1.1977808206692406,0.7722969683976003
2827,PFN1P8,1.1976385022383589,0.7446545866315968
10248,C3orf67,1.1975640255213362,0.7291167649679806
13457,SEC31A,1.1971820871462457,0.2957352113096987
2878,RP11-495P10.3,1.1970234378045068,0.7175467954833907
11609,KRT8P12,1.19692388417436,0.34592781788324833
6396,SPR,1.1968299874085553,0.5362815311430438
6160,RP11-493E12.1,1.1967876740336922,0.6610230256908161
5859,GALM,1.1963630979361655,0.6782761180809556
13425,C4orf22,1.1960977029784725,0.8263650530750851
11296,ZBTB38,1.1959692962149244,0.6726723106368648
7479,AC140481.2,1.1956668773483032,0.8149568807179501
11722,SLC7A14,1.1956145692834128,0.8358681095946668
5647,AGBL5,1.195192933791241,0.29534688867500375
1167,RNU6-510P,1.1948043243358042,0.7620232046470548
5504,AC019055.1,1.1943605640008184,0.8873058247494181
5662,ATRAID,1.194263867488991,0.21295137282290688
660,LDLRAD2,1.1935628825138382,0.6916057250019554
6343,AC016700.4,1.1934391495667855,0.758870126792399
2063,CLCA1,1.193371886796958,0.8495980195165096
9031,MSL3P1,1.1932965713710142,0.34843276372968446
11312,TFDP2,1.1932423926135325,0.7349888097611423
6460,AUP1,1.1932044931586452,0.34363885738032307
15452,MOCS2,1.193035451302049,0.2638535665869029
10944,CCDC14,1.1922686227566484,0.3730934910237146
16196,RP11-475J5.9,1.1922680012143483,0.8133362325407234
7915,AC009495.3,1.192176727680999,0.8100674463365489
3358,MRPL24,1.1920016054211107,0.2613475280754782
14449,FAM218A,1.1918729863755428,0.8010976407823043
12185,RN7SL738P,1.1917775949826768,0.34687674121442735
5290,SNORA73,1.1916730494018573,0.45777049288363636
14985,RP11-308B16.2,1.1915620294447016,0.8844526136480236
16631,CDKL3,1.1905812153293274,0.4705611782272636
11419,COMMD2,1.1900678847165156,0.5047207907627489
11886,RP11-139K4.2,1.1897053039667378,0.8890166046738956
11579,RP11-379F4.4,1.1894070803113237,0.6157703541678919
10819,ZBTB20-AS4,1.18880678603463,0.744621335544944
10261,PTPRG,1.1886613415180025,0.6518259771455606
1839,GADD45A,1.1886247761026028,0.519519366118985
6995,AC092570.1,1.1885418423561054,0.8057362653643944
7325,MTND5P28,1.188487411227343,0.8002547259597501
3697,QRSL1P1,1.1882512188848295,0.8140008609390769
12313,FAM53A,1.1881207196581882,0.46463932719588763
4871,DISC1-IT1,1.1879489969279187,0.8042968896839784
6862,UBTFL3,1.1878010411542193,0.7952105820318967
13,RNU6-1100P,1.1876279015089424,0.839186137606248
1946,PIGK,1.1875308568959448,0.19472011704124934
9969,CCDC51,1.186566532392097,0.31235228018895655
10859,RP11-190C22.1,1.1865190978746338,0.7447310001938039
11903,LINC00888,1.1864601530949848,0.47896297445017844
5675,PPM1G,1.1860099700621358,0.15559705996062534
5458,DDX1,1.1852860928741726,0.49919123494202
8491,ABI2,1.184747187359212,0.30828578811108515
10621,TMEM45A,1.184555428696172,0.7690787700998656
1297,ATP6V1E1P1,1.1844259917352935,0.566296821853056
11039,RUVBL1,1.1843905501356473,0.2901294250192309
11034,ABTB1,1.1840979337289301,0.6401527451034331
8190,DNAJC10,1.1839381273359981,0.31060692576829363
6474,POLE4,1.1839095949544427,0.5556588407937881
2403,WDR47,1.183857715934438,0.6103682161045834
11859,CCDC39,1.1836230780609218,0.6822803582926877
15982,SCARNA18,1.1827739452194737,0.8617101163064214
801,SCARNA18,1.1827739452194737,0.8617101163064214
9312,ARPC4,1.1827581440435118,0.48974121478203925
1802,RP5-1044H5.1,1.1827540405046366,0.8935060020141026
2703,SRGAP2C,1.1827057508014756,0.5735291471975009
3095,S100A11,1.1825201268111385,0.46902577267936196
13558,TIGD2,1.1825003891154733,0.5043167297004465
3986,SHCBP1L,1.1816848463807987,0.8049427861628944
14958,CCT5,1.1815151232821288,0.46802459899226523
7552,CDC27P1,1.1814567021381839,0.4780345635086952
9326,EMC3,1.1812633655013718,0.4148047277218081
7424,AC079586.1,1.1812346545368757,0.9009860065135447
6253,ACTR2,1.1797508250548863,0.3334338114864523
12612,LDB2,1.1796388968337868,0.8996765988186798
8568,AC096772.6,1.1794835387374456,0.6080391933042396
4950,LDHAP2,1.1793758844551534,0.6159500391854926
3271,GBAP1,1.178988585439812,0.5865945165322728
11366,PLSCR2,1.1789142683973193,0.856502683315589
4631,RP11-378J18.3,1.1787184912555513,0.515845142718405
698,LUZP1,1.1784647524521088,0.33289707009257885
5286,AC108488.4,1.1783584594137477,0.5944903851491719
6757,IGKV3D-20,1.1780957349678927,0.8737128282763303
8538,AC010731.4,1.1779540218816977,0.8517756188513146
14266,FAM160A1,1.1776484482035159,0.7417096085047996
3940,XPR1,1.1776371253071436,0.536263537483244
2881,RP6-74O6.6,1.1776060695310528,0.838516455523381
9184,DTYMK,1.1775646530415633,0.5455628755230317
12000,EIF4A2,1.1774173076397962,0.7043782152377142
8285,HMGB1P27,1.1773053962331212,0.8072546225098418
11702,RP11-362K14.6,1.177303240933539,0.7627850074222488
16185,GUSBP8,1.177206631045568,0.846419826271887
15224,CTD-2218G20.2,1.1771676135097358,0.8605162324502754
4226,IPO9,1.1770863694568976,0.38803359592058884
9453,ANKRD28,1.1769642549522208,0.6875589155540063
9420,GRIP2,1.1765963474326484,0.8174247751870529
11940,ALG3,1.1763895846112753,0.33566842403558433
14512,MFAP3L,1.1763359618920624,0.6260891655570399
5974,PIGF,1.1763152922931734,0.3695360715574611
15587,ZSWIM6,1.1762345650717103,0.4612827662643729
12618,QDPR,1.176147830045362,0.6196836326781996
1641,TTC4,1.175712964120899,0.2359934831437745
5175,OR2W3,1.1755477978168267,0.8935414474499154
11401,HPS3,1.1752352604900345,0.4807482471812847
9344,SEC13,1.1751654330007162,0.1426024081006778
9728,SLC22A14,1.1751088688539055,0.7676513820820464
11810,RP11-114M1.1,1.1749978379822108,0.8415672006102687
7855,RMRPP3,1.1747627760402053,0.8953990679873168
1318,HYI-AS1,1.1744199793133336,0.7960189967400846
13043,NMU,1.173994070405188,0.8521511622175726
9413,AC093495.4,1.173984741055244,0.5868176981596986
13738,RAC1P5,1.173466868108628,0.673171432847449
13469,COQ2,1.173401341067617,0.2091774372855857
13686,CISD2,1.1732837309728945,0.3870185693679608
7399,GPR17,1.1732388889864367,0.8600631576087796
7819,PTP4A1P1,1.1731097472239291,0.853748734492063
3805,PRDX6,1.1726129992273775,0.3770787406251749
5579,AC008073.9,1.1724596578953175,0.8069111941393747
13903,RP11-548H18.2,1.1719949501685865,0.7298257752041606
7352,MKI67IP,1.1719827875833482,0.35542267226922464
6178,CCT4,1.1718580187719754,0.4762609341647279
15966,ATG10-AS1,1.1714629296833792,0.863890496647746
1178,RRAGC,1.1707341814099397,0.49675536646637997
8512,AC007362.3,1.1704598900913141,0.7411625694777382
8988,AC073254.1,1.170138194897307,0.43306446738706006
1410,POMGNT1,1.1701341612302325,0.4340925986756985
647,RP11-293F5.8,1.1696321229657136,0.9001288772216041
13209,RP11-813N20.3,1.1693319168611316,0.8948748560453326
462,TMEM51,1.1692206131322351,0.5220773688156906
11265,RP11-319G6.1,1.1691237795699394,0.7477626654819894
7343,AC013399.3,1.1690577857388842,0.9061392858204882
13809,RP11-477G18.1,1.1690547525355397,0.756134532532276
13559,RP11-84C13.2,1.1689504272014462,0.7127229661916206
5687,CCDC121,1.1687746125887777,0.6909886055642207
9422,RHBDF1P1,1.168567275993995,0.7463008153472099
9863,ZNF502,1.1678523805471233,0.7292090843154964
12456,ACOX3,1.1674128036657991,0.6077953491114002
6510,RP11-601H16.1,1.1670144253922419,0.8984637873153962
12279,MYL5,1.1665951470612488,0.7215881508042359
484,PLEKHM2,1.1664428217294691,0.40345688971384763
3896,RP11-345I18.1,1.1662123492833956,0.876203648350332
10298,PRICKLE2-AS3,1.16610080635095,0.8196385050641948
5725,CLIP4,1.165566466054589,0.6723575403459587
12984,RP11-177B4.1,1.1643281203594473,0.8317130754678153
1049,ADC,1.1641749178746141,0.6439039615638944
307,PIK3CD,1.1640994117838765,0.8360634897348611
14998,TRIO,1.163982881551172,0.5340992451758879
7445,SMPD4,1.1639465043482948,0.27201765492314295
11599,IFT80,1.1638274121874244,0.4791464347817761
6989,RP11-299H21.1,1.163621918768495,0.6699187613724583
5514,AC098828.2,1.163532837828591,0.8344361335369263
15436,HMGB1P47,1.1633375192554416,0.9004900565746445
12921,CNGA1,1.1632147287811312,0.855763282699057
11185,HMGB3P14,1.1630142787209348,0.6943732756120703
11427,RP11-651P23.5,1.1630070565862063,0.6755014145394571
5649,RP11-503P10.1,1.1626565187075644,0.6927481763770795
14307,RN7SL419P,1.1621885017086433,0.900463560583986
7537,AC103564.9,1.1621666468794933,0.8500281539267689
1549,RP4-800M22.2,1.1617602993401464,0.765252565626767
15833,COL4A3BP,1.1613954826140245,0.7624879592079917
5606,AC012074.2,1.1609367003714894,0.7703394608676937
3181,SNAPIN,1.1607613674539206,0.16428867017638987
9682,NBPF21P,1.160690314786227,0.8384010917860635
2436,GSTM2,1.1603659818496692,0.7460518283236812
6323,RN7SL604P,1.1602273503655207,0.909249304567874
10087,RP11-646D13.1,1.160020060633028,0.8678208790059572
4755,WNT3A,1.1588744974533751,0.8855856403578983
1162,RP11-109P14.8,1.1584977882317822,0.7256755456030778
5291,COLEC11,1.1584326362137403,0.8306903550436083
4271,CYB5R1,1.1580973955582685,0.449235555198494
4657,CICP5,1.1580590131076616,0.7288715944196078
3196,RP11-759F5.1,1.1577977820281573,0.8737832816509119
7129,SEPT10,1.1576709559437635,0.5111658729443453
4992,KRT18P32,1.157528147571017,0.7736178397128238
7799,GPD2,1.1575004332892105,0.6726185319610815
12229,RP11-803P9.1,1.1574966695248798,0.7578522834028316
15746,RP11-136K7.3,1.1574679863557567,0.9040037420819346
14747,RP11-756P10.1,1.1570155018253003,0.8936340666398621
16443,SNX2,1.1566874796570077,0.7595787835211109
11899,LAMP3,1.1566394793982595,0.8216722771469668
5361,ITGB1BP1,1.1566222020671981,0.5001247328603682
9154,AC011298.2,1.1565774378551397,0.7181960222930543
14570,RP11-598D14.1,1.156307817812217,0.9126217804632294
9537,THRB,1.1561751816442245,0.7996805529271349
3295,MSTO1,1.155943052256675,0.40425358301008685
8347,HSPE1,1.1554563625837941,0.32504935961243125
3972,LINC00272,1.1550569179488421,0.8641137003032191
1390,PRDX1,1.1550325769464882,0.6646920771785312
719,RN7SL532P,1.1547214838799595,0.7306384750477328
2435,GSTM4,1.154630583660883,0.767990640381863
11937,ABCF3,1.1545238839691587,0.5330004823308422
7216,CKAP2L,1.1544370145825138,0.6107208309336328
4188,LINC00862,1.154221080118276,0.8979242074842195
10706,DZIP3,1.1538824546981854,0.5558547968634425
7987,DAP3P2,1.1532816824021404,0.7085091964356295
12400,LDHAP1,1.1532649975911375,0.685398046084396
4654,TP53BP2,1.1531919418642527,0.5534888447923889
6603,TMEM150A,1.153045234821413,0.6407395123630315
11051,RPN1,1.153014701024669,0.183724864386685
1547,RN7SL788P,1.1528501051028972,0.8698117202407754
283,ENO1,1.1526361132509868,0.2570493042727839
10567,OR5AC4P,1.1525222583797832,0.9081745646390849
6196,EHBP1,1.1524604627195951,0.5974478561769573
12356,HTT,1.1523435362243997,0.5921648992601984
7978,GAD1,1.1522884495398389,0.8847138188822103
1197,RP11-69E11.4,1.15215178180611,0.7688232703037274
6973,PDCL3,1.1521077058726543,0.3142472993640844
4582,IARS2,1.1520791906657606,0.4327567269788837
10908,ILDR1,1.1509506044709659,0.8833959160987059
14269,RP11-164P12.4,1.1503173813567615,0.8121445588158928
12328,C4orf48,1.1501584702176617,0.7741168718368115
5917,FTOP1,1.1500857181345387,0.8902337633537871
2759,SRGAP2B,1.14957305261393,0.5954335900613023
3880,RP4-593C16.3,1.149048596566877,0.7391209034884445
5502,AC010096.1,1.148911286399179,0.8791418967342672
1239,RP11-656D10.6,1.1487258634412847,0.7278021384002403
3210,RPS7P2,1.1484619144957722,0.9068808364526915
8345,COQ10B,1.1483894281407416,0.1806040970685788
15386,RP11-447H19.1,1.1482433590402739,0.6742239638234697
16583,IL5,1.148001010331513,0.7755111561334163
2119,RN7SKP272,1.1473276098183856,0.8575411710658827
2804,ANKRD35,1.1471841904051272,0.8465050067199882
5313,AC010729.2,1.1467394329595328,0.9159123819724799
9087,SCLY,1.1466543753735106,0.5453047390912399
7408,SAP130,1.1465212029742422,0.5828405632251361
11607,KPNA4,1.1459735766461467,0.4579046909681933
12113,ATP13A3,1.1459217009275435,0.5276898517547295
3227,RP11-350G8.4,1.145881934257224,0.9101741991935967
4514,RP11-348H3.2,1.1458617566070408,0.8227592686401102
5029,FH,1.1458428519565989,0.6088148641468113
10065,HYAL3,1.1457019716678967,0.5075968706355632
8882,AGFG1,1.145632711463908,0.6603304058636197
12850,RP11-124A7.1,1.1455177721115601,0.8794007227569973
6469,RP11-259N19.1,1.1454497334205265,0.6553802530814188
3714,RP4-800F24.1,1.1454255853968547,0.9127289612868535
5284,ADI1,1.1452814936051525,0.3878191447540339
11534,ALG1L15P,1.1451875254754842,0.6851499816827429
12120,TMEM44,1.1451383796298975,0.6499796015847157
11059,RP11-221E20.5,1.1448932409819796,0.7596103257025546
12857,HMGB1P28,1.1446060342516673,0.8708404486055433
6602,RNF181,1.1445323774713612,0.4811353414422538
8566,CCNYL1,1.1445065610907466,0.6106073475132516
15879,RPS2P24,1.1441277436064372,0.8213539538334379
10773,GTPBP8,1.143988682376392,0.6265011885509741
13632,RP11-571L19.8,1.1433850492968598,0.7015410896468599
7620,AC097721.2,1.143375004197642,0.4806669582685227
13353,SCARB2,1.1433266730722846,0.6911150468935207
16149,CTD-2215E18.1,1.1433158595273516,0.8141105154888578
8064,ATP5G3,1.1433002751828607,0.3153974789541436
12304,CTBP1-AS2,1.143227904698847,0.7003182966232842
10528,PROS1,1.1431432869509972,0.7148592099793434
12455,RP11-774O3.3,1.1430686668902683,0.8326801675371056
14620,RP11-402C9.1,1.1429721162363247,0.9133319277504295
15009,UQCRBP3,1.1428510982758693,0.8482101975837477
9650,GLB1,1.1426342058390961,0.2910757538642023
11220,RP11-731C17.1,1.1425478270807101,0.8343879199836814
1312,ELOVL1,1.1424084193235882,0.33271796455512603
4035,GS1-279B7.2,1.1423728133525917,0.8036070618305466
7841,BAZ2B,1.142089312029481,0.5822404408352224
15387,CTD-2636A23.2,1.1418260941453113,0.8316655994443296
9833,RN7SL517P,1.1412961194394426,0.8708700993854585
11744,TMEM212-IT1,1.1411937935005756,0.9142944270777272
2498,RP11-552M11.8,1.141160818132636,0.772725497380654
15813,HEXB,1.1409835385863767,0.5850678528414268
5697,RP11-674I16.1,1.1406489515381584,0.7467304018254188
5186,OR2L5,1.1405559248722963,0.8856083928122225
13372,RP11-123J14.1,1.1404577240827294,0.9104110047204862
14843,MRPL36,1.1401760554987033,0.6292955471608129
8488,CYP20A1,1.1400086626225698,0.41128303889614237
2404,RP5-1065J22.2,1.1399011992870172,0.9098051831059344
1179,RP5-864K19.4,1.1398393296648806,0.7382221427651099
13669,SLC39A8,1.1398008742413108,0.7296389480384091
220,ICMT,1.1396947558157309,0.4694917113292608
1329,IPO13,1.1395651966918878,0.5260037814234424
1546,ZFYVE9,1.1394830946333938,0.5950410342887948
3798,GOT2P2,1.1389193184299535,0.6392279241065701
9932,PTPN23,1.1388781743679524,0.5481699242440141
16174,CTC-463N11.1,1.1386605766754707,0.7918531208056097
10010,CCDC71,1.1385304009144273,0.5196675112833414
3497,RP11-528G1.2,1.1381571362693106,0.8772447876562
5734,YPEL5,1.137977868979488,0.6793622446936369
7710,ORC4,1.1375473750244531,0.5720963295232067
9069,COPS8,1.1375411383596206,0.5945356638275088
4705,NDUFA3P3,1.1373265576999507,0.9201068553544713
15834,CTD-2235C13.1,1.1371772591326554,0.8176099191814232
5536,AC012361.1,1.137087389540545,0.9207644469946089
8089,MTX2,1.136882159270599,0.1787259996090246
13624,TBCAP3,1.1366227617679923,0.8668286924872346
13230,UGT2A3P7,1.136580324434269,0.9195565393603637
11924,HTR3D,1.1365626522904484,0.8871001246271575
218,RP1-120G22.11,1.1364859388936872,0.8397819663960853
2956,RNVU1-20,1.13612855203218,0.7645837626663732
9980,UQCRC1,1.1359975034315368,0.5757878796434448
14280,RP11-18H21.3,1.13575689986934,0.8517747930950829
12294,RP11-460I19.2,1.1357089750556444,0.8958129554313501
1528,SLC25A6P3,1.1357088596715779,0.9147271073960913
2847,BCL9,1.135116038692182,0.6747615879037934
10617,NIT2,1.1348549874168667,0.3391017351918975
4867,TSNAX,1.1347808104338537,0.5738243259553967
9358,ATG7,1.134656818353332,0.5249487322340729
6582,RETSAT,1.1346452210627216,0.49603184775770215
3684,DCAF6,1.1345429277818375,0.5930741387519138
6831,MAL,1.1345354914554004,0.8649259606724127
3043,SEMA6C,1.134158715789487,0.7432715426975766
8279,STAT1,1.1340936474366603,0.6473583711075841
624,MUL1,1.1340715866967699,0.22658050562510673
3026,RP11-235D19.2,1.1339579712628414,0.8287245988031545
9171,AC104841.1,1.1335400376059088,0.8759519608946362
5282,TRAPPC12-AS1,1.133522122853158,0.7492718354199477
12179,TM4SF19-AS1,1.133079705151205,0.7046978785561842
4748,SNAP47,1.1330275817737916,0.3369401595506628
3923,TOR1AIP1,1.132889222329674,0.5905481563930628
9311,TADA3,1.1326092694735659,0.5185693639513073
7387,ERCC3,1.1324678971168605,0.267609773922088
11842,NDUFB5,1.13223271856287,0.7407629039457356
10993,FAM86JP,1.1321180905533261,0.7345397806906326
8266,AC019178.2,1.1320091536722714,0.8766537382152311
6174,RPS24P7,1.131971112545789,0.8352284029895085
268,RP11-431K24.4,1.1318277172005955,0.8522824090846278
6440,DCTN1,1.13179004093094,0.5468791619793376
3780,RP4-612B18.1,1.1317577578764089,0.857304568502226
11070,GP9,1.1315811255642785,0.8397792194501037
628,PINK1,1.1315713733568271,0.6658913620631468
13869,ACTN4P1,1.1314973403660307,0.6936184642750505
1765,FOXD3,1.131302135646899,0.889566934899241
3179,RP1-178F15.4,1.131045223135015,0.7800749553800164
7909,MAPRE1P3,1.1307611526697614,0.926896089050492
5865,DHX57,1.1307127690714394,0.6100820674143521
5674,ZNF513,1.1306417842235696,0.6872196221236547
6404,CCT7,1.130301599112568,0.4601336912606583
3816,DARS2,1.1302383683775257,0.6037636189621096
920,PRDX3P2,1.1297787791570977,0.663284637771096
1051,ZNF362,1.1296310632985915,0.7362931901036192
2728,ANKRD20A14P,1.1295245410952817,0.8245675610764011
5570,C2orf44,1.1292828884911201,0.63459286488222
5646,TMEM214,1.1288615356433696,0.549827373959633
12200,PIGX,1.128521403932369,0.6478259105624806
11833,AC007620.3,1.1280341493775254,0.7225235406736095
6578,AC093162.5,1.1278854699438428,0.8741418093096066
257,UTS2,1.1272064759031903,0.8936060151798316
11580,MFSD1,1.126681290454307,0.5167358622778069
6921,AC159540.2,1.126213826071025,0.9021598080135423
11741,PP13439,1.1261180722285786,0.8324815891725492
7326,AC012363.4,1.1259306526993786,0.8987811139518849
4116,GLRX2,1.1257014724865668,0.6615839590613144
15346,CARD6,1.1254710366610368,0.7538028967929838
3716,CCDC181,1.1251789480712067,0.8768989620344962
7000,MAP4K4,1.1250720027940584,0.6672144041338272
6058,CHAC2,1.1246937138309978,0.7597619376127527
9255,ARL8B,1.1246339485280377,0.4357868456168499
1807,RP4-630A11.3,1.124616411152487,0.8057170592106017
2386,NBPF6,1.1245790410520549,0.9243557277353105
7349,AC018737.6,1.1243019117999586,0.8571509495791111
890,SCARNA1,1.1239082761289516,0.7848933572856239
221,LINC00337,1.1232016544850978,0.7857411349079286
16588,AC004237.1,1.1227345493606438,0.8139635832884529
4119,B3GALT2,1.1223230006629639,0.9229531254622275
5228,ZNF672,1.122318842031246,0.710729203896595
10534,DHFRL1,1.1221424966089453,0.6830054277184423
16260,GJA1P1,1.1221180897254184,0.8630992374446946
13174,RP11-35D5.1,1.1220091718541412,0.9118578265837095
11812,RP11-2L8.1,1.1218210599416902,0.9165276092624819
6506,AC105399.2,1.1216576621065097,0.7504003468455828
6850,TRIM64FP,1.1210125564988993,0.8873578928294686
3324,PAQR6,1.1207066476993315,0.856408285452742
5277,AC019118.3,1.1203447353962934,0.8202476642023068
9620,OSBPL10,1.1201809739400608,0.7906765183854277
5363,IAH1,1.1201329447101285,0.7244511827752502
8520,AC007679.4,1.1192276700659896,0.9263647577559078
8085,AC009336.24,1.1191052442898999,0.879296852861565
8395,NIF3L1,1.118906797637149,0.35234553484714426
10341,ARL6IP5,1.118738528688162,0.603723595685256
5652,OST4,1.1184550052954154,0.48765879764609565
11361,RP11-274H2.3,1.1182594365397935,0.8677317730648808
11987,DNAJB11,1.1181472394282577,0.6478299637852893
12420,RP11-539L10.3,1.117848826707508,0.7361566013691838
3702,RP4-738P11.4,1.117439904890937,0.9235685780077705
5311,SOX11,1.117118511631832,0.9079360354773689
8616,LANCL1,1.1163891221999043,0.452185131399236
6321,RP11-427H3.3,1.116255264674877,0.5758924307056131
5872,AC019171.1,1.116247841302135,0.9304764058796308
11463,IGSF10,1.1162444257219355,0.8930837696779379
10774,C3orf17,1.11623653772463,0.537121032392051
4228,RP11-307B6.3,1.116200392340442,0.925676484048867
6294,PNO1,1.1161964781693667,0.7030550849988003
6402,SMYD5,1.1159048688660258,0.4815019984077161
11687,RP11-368I23.4,1.115888634567426,0.9320079518298573
5828,AC007390.5,1.115835031204966,0.47271078995983384
7093,AC096669.3,1.115533786021648,0.8685669808014698
9498,KAT2B,1.115442019554614,0.8371783400585334
6653,LINC00152,1.115305470334648,0.7712540083230569
6990,CNOT11,1.1152571433637977,0.5067709960403044
12849,LIMCH1,1.1151740993887367,0.880466259041341
9930,KLHL18,1.1150794615316215,0.7009525853962799
2708,RP11-344P13.3,1.1150091864420608,0.852358920174956
12685,RP11-302F12.3,1.114466794535159,0.9275214267052583
11457,P2RY14,1.1143048443902774,0.909509824430042
11444,RP11-103G8.2,1.1142969248043675,0.7971012238918014
14904,RP11-332J15.3,1.1141415310788665,0.8081314697856433
2355,RP11-97C18.1,1.1140735211777038,0.8541674785449138
13865,MTRNR2L13,1.113946699982411,0.9269142958236467
10009,RP11-694I15.7,1.1139339808704873,0.8089287330590844
5829,CEBPZ,1.1139002498118291,0.6534726081987294
8987,EIF4E2,1.1138506359745128,0.13453974860024015
14492,RP11-610J23.1,1.1137349139967279,0.8992252733277171
4957,NID1,1.1132032158293501,0.8833250673166069
16242,CTD-2285G11.1,1.11297307104757,0.9333204244192865
11529,SLC33A1,1.1129437511094404,0.6887331427600483
8144,RP11-65L3.4,1.1127334033916034,0.8365607095100545
12788,TLR6,1.1127268231119427,0.7930104222229716
6879,CIAO1,1.1124217922353568,0.45445545335970206
8084,HOXD-AS1,1.1123779601222143,0.8260406961460662
11200,RP11-657O9.1,1.1123693788943982,0.8684093162866717
2034,C1orf180,1.1122761506994319,0.8962452663574849
7499,MED15P8,1.1120265186064782,0.9255014480660273
1082,RP11-244H3.1,1.1112719457169347,0.7123013257062949
12793,RP11-360F5.1,1.1112053639414343,0.8364262824034449
5686,ZNF512,1.1111321250432804,0.6725918537928709
10343,FRMD4B,1.1111313672707648,0.8322356813028962
4605,C1orf115,1.1110851332601337,0.8260934703305021
10401,PDZRN3-AS1,1.110738567989838,0.9205378007558608
9444,METTL6,1.1107298443346403,0.4900428562279876
4383,EIF2D,1.1103812414264775,0.46528159255260504
10648,RPL24,1.1102696222969903,0.5456102247580273
8199,AC064871.3,1.1102141573890083,0.9356052311935396
4635,AIDA,1.1098735890567133,0.4199734459271691
3090,THEM4,1.1097131363787396,0.8184506317167323
10598,CTD-2021J15.1,1.109446416546767,0.8491415433327723
15028,ZNF622,1.1093763638613698,0.5717119693877445
16010,CTC-534B23.1,1.109330793448106,0.7208687628643142
12930,ZAR1,1.1090546805351238,0.8646981133151529
7494,FAM168B,1.1090375852721281,0.2003267848512801
6628,CHMP3,1.1090210980186042,0.5566606917827345
8738,STK36,1.1089492949630508,0.6455963829538298
13651,H2AFZ,1.1086449270459295,0.6603792435110993
5679,IFT172,1.1085322056349731,0.6572932742345665
8408,CFLAR,1.108410302084304,0.7304688438716898
8377,KCTD18,1.1082683171408452,0.5001554716272951
5167,OR14K1,1.1082054078715435,0.9289715398620657
14127,ELMOD2,1.1081238622252765,0.5868334994921212
13026,KDR,1.1080238797265312,0.9345705410961027
6662,AC108479.1,1.1079420910434827,0.9368610591152956
2190,BCAR3,1.1079350514461475,0.7474826910622304
6014,RP11-191L17.1,1.1078825365604648,0.7672749708553439
1141,ZC3H12A,1.1075569590164396,0.8498358244849401
11435,RP11-167H9.5,1.1073260561421752,0.895615327623039
8253,ASNSD1,1.1073255832490314,0.5823712256400377
5281,TRAPPC12,1.107305226729917,0.48407307176806014
11022,C3orf56,1.1070509919432574,0.9040244525773731
7324,MTND4P26,1.1068743810593442,0.8800684516471657
3700,RP4-738P11.3,1.1067988581464903,0.9186190917795178
4643,TLR5,1.106663542989973,0.877683466721476
5505,CISD1P1,1.1063579634365255,0.7288825500613967
4257,RP11-569A11.2,1.1062843692637925,0.9302298041619447
7411,UGGT1,1.1059187930239873,0.5514151584501648
11862,RP11-259P15.4,1.105857172051519,0.8078879620290925
281,RP4-633I8.4,1.1058298321424818,0.8694696793202461
13150,RP11-396M11.1,1.1057667388023138,0.7898349489015231
14954,AC034229.1,1.1056849856119424,0.8612112088911479
4233,RNPEP,1.1052246896915265,0.4971833452904929
3568,RP11-456P18.2,1.1051136175310914,0.6998569017818229
11180,RAB6B,1.1050236481988427,0.8193905645301861
3303,SYT11,1.104880839834845,0.8913065258941677
13771,CASP6,1.1044316476701517,0.5594488118858971
11935,DVL3,1.1043424902820496,0.7108130607566161
87,B3GALT6,1.1041220205204862,0.7081468241749608
14426,TKTL2,1.103980125964265,0.9132854094727133
12291,SLC26A1,1.1038285451714873,0.8255049084018965
9933,SCAP,1.1037041641541165,0.552684887622155
11120,COL6A5,1.103664333688259,0.8517735949542848
14713,CYP4V2,1.1032232184715745,0.723158530238468
8764,FAM134A,1.1028676449353474,0.7348461742388122
11224,NCK1,1.1026568752104895,0.6404929954568641
2271,SNX7,1.1025696503117943,0.5738475741835016
11929,HTR3E,1.1025004778722804,0.8217876151137732
1589,RP5-1024G6.7,1.1020640882005461,0.7642888234654284
12933,OCIAD1,1.1019365291739802,0.5326154055094727
11148,RP11-64K7.1,1.1017676914458865,0.7458915744047763
7291,AC009303.3,1.1014782860152974,0.8882256962252657
12567,NKX3-2,1.101357217740142,0.865795723508102
4829,RP11-108F13.2,1.1007660838734183,0.7981489598068852
9656,SUSD5,1.1007283162831165,0.8524842850972438
9579,AC098614.1,1.1005115965235606,0.8977455326305442
1778,CFL1P3,1.100467958345421,0.898685128003292
695,RP1-184J9.2,1.1002509035817918,0.9086120597330174
1377,UROD,1.100082868031652,0.7383507414458454
12902,GABRA2,1.1000382981681343,0.9316585283189314
2400,SPATA42,1.0998370666553035,0.9009606299752717
8771,STK16,1.0998310368342816,0.6077907571768286
10870,RN7SL762P,1.099684287907009,0.8696741901620538
9030,HJURP,1.0994926024807998,0.6966544654334637
16622,VDAC1,1.0994281130367052,0.525108648622894
14502,RP11-327O17.2,1.099282442151604,0.8901425744930845
2960,RNU1-68P,1.099120500738147,0.872662580973165
14975,ANKRD33B-AS1,1.0990604915985294,0.9135517139558129
1220,CAP1,1.0990240332480408,0.5058965612183433
1303,EBNA1BP2,1.0990235523998941,0.6410874101896413
16253,LINC01023,1.098998259239796,0.7536322357440745
13892,SEC24D,1.0988432140795734,0.7160430742424614
7058,TGFBRAP1,1.0984873807249576,0.4799167347158614
12358,RGS12,1.0983032508881097,0.800226677364544
1602,DMRTB1,1.0982547906640658,0.9158929652048129
13557,RP11-84C13.1,1.0981390326896456,0.7680905583580314
10890,STXBP5L,1.0981335151765295,0.9135737962889783
11598,C3orf80,1.0978107828084733,0.8550436155968808
10387,PSMD12P,1.0973788370734334,0.6878897268941198
10852,POGLUT1,1.0973658068847885,0.6717849524134908
12318,TACC3,1.097205410712409,0.7340203446526403
4774,HIST3H3,1.0971739327150825,0.8462609158871383
15505,IL31RA,1.0970047403486525,0.8880148810394789
4975,MT1HL1,1.0968689601008608,0.9134504875438545
12206,NCBP2,1.0966473551468767,0.650647362945461
8001,AC104801.1,1.0965781764275166,0.8847231370096614
11539,RP11-305K5.1,1.0963647962419372,0.8316261937328553
8420,STRADB,1.0963508293616313,0.7631817133709009
7951,FASTKD1,1.0958649700874277,0.7954674816728825
8737,RNF25,1.0955848324023305,0.6554304165130599
9185,AC133528.2,1.0952097734385056,0.7315080111517407
11300,YWHAQP6,1.0950090560920724,0.7954522852347827
2197,CHCHD2P5,1.09440580671328,0.9425304993667742
7981,GORASP2,1.0943805820406822,0.5404531975343109
8346,HSPD1,1.0942731504838783,0.6882225203048637
4451,SERTAD4,1.0940170672066352,0.9115247724097673
11255,C3orf72,1.0937487790497498,0.8898923919033581
2936,RNU1-143P,1.0936512481715508,0.8740070132276215
11503,DHX36,1.093482408806652,0.6893253905089002
1971,RP11-386I14.3,1.0933644575679584,0.8844382276746408
11574,GFM1,1.0932260597016228,0.7736252377657982
8713,RP11-378A13.1,1.0932126672971514,0.6139254523192988
13909,PDE5A,1.0929122627656862,0.8900612410936548
16634,CDKN2AIPNL,1.0926469811859114,0.6133197230092831
86,SDF4,1.092646877303837,0.5809659529953571
15105,GUSBP1,1.0926325431713577,0.7854379094139694
12236,LMLN,1.0924307200322936,0.8287004991494337
13799,LYPLA1P2,1.0920216884558371,0.8813051163428098
10153,ITIH3,1.0916133123532,0.8895743270765909
7567,AC011755.1,1.0909970732778498,0.8974167604764283
15651,MAST4-AS1,1.0905451579625471,0.8128661557508662
6445,WDR54,1.0904929420192262,0.7757604114702559
10688,RP11-446H18.1,1.090236814664484,0.9068841092181057
4484,RP11-565J7.1,1.0902017804688209,0.8414708012582369
14224,ARHGAP10,1.0896859692680836,0.7077499504227704
3917,RP11-12M5.1,1.0892593318732888,0.8767076052370395
8605,RPE,1.0891747581679374,0.6201504024726492
7836,TANC1,1.089093955865024,0.7233162385614147
14632,RP11-335L23.5,1.0888814575923678,0.8394223940124489
13997,FOSL1P1,1.0887587443842743,0.8782094721937606
6180,COMMD1,1.0885812033967062,0.7456979448778049
11253,RP11-548O1.3,1.088561184230262,0.904912039628738
4531,PTPN14,1.0883402257080588,0.7388322107337013
8111,NFE2L2,1.0882716646330948,0.7023961300708116
2158,EVI5,1.0880586790017992,0.6717570011542295
3825,RC3H1-IT1,1.0880473805558595,0.9145209783557866
485,RP11-288I21.1,1.0878665471084155,0.7811214899728268
14114,MGST2,1.0878162353640168,0.80531461721544
3225,ATP8B2,1.087649648581875,0.8239849064112112
10785,SPICE1,1.0874937388469148,0.743434288519627
13509,AFF1,1.087176783698937,0.773683351028166
12419,MRFAP1,1.0871642352842952,0.4861066961326732
2432,AMPD2,1.0870306378523338,0.7446983113139609
8374,SPATS2L,1.086976537760519,0.7144879171096372
13674,NFKB1,1.0868163380251792,0.7402144125850603
16481,RP11-257I8.2,1.0867963301878876,0.9539190864836249
630,DDOST,1.0867856076227775,0.588530675382078
3318,LMNA,1.0866078106026147,0.6960149351114513
7984,METTL8,1.0863795446255593,0.7541972120448022
10324,SUCLG2,1.0861834213183021,0.6783652995557088
3875,RP11-568K15.1,1.086139863496763,0.8577999740293821
13986,INTU,1.0860277714138795,0.8404844480341096
6371,TEX261,1.0859188988849366,0.6530046972209833
9391,CAND2,1.0857249617179714,0.9268525444143175
3953,RP11-309G3.3,1.085634748554325,0.8212126030081297
12389,TMEM128,1.0855981687912943,0.6566509007368977
7151,LINC00116,1.085271709140017,0.7510845045932142
4884,PCNXL2,1.085112330355928,0.6993501984643067
867,CD164L2,1.085085472673445,0.9210066240698137
16161,RP11-72K17.1,1.0850024431270298,0.9464987086875121
10597,RNU6-26P,1.0849376276156044,0.9100504626851824
5171,HSD17B7P1,1.0846916417803616,0.9430375603378507
7071,AC092106.1,1.0846556066564093,0.7956187880373516
9533,NKIRAS1,1.084600432348971,0.7802789430979283
9170,HDLBP,1.0845075867862901,0.5567608792360431
8786,RP11-316O14.1,1.0844996017895265,0.8946778733839149
13782,ELOVL6,1.0842944715055938,0.8169621308611924
10036,RP13-480C15.1,1.0837279434062412,0.9448940348458622
14505,C4orf27,1.0834620171078173,0.7446298749164579
7512,MTND4P21,1.0832674278583438,0.9557095379500264
6286,ETAA1,1.0832615333264408,0.70359202725817
2021,RP11-486G15.2,1.083239642544107,0.817357019490486
1115,ADPRHL2,1.0831609402395885,0.6029217142830513
13491,WDFY3-AS2,1.0831033903295098,0.7708007986887115
4923,RP4-597N16.4,1.0830716034027004,0.9074692029350337
4740,TUBB8P10,1.0830479944974312,0.8965854921348879
6887,KANSL3,1.0830414392007324,0.4621009252359507
16064,POLR3G,1.0830180892755104,0.8761634586741522
15017,CTD-2313D3.1,1.082722926742135,0.8882522735679992
11,RP11-34P13.14,1.082499168968224,0.8772121341992123
8759,RP11-33O4.1,1.0824830525711422,0.5805183250320951
7190,ANAPC1,1.0823147779545184,0.5640235397767304
3931,QSOX1,1.0821299502151027,0.8086630816550208
10137,SMIM4,1.0819917206562115,0.7205436409325161
7825,PKP4,1.081962401476432,0.7309048974151908
2465,LAMTOR5,1.081876683926675,0.5989605158308162
8683,PSMB3P2,1.0818389485458357,0.894373363252019
15204,CTD-2206G10.2,1.0817933440556649,0.8174443330597433
14113,RP11-308D13.3,1.0813720264903872,0.9434048002040423
8473,AC009960.3,1.0812337223933344,0.8946187372641827
12194,WDR53,1.0808829380898735,0.7555000743208115
1431,RP11-8J9.5,1.0808426236962152,0.9464986283084049
3344,APOA1BP,1.0806907831332184,0.5646753066628668
3543,C1orf192,1.0803744971847573,0.7945758353967359
7177,RP11-181E10.3,1.0802624794002922,0.8543055433283923
5115,TFB2M,1.0799293556030751,0.769126257902181
2552,RP4-730K3.3,1.0795648857191085,0.8216078368957465
5566,UBXN2A,1.0795457774613897,0.6737160730498994
3373,CYCSP52,1.0790611740584841,0.875006852012252
15773,TNPO1,1.078714662322041,0.7978651102816328
11709,SEC62,1.078701332720371,0.7011391457378093
2987,SF3B4,1.0786339630509663,0.6476763160272858
1873,RP11-180O5.2,1.078349299291538,0.9393681191333697
922,SNHG12,1.0778395802154992,0.7514888650684802
14222,TMEM184C,1.0772711681533624,0.6094974187748645
5362,CPSF3,1.0769274646799838,0.6761635561999595
10935,SEC22A,1.076736268678547,0.6310343516580077
15248,CTD-2024P10.1,1.0766312799659163,0.9194393652643775
9998,DALRD3,1.0764179225549926,0.670742530913041
13955,RP11-170N16.3,1.076360543160675,0.8362539879815828
12347,TNIP2,1.076216036101747,0.7057227960422338
15420,RP11-269M20.1,1.076162920518507,0.8798464695547789
2985,BOLA1,1.0760230829374815,0.8222513457433034
5770,YIPF4,1.076011297136919,0.6154030949687865
7911,GALNT3,1.0759751507474795,0.922994986712053
4325,LRRN2,1.0759353643572938,0.935420534578787
11841,MRPL47,1.07590855827595,0.8375663264005364
5879,MAP4K3,1.0755802407809973,0.6843253630103078
3799,RP3-395P12.2,1.075493066282101,0.9390688339119879
3038,CDC42SE1,1.074937047907745,0.6527744849242616
4471,SLC30A1,1.0748420299982344,0.8058953732421718
327,RNU6-37P,1.074688030953479,0.8301938763621903
8267,MSTN,1.074569035594556,0.8881615614086392
2636,RP11-188D8.1,1.0744192254555716,0.8318943993513616
6567,TMSB10,1.0741933662901926,0.8160646600997563
15274,SKP2,1.0741084972729356,0.8702319637633826
8403,NDUFB3,1.0736980704883403,0.5518982678444068
5032,CHML,1.0735551210815213,0.8112648341159634
3191,SLC27A3,1.0734160857493875,0.9015941741175966
4662,RP11-504P24.4,1.0733759500043918,0.9535051316372023
11333,PAQR9,1.0733648510916332,0.9441098630560179
6583,ELMOD3,1.0730083256381637,0.4233655814322975
12187,UBXN7-AS1,1.0729962490432536,0.868374680349518
15714,SMN2,1.0728870650634963,0.8120572689360755
8611,AC006994.2,1.0725711234759319,0.9498136592201032
3313,SSR2,1.0725230667197208,0.7851904863494295
14488,DDX60L,1.0723043472893,0.8163246410819607
12175,PCYT1A,1.072174626374228,0.6613824279591605
2681,PHGDH,1.0721407566769314,0.8313378852865377
3731,RN7SL269P,1.07192081349526,0.9105433867441086
10109,GPR62,1.0715863049573615,0.9208177697986907
12305,MAEA,1.071583215198446,0.7122341070143733
3777,METTL13,1.0714905998293085,0.6407435707251179
5150,NLRP3,1.071413731927918,0.9549677404210781
1236,RP11-656D10.3,1.071379985464946,0.8523883985747448
9854,ZKSCAN7,1.0713332680230132,0.917647112023919
7827,AC005042.2,1.0712867296313018,0.8828716484547507
14720,FAT1,1.071138466518023,0.8304755182018874
8586,IDH1,1.0708951226213677,0.81320484970123
6304,APLF,1.0707240851515165,0.7810387600052515
6957,TXNDC9,1.0704610383202824,0.6405583912937786
1322,ST3GAL3,1.0698964505732218,0.8508000532083262
14270,PET112,1.0696159584734815,0.694552108329964
331,APITD1,1.0694387184070522,0.6611090142921072
16116,SPATA9,1.0693691303326573,0.8516383641211159
15143,RP11-184E9.2,1.0690892091255564,0.9597768455410346
12891,GNPDA2,1.0688614512476717,0.8010872002863934
5494,RP11-111J6.2,1.0687045953144914,0.8942250108451721
12436,GRPEL1,1.0683721478192465,0.7093839625139016
7850,LY75,1.0681990452017003,0.9303505816659149
3315,LAMTOR2,1.0681389538110067,0.6715368048643942
3682,RP1-313L4.3,1.0675204601800898,0.9026507012415375
7078,RGPD3,1.06751410615968,0.855290587602826
4924,TOMM20,1.0673775398897187,0.7322932238289567
11028,RP11-59J16.1,1.0673297944469249,0.9071585551793119
16565,CSF2,1.0669291877569322,0.9545577817903457
4361,SLC41A1,1.0669095148457266,0.6952375848649973
9172,SEPT2,1.066763000154962,0.6059020127460673
10851,TMEM39A,1.066734232892649,0.7409317181725112
1774,PGM1,1.0660404422871348,0.8247525830881663
8531,ZDBF2,1.065872480257075,0.8751554196644
6965,LONRF2,1.0657340360937633,0.9205616306577578
7863,PSMD14,1.0653021237290081,0.6894925245839765
713,RP1-150O5.3,1.0651086646004622,0.8692551917765957
8240,GULP1,1.0648163389612493,0.8463541275148094
15636,NLN,1.064552314901584,0.8592487306032142
3321,SLC25A44,1.0644301374305356,0.7550213952778809
9695,LRRFIP2,1.0643329976976366,0.7398455671098598
15496,PPAP2A,1.0638049609628621,0.821126732607272
12207,NCBP2-AS1,1.0635118856950674,0.9134465162682094
1207,RP1-144F13.4,1.0632456225053344,0.8691288960913984
12376,FAM86EP,1.0632240175123921,0.7606782916397581
9272,RP11-157E16.1,1.0629404320920715,0.9528994268257274
6381,NAGK,1.0629234174251947,0.8689605885491793
4378,IKBKE,1.0627567825509003,0.8878098392078817
11449,FAM188B2,1.062601227273764,0.9178388954613741
14456,TRIM60,1.0625597939749922,0.959457921189934
516,SZRD1,1.0625233827259148,0.7866576566350248
289,RP3-477M7.6,1.062500184033264,0.9373785504104404
11154,DNAJC13,1.0624442963891532,0.46875988643071864
8331,GTF3C3,1.062406360769806,0.6041010526328161
10470,RP11-520D19.2,1.0618895491990312,0.9421736996125926
4289,RP11-435P24.2,1.0618331186682377,0.8929037773367241
1639,RP11-240D10.4,1.0617558298004701,0.9589134800736234
14673,PRIMPOL,1.0616441804607755,0.8177524871983597
8973,ECEL1P3,1.0615331331753008,0.9462950069188703
10884,RABL3,1.0614480105944124,0.7093537292787647
2028,UOX,1.0612885184205814,0.901304242874497
16005,CTD-2331D11.2,1.0609483152914359,0.9610499649527152
4711,ACBD3,1.0608928061257767,0.699426082872854
12226,AC024560.2,1.0608546230190314,0.9511433828280449
12634,RP11-608O21.1,1.0605392841048815,0.9320296546797517
16245,PSMC1P5,1.0604477930671419,0.9373919362990357
612,PLA2G2D,1.0602866180940203,0.9123900880429563
8041,SP9,1.0602457256875653,0.9456507129211453
14213,RP11-292D4.1,1.0601097745949117,0.9613629076512007
15503,RNA5SP183,1.0600988554387163,0.9119852645706751
11367,PLSCR1,1.0600231573892431,0.849222423478613
6176,FAM161A,1.0599792421974819,0.8413667366604857
13825,LARP7,1.0597463573851258,0.7555020400176538
9945,DHX30,1.0597363478301058,0.7902509930082291
7942,SPC25,1.0597053888070276,0.801251106734735
13755,OSTC,1.059693723548076,0.7601353179288898
184,RP11-46F15.2,1.0596342313092242,0.8693552513759778
9476,TBC1D5,1.0596142703693432,0.6739164457038891
2182,RP4-612C19.2,1.0595712177731673,0.9156561003086077
9189,AC114730.8,1.0595349511593837,0.9433802244987621
7114,GCC2,1.0594254221846728,0.8569974698175398
5398,NOL10,1.0593051651621916,0.8258745460834147
9460,DPH3,1.0593011589145547,0.8193874037194244
2235,RP11-57H12.5,1.0591398992842465,0.8682020573261682
11298,RASA2,1.0589682428556133,0.8495874100917394
7049,AC018730.3,1.0587532282268743,0.9466064793577555
2033,CTBS,1.0583700216452498,0.8336634340665859
14964,CTD-2256P15.2,1.0582317267145143,0.8079401674983246
9811,ZBTB47,1.0571456410421989,0.8758903815324017
4270,ADIPOR1,1.0570138356853698,0.7757203212792738
1591,RP5-1024G6.5,1.0565331434181582,0.8567259137515675
2818,RP11-94I2.1,1.0562111796272602,0.9347597039207011
735,SRSF10,1.0560521723176934,0.716539422622327
333,DFFA,1.0559547049425015,0.8096541243222009
1755,RP11-5P4.1,1.05573619066445,0.9676915567160806
5885,THUMPD2,1.055717707528016,0.8084615093843834
4387,MAPKAPK2,1.0555980536781713,0.8271461491545415
16229,AC010423.1,1.0555623529562297,0.9432645375392056
4517,RP11-348H3.5,1.0552612930427983,0.925513227204474
9098,TRAF3IP1,1.055213088016428,0.6964858904076748
2628,CD101,1.055145616403558,0.8898199605026098
10952,UMPS,1.055090084314794,0.7515272705865619
2935,RP11-403I13.7,1.0549385294519162,0.8827228049934902
6401,NOTO,1.0544697997412285,0.9100548250668987
13820,NEUROG2,1.053895874310385,0.962636223868337
5237,ACP1,1.0538323646467709,0.697795961760669
10585,CLDND1,1.0534861821988362,0.7663352552683811
13517,HSD17B11,1.0533577599125528,0.8053268077766021
1571,RNU6-969P,1.0532866492806578,0.9637861073811566
14643,RP11-692E14.1,1.0531951837164915,0.965461395613167
11131,ASTE1,1.053194652543691,0.8266400806212325
5831,NDUFAF7,1.0531291922879038,0.7529488277328962
1984,PSAT1P3,1.0528122297938294,0.8510707571176254
16501,RP11-517I3.1,1.0527031864373289,0.9512100223235133
9973,TREX1,1.0524501832926616,0.8593671005733706
7205,RGPD8,1.0524294871800401,0.8904229597847262
5081,ADSS,1.0522019473377036,0.8072691479412892
7214,SLC20A1,1.052084242762172,0.846399154508426
12097,RP11-528A4.2,1.0518350103717247,0.9643771874626508
10230,PPIAP16,1.051727742631861,0.8993262326186323
9838,RP11-353H3.1,1.0517276686995531,0.9270359571803612
2671,GAPDHP58,1.0516417430817975,0.9484252866137912
1255,CTPS1,1.0515797422449578,0.895164541617817
1159,C1orf122,1.0515085868689598,0.8035291222940217
5279,TSSC1,1.0514947170984792,0.7060243895461802
3245,SHC1,1.0514126575415996,0.8477908386351657
2637,MAN1A2,1.0513448201298599,0.784498365614486
5992,EPCAM,1.0512666508631197,0.9610470104430939
3841,CACYBP,1.0507271360378214,0.8420160808924222
3323,BGLAP,1.0506717165549364,0.8688254321484412
3632,TMCO1,1.050285249282126,0.8157540517387435
15070,RP11-432M8.9,1.0493642767428157,0.9707208198275574
14830,CLPTM1L,1.0493209922652995,0.840313993535688
10424,FAM86DP,1.0490429807928054,0.8860789116793006
489,FBLIM1,1.0485273522767071,0.9028086683335308
12608,TAPT1-AS1,1.0482937789523936,0.8862099443742006
3492,NHLH1,1.0482784955547395,0.8424627821211214
5247,TMEM18,1.0482654447891935,0.7647988893292937
10918,WDR5B,1.0480351587528443,0.79344675595104
11728,RPL22L1,1.0478778371686395,0.8856329391426686
70,RP11-54O7.11,1.0477367869483771,0.9413616474373526
8980,DIS3L2P1,1.0476978233407928,0.9605531074097085
3544,RP11-122G18.5,1.0476790526299553,0.8499402084856681
2961,RP11-353N4.4,1.0475229060403244,0.8907691752646266
7405,AMMECR1L,1.0475165402699358,0.7210842037066834
5380,RP11-254F7.2,1.0472105661693847,0.9209464850685306
12006,RFC4,1.0469927209519567,0.8855843149508049
6610,ATOH8,1.0469576921537014,0.935089625372411
11268,ACTG1P1,1.0469297910981996,0.9247157181427774
5883,AC007246.3,1.0467600591643715,0.7415749478185986
10193,WNT5A,1.0466338561724402,0.9643447908007913
1176,RP11-329N22.1,1.0465581723243838,0.9565981285095735
13712,TET2,1.0465050275523007,0.8911408775020956
6157,KIAA1841,1.0462090324074982,0.8749390665421436
5608,DTNB,1.046157778540777,0.8036615468038796
4027,CTA-253N17.1,1.0459717016254153,0.8348658238355938
5715,WDR43,1.0458527702587772,0.8690348724936492
10117,POC1A,1.045697767948803,0.8572745325659118
4462,RP11-543B16.2,1.0449669716843304,0.8768501710438685
5004,RP11-567G24.1,1.044911308775413,0.9053276969386768
5347,AC011747.7,1.0447181302967101,0.9067403140985799
9174,FARP2,1.0445361487180527,0.8570632594187544
349,RP4-635E18.6,1.0445044995387505,0.8675145340417322
16390,CTC-448D22.1,1.0442786871322938,0.9578354655336956
8044,SCRN3,1.0441494808632565,0.8598519512202485
14581,SPATA4,1.0439009320979211,0.9423106304866328
234,TAS1R1,1.0437781075932828,0.9440537803640061
8972,AC068134.10,1.043403389229546,0.8960322686929034
6282,AC023115.2,1.0433913044981233,0.9623309710148845
5239,AC079779.4,1.0432500148634583,0.9360551805990966
8482,NBEAL1,1.0431782028281282,0.8062255188699252
10725,PPIAP15,1.0431236521228422,0.9404660646017002
11783,RP11-744O11.2,1.0428582780157132,0.9604371107203584
8766,ABCB6,1.0426389111211407,0.9045468933083662
13897,RP11-455G16.1,1.0426313350433094,0.9467203943114084
10695,LINC00636,1.0424496063401747,0.963054092572414
8088,AC016739.1,1.042379677350083,0.9569373052319015
8177,NEUROD1,1.0422751814525466,0.9691825393072511
4770,RP11-245P10.6,1.0421842953010214,0.9517635577803911
11604,TRIM59,1.0421060158684543,0.9306127785967558
5824,EIF2AK2,1.0420787010236565,0.8171019396187101
11761,ECT2,1.0419770453593065,0.8895081101353249
2693,RP11-439A17.7,1.0419417269694848,0.9407805491615451
1855,DEPDC1,1.0417759795653792,0.882931767851244
8676,AC098820.2,1.0415022337734476,0.970823942777755
10008,LAMB2,1.0413302583350066,0.8898271631918346
8167,FTH1P20,1.0413002942661904,0.8420615208858362
7998,METAP1D,1.0411296872743234,0.8762379302846419
13880,NDST3,1.0411039014987151,0.9572672076784616
10091,RBM15B,1.0410625141584904,0.8621206757341623
5763,SPAST,1.0403852049264162,0.8962431017496459
3892,FAM20B,1.0400366015386835,0.8628556393136397
3064,TUFT1,1.0400055629473894,0.9195846135059876
6260,RN7SL635P,1.0397554048633293,0.972576168407798
3059,PSMB4,1.0396538372370296,0.8334705896467404
13213,RP13-644M16.3,1.0394333776628408,0.9743751824800473
224,ACOT7,1.0393096736678762,0.9020414821943101
2127,RP4-665J23.2,1.0391995599536683,0.952572790289806
9543,EIF3KP2,1.0390775304914468,0.973931402817276
13757,ETNPPL,1.038994266996404,0.970746543969036
14145,IL15,1.038658549599693,0.9349179096574712
11955,MAGEF1,1.038600859413803,0.9020244700775866
3198,CRTC2,1.0381793785666333,0.838226457482443
4002,ARPC5,1.0380540264192244,0.7911438401642672
11831,MFN1,1.0380089865018554,0.8656932685452998
1762,RP11-335E6.3,1.037983890904801,0.9632839786238869
5346,SNRPEP5,1.037542274255187,0.9262055798106689
14675,ACSL1,1.0374144302247992,0.8671266474778065
2257,DPYD,1.0370702040214534,0.9572556053275574
1392,AKR1A1,1.0370678745058894,0.9078839771465697
1283,RP11-163G10.4,1.0367813932352201,0.9693801169583021
8831,GAPDHP49,1.036718158254984,0.9722031070821013
15463,ARL15,1.0366651614193865,0.8702886179654967
1168,FHL3,1.0365362532413787,0.8849172428030065
3794,RP1-15D23.2,1.0365092434017462,0.9449903614315573
10221,ARF4,1.036435792096318,0.8263081725458569
11980,ETV5-AS1,1.036423044051493,0.9380237954391408
9892,FYCO1,1.0361519295837573,0.8645616588382908
8200,NUP35,1.0358702066256824,0.8941620096301839
10882,NDUFB4,1.0356716615928732,0.7156754569327354
12242,TUBB8P8,1.0353781859463544,0.9692685053736652
11001,ALDH1L1,1.0353085131157997,0.9788774858845539
11566,SHOX2,1.0353008985889962,0.9437890264488469
14838,CTD-2012J19.2,1.0352420097316302,0.9494892188783499
10763,ATG3,1.035197712129056,0.8416324536780414
9972,ATRIP,1.035151767585191,0.9022373596705493
6941,UNC50,1.0348267614563733,0.8097352184700656
15190,RP11-5N11.1,1.0343515606360167,0.9660789835398242
9297,RP11-380O24.1,1.0343037380371083,0.9341132919211086
901,RP5-1053E7.3,1.0342230503120526,0.9094118292260679
2909,PFN1P6,1.0342223600814675,0.9715076115196737
16251,FBXL17,1.034063826189864,0.8593058755566606
10090,MANF,1.0333595664498223,0.8967224677084955
9321,CRELD1,1.0331822030727695,0.9227535894759826
4191,KIF14,1.0331775583167693,0.9169461827271517
10107,RRP9,1.0331591313249013,0.8940465049119544
9935,ELP6,1.033025049445552,0.8744030644339489
14432,RP11-606P2.1,1.032860222203935,0.9156362455227751
6059,ERLEC1,1.0327744796853668,0.8558884044423409
12168,TFRC,1.0326933207151752,0.9298204908650924
5422,E2F6,1.032606933154317,0.8480396624298643
1104,C1orf216,1.032533055572127,0.9072286006530317
13303,CXCL5,1.032463739304111,0.9769930569729406
865,MAP3K6,1.032446082279727,0.8882492109459961
9343,GHRLOS,1.0324188340455833,0.9433363118848992
5489,SMC6,1.0324066231980822,0.9026446777980179
14895,MED10,1.0322994950435358,0.8463923022356405
6322,AAK1,1.0322548636587048,0.8772366917166061
12774,MRPS33P2,1.0321066481041474,0.9741060369008288
2227,RP4-639F20.1,1.0315673378312815,0.9311817622935705
10316,SLC25A26,1.0315574629918507,0.7857466902661414
15967,RN7SL378P,1.0315223214595246,0.9539579813945754
13742,SGMS2,1.0312333870138677,0.9128671657039724
5942,PPM1B,1.0311523313441646,0.8987083286631947
725,HMGCL,1.0309947471011762,0.9145339997971671
14677,RP11-701P16.2,1.030951456530447,0.9698444971953035
7754,STAM2,1.0309197502551823,0.7824507616785501
6422,DGUOK,1.030870761585114,0.8504665217524079
11956,RP11-329B9.4,1.0307322972113049,0.962436171679677
10505,PSMC1P6,1.0306617428346823,0.9791267096124334
118,AL645728.3,1.0306475130487236,0.9800545433476484
2072,SEP15,1.0306067476998768,0.8398667970742806
6984,AC016738.4,1.0303274374550921,0.9573856520579337
14258,SH3D19,1.03019828803475,0.8919686251807329
3274,AL713999.1,1.0301845735929642,0.970974448256393
9392,RP11-767C1.2,1.0298352220950289,0.916639090071253
3975,RGSL1,1.0297928891763735,0.9613725622792728
7555,RP11-725P16.2,1.029600355309094,0.9460211024960175
1505,CDKN2C,1.029212121401498,0.9319768371730378
7523,RHOQP2,1.0288457219912652,0.9272324507517401
11065,ACAD9,1.028809072846193,0.838846740069405
10064,IFRD2,1.028495493905049,0.8893238966456782
10638,TRMT10C,1.028491897124035,0.9072883811739318
9411,CHCHD4,1.0284769121351454,0.8775091061639269
1554,CC2D1B,1.0280960032755988,0.873275561691931
2576,NRAS,1.0279278622574362,0.7855434306362694
844,NUDC,1.0274149451800412,0.8015147376975147
7854,RBMS1,1.027364231832057,0.9368579101694265
10962,SLC12A8,1.0271041292230738,0.9467113699133972
13149,RP11-19C24.1,1.0270993355373852,0.9769617845961593
9839,ABHD5,1.027012966658311,0.8931568139502574
12861,TMEM33,1.0269343975003904,0.9106541444028322
6089,CCDC88A,1.0267693155801276,0.9169191374331902
12593,AC007016.3,1.0267227375453416,0.9734462274058141
13445,HNRNPDL,1.0266808029895163,0.8768063693907417
12890,GUF1,1.0266554562131562,0.9324261368894264
5534,AC012065.7,1.0266068654997018,0.9772725299832279
3053,PI4KB,1.026328155379216,0.8933382775033795
10130,BAP1,1.0261964025795698,0.8766943485321769
74,RP11-54O7.18,1.0261606429768722,0.9486503808644757
6082,CLHC1,1.0260401830646233,0.889168352721081
16118,RHOBTB3,1.0259610108362038,0.9571429245020092
11043,EEFSEC,1.0257076504811065,0.9111657439734755
175,ACTRT2,1.0256224224292578,0.9834484437736206
6208,MDH1,1.0253749628761302,0.8470806404523363
10903,GOLGB1,1.025286880145108,0.9362817898511884
10289,PSMD6,1.0250511788351557,0.8978736778943694
2446,RP11-195M16.3,1.0250178502773661,0.9734417630383401
11530,GMPS,1.0245823469005082,0.907906364639351
13650,DNAJB14,1.0244802369799573,0.9070575107221408
11026,RP11-88I21.1,1.0242668962240895,0.976428348761202
10531,ARL13B,1.0240746037768627,0.9121685561893966
3985,DHX9,1.0237506998542567,0.8829943993282496
4013,RP11-382D12.2,1.023612583740551,0.9599825073048418
6071,SPTBN1,1.023504602091075,0.9216019899765913
12522,ALG1L3P,1.0233959701457584,0.9644715899246371
8410,CFLAR-AS1,1.023110742143106,0.9569314352920765
14798,C5orf55,1.0228353735194005,0.9305448810064583
5161,RP11-634B7.4,1.0226351595958671,0.9845722322984658
8250,WDR75,1.0224313078350993,0.9402969055358961
12311,RP13-1016M1.2,1.0222412294747054,0.9771861193949101
3260,DPM3,1.022192885018081,0.9507673765257426
15995,EDIL3,1.0221320296232175,0.9759413541681072
15703,GUSBP3,1.0218157747011547,0.9510214125086873
555,PADI2,1.021612244899854,0.9818661173150469
8075,AC009336.1,1.02153894356838,0.9861404252993441
11918,RP11-315J22.5,1.021488534008521,0.9337809299022416
10560,CRYBG3,1.021437906908671,0.9055694801965379
10559,CRYBG3,1.021437906908671,0.9055694801965379
10540,WDR82P1,1.0211854258476896,0.9283442523407119
3314,UBQLN4,1.02116592778763,0.9022504358048822
8870,IRS1,1.0206903962917455,0.9612937935443024
301,SPSB1,1.020605874954442,0.9536399696960514
11271,RP11-553K23.2,1.0205261488397137,0.9830847051933949
9042,AC010148.1,1.020338960492993,0.9747010937993351
14790,CCDC127,1.019803883401309,0.9028975697836041
585,RP1-43E13.2,1.01929747283538,0.9655855824158032
8919,SP100,1.0192270252070963,0.9205638273037868
5226,AL672296.1,1.0191389359695204,0.9802105363638138
11079,COPG1,1.0191031959727606,0.9018443629006686
12056,TMEM207,1.019072847587535,0.9794167867199647
14384,TMEM144,1.0189774019737996,0.9475071043869402
8348,MOB4,1.0189688122306848,0.8658079298062332
8045,GPR155,1.0187919826912757,0.966329855708814
3468,TAGLN2,1.0187095368374675,0.9478500237709202
5908,AC025750.6,1.0182002549062685,0.9835027753895089
10655,RP11-221J22.2,1.018164597901142,0.9800150374159222
1045,RP4-803A2.1,1.0181514753927365,0.9783466150886297
6622,RP11-301O19.1,1.0179028074801166,0.9422395078815997
8593,AC019185.2,1.0172926099361435,0.9891715485372521
1357,RNU5D-1,1.0171255201358738,0.9829533753818512
2525,ST7L,1.0170848971949742,0.9044308315492193
4876,SIPA1L2,1.016469724930407,0.9769421554184857
3934,ACBD6,1.0164663341258837,0.8840812659734271
5089,HNRNPU,1.0164194997515006,0.9163616209532619
7506,ARHGAP42P1,1.016378873558387,0.9732697584674743
5612,ASXL2,1.0162735985842677,0.896901987080797
11340,RP11-80H8.4,1.0160691044759302,0.9826067021022629
13764,SEC24B,1.0157436723977753,0.932280763146781
9522,UBE2E2,1.01558433343836,0.9641371968701755
3146,SPRR2B,1.01530729083504,0.9904316443204273
2620,GAPDHP64,1.0151941571393965,0.9771983846009868
3524,NIT1,1.0149803001094757,0.894011518113236
5741,CAPN13,1.01494490392941,0.99020611566471
5259,AC114808.3,1.0148111998457612,0.9909884598529384
11273,RN7SL724P,1.0147776906594652,0.9892826943590813
5700,AC093690.1,1.0147753152036088,0.9671503981454466
8393,PPIL3,1.0146987771993465,0.9265442767820975
14393,PPID,1.0146409768171873,0.9450272417023733
8450,SUMO1,1.0145259622768308,0.9031656234685632
4938,B3GALNT2,1.014382251470052,0.9548959153388057
10112,ABHD14A,1.0142350265211653,0.9659516710852013
14110,SETD7,1.0140038505134499,0.9541500079843005
8569,PLEKHM3,1.0136850544909681,0.9521868197842793
4197,C1orf106,1.0135172065060325,0.9753679743698774
6120,FANCL,1.013513202816466,0.9509300282431898
2774,NBPF9,1.0133380333218684,0.9642330719993295
10072,ZMYND10,1.0130251390598854,0.9825738617126205
10385,SHQ1,1.0125612902983046,0.9586154391070447
6067,RP11-477N3.1,1.0124847552521783,0.9794273770015527
10024,NICN1,1.0124649009556341,0.945217037723578
10921,KPNA1,1.0123169784959123,0.9235089860399928
1332,B4GALT2,1.0122837747104219,0.9568454138063947
16356,CDO1,1.012205491351471,0.9910111819662606
2424,CYB561D1,1.0121156703162326,0.9383738211384824
2376,VAV3,1.0118535603038057,0.9879235271130934
11925,HTR3C,1.011793605578247,0.9871323785006287
8774,DNAJB2,1.0115534593111808,0.962420931788306
9085,UBE2F,1.011231080099981,0.9393959629824831
9361,RP11-169K17.2,1.0111816337991455,0.9884611784026034
9181,THAP4,1.0110800390127874,0.9446700572648843
3366,ARHGEF11,1.0110237317191508,0.9656844739394717
6818,AC097374.2,1.0107752455420997,0.9786534658998598
8351,AC011997.1,1.0107195528785413,0.9915285859813745
10123,PPM1M,1.0106101708100412,0.9663376713959033
10561,MINA,1.0105424770406082,0.9613017166999207
5672,EIF2B4,1.0105209896752232,0.9411310294813864
9636,CMTM7,1.0104884655106146,0.9781621871471958
380,MFN2,1.010428660361765,0.962438644618915
13034,RP11-177J6.1,1.0103807179572044,0.9857572004900395
7320,AC012363.7,1.010299274771416,0.9872669654631643
7962,METTL5,1.010200078236617,0.9382519373645128
13417,PCAT4,1.0101484333687039,0.993590217626342
6258,AC007389.1,1.0101195015257192,0.9831302882760597
5085,DESI2,1.0100864678574222,0.9578829711948526
15639,ERBB2IP,1.009869915400441,0.9641922752624474
5838,CDC42EP3,1.0095639027980121,0.9795634213709987
10336,EOGT,1.0088497377820547,0.976257119248211
11838,ACTL6A,1.0087773216134672,0.9717595099386913
11140,RP11-517B11.7,1.0084351522787942,0.9788976026970442
1316,SZT2-AS1,1.0083969028977124,0.9922962333305649
10080,HEMK1,1.0082869422468106,0.9660156678818533
4970,HEATR1,1.0081130830325127,0.9744135402299869
9182,RNA5SP122,1.008098857361136,0.9943253642865217
8385,BZW1,1.0080820541322357,0.9630480866412232
1489,ELAVL4,1.0077683515294722,0.9933254552696031
11015,TXNRD3,1.0077386599828286,0.976909244672387
3645,RP11-479J7.2,1.0075339856751235,0.9954357711934447
5340,AC007464.1,1.0075037055137916,0.9915145600797396
4336,TMEM81,1.007242556255797,0.9662870677322577
710,RP4-654C18.1,1.0068996699152197,0.9925679361880848
542,MST1L,1.0067369227615695,0.98616629586041
8787,GMPPA,1.006353408934227,0.9788644936064284
6320,NFU1,1.0058902220310737,0.9680746299026359
6086,MTIF2,1.005629678767712,0.9750853865404152
15629,CENPK,1.0054127946179348,0.9835595898787737
6604,USP39,1.0052272537496356,0.969308307195375
2096,GBP3,1.00519269109134,0.9938280126901862
4358,NUCKS1,1.0051016967257325,0.9779792303034127
13336,G3BP2,1.0050572899383945,0.9767527319788761
7950,KLHL41,1.0049972993727754,0.9893616970455894
9880,LARS2,1.004979686853934,0.9830908828241681
8788,ASIC4,1.0049189346187524,0.9920289777369784
13338,USO1,1.004854260970988,0.9827867405652446
10752,C3orf52,1.0046386484443326,0.9884628798489469
636,EIF4G3,1.0045586786500549,0.9764142738156021
15400,NNT,1.0045552185621391,0.9935333148646832
14847,IRX4,1.0044251262474457,0.9969761252764158
11922,ABCC5-AS1,1.004307027929066,0.9935436060460916
4480,LPGAT1,1.0042947943915335,0.9842718628793453
13957,SPATA5,1.004107423597944,0.9842651184211766
8054,AC018890.4,1.0040886334912829,0.9971428157337472
1348,ERI3,1.003989234684541,0.9621295677345407
12278,ATP5I,1.0038125954138395,0.9816471232262346
12766,RELL1,1.0036661144357575,0.9922655008506487
249,RP4-549F15.1,1.0036461047484337,0.997390711621478
5909,AC025750.5,1.0034848134940495,0.9933854022876524
7168,BUB1,1.0034789114554108,0.9831830833103751
3340,IQGAP3,1.0032224673502794,0.9893237334061578
5988,CALM2,1.0031581633202997,0.9892275909592427
16451,RP11-359P5.1,1.0031196332792358,0.9958862756934006
1252,RP5-1066H13.4,1.0029491024119825,0.9969067293138898
14194,MMAA,1.0027664339622955,0.9903949161661731
12765,RP11-36B15.1,1.002590748715354,0.9964466899806894
4063,FDPSP1,1.0025177724967795,0.9952746205500833
11716,PRKCI,1.0024974908802458,0.991518146133985
7848,MARCH7,1.002475368236933,0.9874051185298544
2732,RP11-782C8.1,1.0021984799706303,0.9947543859949262
15239,AMACR,1.0021175544275793,0.9950593183925507
15046,FTH1P10,1.0018122406862726,0.9928087503359042
12092,OPA1,1.0016838943977249,0.9952260307038012
5837,AC006369.2,1.00137662193246,0.9977629828293748
4602,MARK1,1.0010332345482507,0.9985241680765341
9848,TCAIM,1.0008359935663629,0.996759641896424
9827,FAM198A,1.0006786319412035,0.9995317936595483
10050,MON1A,1.000496486429018,0.9986756304819155
7165,RGPD6,1.0004893915089785,0.9986395134245047
5501,OSR1,1.0003854751889305,0.9995012180525686
13297,PF4V1,1.000305800050017,0.9998179258639606
7956,PHOSPHO2,1.0002299531083507,0.9992347719445556
