Description,0
TMSB10,10.363141128400153
ENO1,10.178264052407304
RPS7,9.249645788310957
MTATP6P1,9.229758203346885
S100A6,9.144890602105342
RPL5,9.09116611320195
RPS27A,9.08764451118605
RPSA,9.086417371682417
RPS27,9.000768792592163
S100A11,8.870081456160449
RPL24,8.758559499691748
RPL9,8.713745836974251
PTMA,8.521643796362182
PRDX1,8.517614085641814
CALM2,8.486574636755066
YBX1,8.470379064868894
RPL14,8.447519905800817
H2AFZ,8.374478890515137
RPS3A,8.307831702672788
HSPD1,8.287985926062772
BTF3,8.277978154622257
RPL29,8.192633430704115
RPS8,8.150474050875955
EEF1B2,8.042783302233325
PSMB4,8.009730183125377
NDUFS5,7.981966361131896
NCL,7.9504523794302
HSPE1,7.858759939568515
ANXA5,7.847414401126373
RPL34,7.845549601254741
RPL35A,7.771780041718377
RPL11,7.751612493563504
CCT7,7.73100276402689
TAGLN2,7.707892827055723
YWHAQ,7.702242275619459
CCT5,7.683702200092955
CNBP,7.667616742055713
RHOA,7.661738852149786
TKT,7.543861783648645
CCT3,7.465841607262079
RPL32,7.345698530939962
ILF2,7.342853450394579
SPP1,7.31326401975721
LAPTM4A,7.272740099845968
EIF3I,7.269502052742221
AP2M1,7.267525177859629
RPL37A,7.266264854520961
RPS23,7.249109265722017
CCT4,7.23786540041955
S100A10,7.226686884894993
PSMD2,7.2060869722304455
RAB7A,7.193333156111915
VDAC1,7.183839196073488
ARF1,7.105213550702632
HDGF,7.091490709591358
RPL31,7.046713450276573
DDOST,7.041005784542548
PDIA6,7.026511605480446
MRFAP1,7.025561021611995
ACTR2,7.00912059922669
DBI,7.006342577405138
MTND2P28,6.998465287027694
EIF4A2,6.940118940625197
TMA7,6.910138826732933
RPL15,6.90975344280616
PPM1G,6.907637384283305
SSR2,6.8930034950564485
PCBP1,6.887650737764877
IMPDH2,6.87431242413279
HMGN2,6.871982445736325
PGD,6.865549850543888
PARK7,6.854453220302884
EIF4G1,6.833646140914635
PRDX6,6.8335551859699315
SEC61A1,6.832760130451433
HINT1,6.8279021835663185
XRCC5,6.7978857203529275
PFDN2,6.770828422488208
PSMD4,6.762599739663975
SF3B14,6.7499992182912765
OST4,6.734190286591381
SRP9,6.728807261455539
HNRNPU,6.688057549395144
RAB1A,6.675068587975524
AUP1,6.639271370463288
CAP1,6.638469701497512
CCNB1,6.623216803343502
RPL22,6.621294353376748
BRK1,6.616832782206035
CSDE1,6.6046103024568765
S100A16,6.559550585610734
ATP1A1,6.552092537189083
RPN1,6.531713088378932
PEA15,6.531468377730296
GPX1,6.518512366481036
LAMC1,6.502007942498903
GNB1,6.495847575626439
NUCKS1,6.4920664217197315
TPM3,6.487559293118856
TOMM20,6.486173380465162
LMNA,6.482483003170706
HNRNPA3,6.4801878956510555
UQCRC1,6.468148565770631
FN1,6.44562532540873
COX7C,6.440392872676225
DHCR24,6.405089474236514
ARF4,6.401105503096853
SDC1,6.392633645865246
SEP15,6.391733816174064
ARPC2,6.38078231081741
C1orf43,6.357141082951166
HDLBP,6.332251331934483
HMGB2,6.310515050140118
SEPT2,6.305731029863622
CDC20,6.302925415493948
SNRPE,6.276341323283783
SPCS1,6.275338443637011
COX5B,6.273770847741022
MAT2A,6.268498714427906
PAICS,6.251204535940512
SLC39A1,6.223417855694884
MRPL33,6.216447033133782
MMADHC,6.192684270096801
JTB,6.186236359519206
PLOD1,6.182516771213937
MRPL3,6.1777196746434315
HNRNPD,6.161469718099046
PLK2,6.148761119520739
ATP1B3,6.143530057923876
GAS5,6.127066214666762
ATP5I,6.124976708156175
UQCRH,6.116119705034333
SDF4,6.107243166779283
ARPC5,6.1057711670585775
RTN4,6.099113486423053
TFRC,6.098972239021333
PSMD14,6.083905170828301
COPA,6.074440239502679
CYR61,6.070572989634205
SNRNP200,6.059102566881948
DDX1,6.055234902049487
IARS2,6.046656664149193
AAMP,6.030657761211401
MDH1,6.021927909242177
SDHA,6.010957986257054
TGFBI,6.010676172230608
CDC42,6.004423528345138
SUMO1,6.001970889343972
RAB10,5.968843093034676
ATRAID,5.965341992715355
NSA2,5.964519433355986
SSR3,5.959509581233335
ATIC,5.950158905748172
DHX9,5.949741902837535
DEGS1,5.941697873508492
CLPTM1L,5.9351210285088
NUDC,5.932775717112961
COPG1,5.9317730759611385
BZW1,5.929873024558958
HAX1,5.929324692763642
AGRN,5.923412903981877
HADHA,5.921056289217236
MCL1,5.918303213313155
ADIPOR1,5.913976007772145
CTNNB1,5.9089570327146035
STARD7,5.905785465296336
IDH1,5.903715764035689
DCBLD2,5.88694726689451
SERBP1,5.885028313687532
PSMD1,5.8830512419518755
SNX17,5.85766136099831
HNRNPDL,5.852393204221548
UBE2T,5.851315586357733
RRM2,5.844800387850056
DDX18,5.839973654279025
HDAC1,5.839130823438894
UQCRQ,5.8321918795042995
SNRPG,5.818387697579567
PFN2,5.817230604502641
SHC1,5.81691641695459
ODC1,5.810559418768656
ATP5G3,5.803361516209265
ACTR3,5.803050880164616
SFPQ,5.801246017447252
WDR1,5.794325265832879
CNN3,5.790906966906238
CAPZB,5.784790029606225
RPL37,5.783794871034263
CAPN2,5.779799021493795
PCNP,5.77858192858422
NOP58,5.778546359654402
SDHC,5.77178929191421
ADAR,5.770171459025087
NOC2L,5.756624754389197
SSU72,5.753313530207547
RAB13,5.752204908643772
APH1A,5.751734691952088
ADH5,5.7429632398913535
PSMB2,5.733894893902278
OSTC,5.728200992164972
HEXB,5.723550804131176
TGOLN2,5.720235644142048
TRA2B,5.720176927352877
COPB2,5.701045486714649
DNAJB11,5.6960090969387
ARPC4,5.6953039347218075
DAP,5.695173274608085
NDUFB3,5.694841930004639
MTHFD2,5.69340380677128
CERS2,5.692393137700297
RHOC,5.683654849131851
GNG5,5.674185300084617
CACYBP,5.671051435954172
FH,5.668211453476519
EPRS,5.665387072049403
CAPZA1,5.64546515506929
ANXA4,5.643901576963316
CDV3,5.641903507781966
HSPA4,5.639823880111565
MZT2B,5.633466286043142
KHDRBS1,5.632222783082867
SLC2A1,5.618776169976617
SF3B4,5.6187195980551055
SEC13,5.615804228279877
PPT1,5.6101494080340215
TIMMDC1,5.608375327695154
NDUFB4,5.5985530293869905
PSMD6,5.59781744383385
ATP5F1,5.597375836425439
PABPC4,5.586116488464376
NRBP1,5.580026669287641
SARS,5.579559011818382
CKS1B,5.57916144158397
UBE2D3,5.577853989310801
TARS,5.558725820666608
SRSF7,5.553317317314488
APOA1BP,5.5443868275507
CRIM1,5.542062537385263
TARDBP,5.533294611428531
LAMTOR5,5.532445513915467
ELOVL1,5.530625043307759
STT3B,5.527946045811725
ACTL6A,5.5220418368834645
DNAJC8,5.514864540906308
QARS,5.513847735082508
C5orf15,5.512952164478816
OCIAD1,5.510858057592504
GNL3,5.505393828794396
SCAMP3,5.501798645727533
MRPL24,5.49787244848456
ACP1,5.482149610855227
HIGD1A,5.474460707104977
SH3BGRL3,5.465371451272614
PARP1,5.460576507362433
IGFBP7,5.45128213715423
GPC1,5.447995817707038
SNHG8,5.445858639339693
ID3,5.4455340017077205
RUVBL1,5.442913548306351
NSUN2,5.441506471809944
SLC20A1,5.438290969343143
SF3B1,5.432782649291474
IMP4,5.430744230605249
RCC2,5.428382344623228
FDPS,5.4282853676677965
SPTBN1,5.424642694570117
RCC1,5.419992594804419
RNF181,5.418663512701819
CIAO1,5.418031356764392
ITGB5,5.413510374724602
TM4SF1,5.4120247860575335
EIF5B,5.4093878609388755
CRTAP,5.400663270580878
MRPL37,5.396040127930912
EPHA2,5.393156619500388
EIF2A,5.389513377869128
MRPS5,5.382460689944577
ITGAV,5.380575852686623
GPN1,5.378003424058182
AHCYL1,5.374662145248461
EBNA1BP2,5.3639632876328145
CLSTN1,5.361427419337502
SRM,5.3602561989361055
ITM2C,5.354675680300599
CLIC4,5.345569595373923
HMGCS1,5.343077432999041
TMCO1,5.340602135773344
CDC42SE1,5.338041074539493
MKI67IP,5.332579270475961
FAM168B,5.332122714007141
IMMT,5.328226225611447
MCFD2,5.328182583933072
PDHB,5.320307143466675
S100A13,5.318356479888974
TSN,5.3169899026318665
SLBP,5.316981274966263
DYNC1I2,5.309036800553393
FLNB,5.30324507202787
RALB,5.287822383266431
CCNI,5.287336112113409
SCARB2,5.285878965817409
LRPPRC,5.275544559937484
AURKAIP1,5.267919257379714
VAMP3,5.2661757361890364
ZC3H15,5.260689447999725
BHLHE40,5.260473805488254
UGDH,5.259713778759373
GNG12,5.25193408381295
FAM136A,5.247471364726323
TMBIM1,5.245548010610936
MRPL20,5.241071524553726
SSB,5.239377904784809
DARS,5.237102565114874
AP3S1,5.236649324302143
NDUFS2,5.233042743562067
STMN1,5.23152163611972
AMOTL2,5.230442373776554
THRAP3,5.2237929736597195
ANP32E,5.215358549956471
BRIX1,5.205328335307709
TBCA,5.204197102529044
SMC4,5.201838561873375
WDR82,5.199050112594071
FSTL1,5.19577228799408
TACC3,5.193714670926769
APEH,5.190230953797771
GPATCH4,5.186749097761463
POLR2B,5.18307936502966
PHLDA3,5.181733423892157
ATP1B1,5.175207944829319
ABCE1,5.172391901860067
RND3,5.162003855076822
TMEM9,5.160145052671598
RNPEP,5.157173819298321
ATP6V0B,5.151664299314185
DPY30,5.144444304159408
NDUFS6,5.140160507791497
DANCR,5.140049644853708
NCSTN,5.135591437764654
GALNT2,5.1315478073608425
CMPK1,5.127187424235507
DTYMK,5.126906584470471
GNAI3,5.126874471386614
CCNA2,5.124832585607371
BOLA3,5.121551819920008
NT5DC2,5.1206231947259
RNF187,5.120579641700945
MCM6,5.117943588669406
SPR,5.116912572742909
TXNDC12,5.112221890937558
PTPRF,5.111179388733059
MARCKSL1,5.105737402167083
PTP4A2,5.099154632544231
MRPL47,5.09589247202522
SRP72,5.095575616836934
MAP4K4,5.0862934486622695
TEX261,5.085986291259683
XPO1,5.084709725506305
SRSF4,5.083483989076853
DCTN1,5.074784400131126
PPP2CA,5.07282183300246
SZRD1,5.072555478524332
MFN2,5.071635726113492
EFHD2,5.064894551597232
KDM1A,5.0602171339495685
FAT1,5.060009533947347
PREB,5.059699697145846
SMG5,5.0594099649625885
NAA50,5.057546756243307
MTX2,5.0517558969708025
PLEKHB2,5.045292481329484
MRPL9,5.040344599275708
AK2,5.039189345787412
TGFBR2,5.019636295333805
UFC1,5.018432425829783
MANF,5.018020278232779
NASP,5.015423861089052
NDUFS4,5.014179164058125
SDHB,5.0103883616876885
TMEM214,5.006282769869578
TFG,5.003603205106837
PARL,5.002532788825964
H3F3A,4.9972489818392996
DAP3,4.996879127635368
HNRNPR,4.990397407607941
KIRREL,4.9864644748839355
HAT1,4.981876155968445
EPHX1,4.981292757413392
STAT1,4.977138978136237
ARL6IP5,4.9762898464603476
ATP13A3,4.973019841815518
SHISA5,4.972935888922232
VPS72,4.972142074845997
MRFAP1L1,4.971046837354024
GOLPH3,4.96658818290241
NCBP2,4.966582591270795
UBAP2L,4.964616420717334
PRRC2C,4.964544405178358
ACSL3,4.962146230240282
G3BP2,4.961858130687442
PDCD6,4.95999794038318
GORASP2,4.959647052038812
ANAPC13,4.956877910750261
MED10,4.953813795399045
TMEM185B,4.951426166204211
CD46,4.9467311173285005
ADD1,4.946589619605777
MAP7D1,4.946586641485106
LMNB1,4.944634296010524
PPP1CB,4.939398773767213
CHPF,4.935913968541072
hsa-mir-6723,4.932662060727102
ICMT,4.93149108501374
ARL8B,4.930300352642832
TMEM43,4.924430336472543
NRD1,4.919818180962051
TIMM17A,4.919765460017181
ECT2,4.918259919290008
SUCLG1,4.914092684847534
TMEM50A,4.908161501334897
REEP5,4.908071900455781
SELT,4.906011897661309
DAG1,4.89787890500753
UBE2E1,4.896621616764068
RPLP0P6,4.896206858843364
SEC22B,4.894902460949085
GLS,4.887375575922317
ZFR,4.886815826448841
ZMPSTE24,4.886312368511317
METTL5,4.883698686286148
RPL22L1,4.878556738951384
POLR2H,4.878045251298793
PRCC,4.876053824960412
DGUOK,4.875617543706091
BCAS2,4.874884748320585
UBXN4,4.871891635500288
RAF1,4.869963684312757
NDUFB5,4.8694170758073705
ENSA,4.86043996810915
IFRD2,4.8581532587400815
BUB1,4.85345100521881
ALCAM,4.850068192245643
LYPLA2,4.848186730974262
MRPS21,4.846826227600326
CMTM6,4.839917381600814
DHX15,4.838298702817368
IVNS1ABP,4.834794703757403
SUB1,4.8346552705177475
ALG3,4.833247018084518
SRPRB,4.8324242306961125
HADHB,4.830636853823331
TWF2,4.823533107946873
SNX2,4.823307429699635
CNOT11,4.823058717650412
MPZL1,4.8206195757467
MRTO4,4.815111523232791
METAP1,4.811820186873846
ERLEC1,4.811750208322257
UGP2,4.811363009521746
ATPIF1,4.810012707065134
ITGA6,4.8039711854633405
RHOB,4.800440300954333
FGD5-AS1,4.8002819236740315
SFN,4.798010773792849
HP1BP3,4.793198275422921
ECE1,4.788352353296761
DCTD,4.788182871759152
MFF,4.786711371023341
PIP5K1A,4.783261609142369
MSMO1,4.782126950939638
PLOD2,4.78196206809067
TIPRL,4.779920585663019
PHGDH,4.776495692473721
CLDN1,4.773166001424168
WDR43,4.772852982601473
GAR1,4.771786523955597
SF3A3,4.771161895277741
UXS1,4.771148036712688
H3F3AP4,4.770434225056073
CDCA8,4.76877067762965
AKIRIN1,4.7651978215114195
LAMB3,4.764441136885091
MAGEF1,4.757068409137857
UBQLN4,4.753457577063713
SEPT10,4.748784174008768
ENOPH1,4.743056380739733
ERCC3,4.738074272836921
NFE2L2,4.7370383011484885
RFC4,4.736455259021384
CENPF,4.733622529109576
FUBP1,4.727024511160174
MYO10,4.7266734572673
SERP1,4.722240420413494
MZT2A,4.718414102011113
FAM98A,4.718062712673209
GNAI2,4.712840315372965
ALAS1,4.71011942463051
TADA3,4.707401794014591
THOC7,4.706388764750492
TRIP13,4.704578571467084
SEPN1,4.704561293375427
SSFA2,4.701411573339938
HSD17B4,4.701150917714411
HJURP,4.69452887448341
SPCS3,4.694442221443109
NRAS,4.690854119116196
SNAPIN,4.690759279869547
RAI14,4.689394016039093
KIF2C,4.686568540875694
JAGN1,4.684520787311238
GBA,4.683127642415031
SERPINE2,4.6809464128998615
MOB1A,4.674027835465225
LAMTOR2,4.672832631463673
JAK1,4.672535821347338
MFSD10,4.668872376656157
MRPS9,4.66462397991167
TOMM70A,4.664299129795285
RPA2,4.663572901206562
USP39,4.662442159959965
MAGOH,4.66145046980833
MCM2,4.660028495924582
TOP2B,4.658856763985062
ALDH9A1,4.656969463873526
WDR6,4.65477439245722
NENF,4.652151620291046
SUCLG2,4.651231062370129
ATP2C1,4.650876552807095
ZNF622,4.650685179033137
CREG1,4.6506837409751425
TMEM167A,4.649899138101723
UBA3,4.647641852140655
TMEM59,4.647553131186705
MYO1B,4.647129934268931
JUN,4.640426574959233
CEBPZ,4.638644516585394
RPE,4.637295318298695
ARL4C,4.634406733982666
COA6,4.634210481636557
WASF2,4.633080123647116
TPR,4.631363416400015
GUK1,4.628048700426814
TMED7,4.627430976408605
TNPO1,4.626979769165071
MARCH7,4.6252768563285125
DARS2,4.624810526223931
MRPL44,4.62284763003468
ADAM15,4.620139131853977
FARSB,4.6184197349632
RRP9,4.616027234262333
PAIP1,4.6115764591628166
USO1,4.610323471187744
MAPKAPK2,4.609923436650021
PMF1,4.609352611422983
RER1,4.609176586691106
YARS,4.609103004080208
DDX46,4.6067925462497055
PMVK,4.5998430479683465
RNF7,4.593216566729516
EIF2D,4.590871803063441
ABCF3,4.588112170249729
TRIP12,4.586452324937032
OLA1,4.581940484053802
EIF1B,4.578821961784709
SMPD4,4.57504330092431
PSMA5,4.574980739887146
PCYOX1,4.564704339947326
TSEN15,4.564476308838765
EXOSC10,4.557885321923341
TAF13,4.557517567258667
TSNAX,4.556904120608649
MORF4L1P1,4.552619549873648
AKR1A1,4.548065068022249
YTHDF2,4.54792295015859
AIMP1,4.538798954933734
PAK2,4.528209822634259
UBE2K,4.528117086679384
WWTR1,4.527686931327424
PGRMC2,4.5251725700805245
CAD,4.521930793719439
GADD45A,4.521693893254252
TXLNA,4.506517752085133
MRPL36,4.505809328278619
UTP3,4.502379034707518
HSD17B11,4.501935644862111
ADSS,4.501849681074975
PYCR2,4.49935364256764
CTPS1,4.498327453371424
SEC31A,4.49822585151787
PDCL3,4.4966554299441635
MAP4,4.494275906617187
SLC50A1,4.492077336133906
IWS1,4.484826417820087
CSRP1,4.48144319726904
RPL39L,4.478945598792577
CDKN2AIPNL,4.474178212598204
UBE2E3,4.474091268076138
PPP1R7,4.472872169871296
GTF3C2,4.472503881839237
DVL1,4.471680003976776
SMIM15,4.469984695612885
PNO1,4.469454344461837
USF1,4.467421356222691
SLC4A1AP,4.465548149057594
CCDC12,4.4654056593407
BAP1,4.4609108574914
PPID,4.4607813010637
TAF9,4.460138992738657
COX17,4.4556018430972415
FOSL2,4.45445306314473
POLR2D,4.45337448169385
NDUFAF3,4.451200180949844
PLRG1,4.450276220606507
RPF1,4.449379913398892
GOLIM4,4.448362005350352
ACBD3,4.440628152877682
UAP1,4.438268527345088
UHMK1,4.433408563580051
SRSF11,4.433183666821083
DPM3,4.432964824366535
PDS5A,4.431850611776636
MOGS,4.431812510006303
ASNSD1,4.430163636672542
NPM1P27,4.429864204771116
FIP1L1,4.427028957571985
NOP14,4.426709244510407
NCAPH,4.425198620605319
H1FX,4.4188117316535696
QSOX1,4.417787200502336
MRPS15,4.417673894423943
COMMD8,4.417304312488382
SLC5A6,4.415611522472426
ZC3H11A,4.413833113605665
NCAPG,4.411443670407742
PITHD1,4.410669204710283
ACTR1B,4.410176484139453
GRPEL1,4.4059660275601855
KIAA2013,4.405442587622216
SMARCC1,4.404568673298333
SEC62,4.399140062958776
UBE2Q1,4.396140893384387
HMCES,4.392003568021349
METTL13,4.3916523668906216
IER5,4.388566920379262
FEZ2,4.384827899178118
CDCA7,4.380754732476159
PAPSS1,4.373929452572425
SKP1,4.370475522893922
USP1,4.369215171139178
UROD,4.367729636512568
HMGCR,4.367719556167968
LRRFIP1,4.367502848460178
RP5-857K21.7,4.36702938356229
TMEM54,4.365276751938729
CCNL2,4.3636183823354715
GLB1,4.363586302036537
MRPS27,4.363525449991447
THAP4,4.362227461643801
U2SURP,4.361522842342393
STEAP3,4.357749029676182
WDR77,4.35558722111604
LAP3,4.355164063264145
CPSF3,4.352588846605861
FAM134A,4.3524868001704915
RP5-857K21.11,4.348783103576973
TFB2M,4.348382795683646
RNASEH1,4.347301349207802
PDCD6IP,4.346448961398398
LSG1,4.346315844180189
TBCE,4.344881289458523
ADPRHL2,4.344279065650301
HIAT1,4.342618638743488
PUM2,4.34083391403051
PTPLB,4.338032930626279
GPX8,4.332748585433639
COPS8,4.331611397418979
DNPEP,4.329178355184129
DVL3,4.32870481792331
TRMT10C,4.328307036760157
ATG9A,4.324672010389673
CDK7,4.322783395645687
ACOT7,4.322748652638615
PRPF40A,4.318092867629614
PI4KB,4.316110831322071
SLC35F6,4.314104568204652
AKR7A2,4.313548599068965
PLEKHM2,4.31307069693921
ZRANB2,4.305591418642153
NECAP2,4.305581792216392
PPP1R15B,4.300385970795555
SLC7A11,4.300018657024878
TPRKB,4.299636502108053
TMEM115,4.297455061135403
FXR1,4.295125293908246
LBR,4.290482380694401
CAPG,4.290124609649229
BASP1,4.288500794628395
TUBA4A,4.284296309033121
ACBD6,4.283756029465372
MED8,4.27450305165175
LAMB2,4.271822536112836
NIF3L1,4.268592816753012
RP11-169K16.7,4.26803725956312
ERI3,4.267834554962343
C1orf123,4.265960635382405
LRRC47,4.265335638420822
XPC,4.26376827065164
SH3BP4,4.26335689764758
ZCCHC17,4.2606987422725675
UMPS,4.257855232261291
FHL2,4.257795904523152
EIF2B4,4.252988094897416
LMAN2L,4.249375021747552
CHD1L,4.249248741907274
PTGFRN,4.246566190600203
CHMP2B,4.243775951801579
ERRFI1,4.240388434545488
IPO9,4.240300762752526
STK25,4.236951113554185
CNPPD1,4.236802165197049
SLC16A1,4.236724946354665
LYAR,4.22590926655391
GNPAT,4.218747458817167
ADAM17,4.218009808101761
MFSD1,4.2173553921055005
MAEA,4.215633745065715
NRP2,4.21491354014776
PPP1R8,4.212138418705157
PPP3R1,4.212089598552498
RNF149,4.208540995573491
C4orf3,4.204368546141041
TMEM183A,4.20384550222903
UCK2,4.202768716803408
NDUFAF2,4.2026461315067145
H2AFY,4.202193412436761
CRYZ,4.200340661196975
MTIF2,4.200050636491547
MCCC2,4.197908849090578
ATP6V1A,4.194433679991891
MBNL1,4.187660810049248
TRAPPC3,4.187228370727838
DHX30,4.186902775464167
COX20,4.185505609520754
NDUFC1,4.1850781172057605
TTC37,4.180949473987469
DUSP12,4.176694282599394
CHMP3,4.176551367478963
WDR54,4.1765447603352674
EMC3,4.176367665564647
EIF2B5,4.169632890636711
SCCPDH,4.167599573856499
GFM1,4.166892591794126
PDCD10,4.163639338925006
QRICH1,4.160588974385109
PLSCR1,4.1574021351556345
LANCL1,4.157384573350488
CAST,4.15523958680691
DHFR,4.155145057754369
CMBL,4.15411954808398
RBBP4,4.153229798516044
LPCAT1,4.14976489040908
F11R,4.147460689251786
RNF11,4.146408115430758
LEPROT,4.144543650176448
UGGT1,4.141506611524087
LRPAP1,4.140331462782897
GMPPA,4.137346498595496
COX7A2L,4.136842567012752
ATL2,4.130618767146306
ATG3,4.128628761475753
PEX19,4.128423911140211
USP33,4.127844293670244
MORN2,4.126344659210662
YRDC,4.1183347255548695
HEATR1,4.114881588931358
PRKAA1,4.114358511349395
UNC50,4.114115051311262
RETSAT,4.113177766891097
POLE4,4.1066272673999356
SMARCA5,4.106294280114393
MSH2,4.105519816769712
NCBP2-AS2,4.1040898801236745
CTDSP1,4.103838441236642
DCAF8,4.101428540210686
NDC1,4.10073018291902
MAD2L1,4.100081879313367
GRSF1,4.099859650539693
KRCC1,4.099367663525947
CENPH,4.0986413123044105
ZNF330,4.098499116229768
OSMR,4.096619337110016
TOPBP1,4.096106008645172
CRTC2,4.095647612514917
PTMAP2,4.095247946882851
DUSP23,4.092918626019579
TXNDC9,4.091770730330842
NEK2,4.091315562207086
INTS3,4.0905741566745455
HADH,4.090528615829096
WDR75,4.0876282408324425
OSBPL9,4.087434066031829
PEF1,4.0868055840788005
MARCH6,4.083305512063438
DPH2,4.079413549900476
FGFRL1,4.077880115066917
LSM10,4.076651422007594
HSPG2,4.0759586348062085
ADCY3,4.075868461690793
TNIP2,4.074816158705183
IFI6,4.074463642293511
NIT2,4.072150637778807
RBM8A,4.071034290118072
AGTRAP,4.070102651523882
RNF4,4.069381552391396
ATG16L1,4.067488909475117
KRTCAP2,4.0674312694032535
HTRA2,4.066414947519868
RYK,4.06621975951112
MTATP8P1,4.064142878304956
DNAJC19,4.063700673779462
VCAN,4.062652091875122
UBP1,4.062190207864773
CLDND1,4.060976770608384
MUL1,4.058769650949228
MLF1IP,4.058291121897375
DROSHA,4.058285313863952
ENAH,4.057582508139647
PYGO2,4.0566084860901706
IQGAP3,4.0556090234226
B4GALT2,4.051155331787299
TTC4,4.048899810257507
MYEOV2,4.048538871844925
OPA1,4.048417280539023
CGGBP1,4.045758153421122
KCTD3,4.0409198644359705
TMEM127,4.039564927649748
FAM20B,4.0394599183759645
RQCD1,4.038014206313195
PLXNA1,4.037689036842612
PNPT1,4.037674413080247
ADI1,4.0307316940240865
HPS3,4.02755263140178
RFX5,4.02639287192535
FRG1,4.024728518682765
DCAF6,4.0224056501208985
NUP133,4.022306745007779
PRKCI,4.0216004320472
PKP4,4.021375828023802
MOB4,4.019433426426832
TMEM69,4.018964900971407
GMPS,4.017966558870101
SEPT11,4.017905747148995
EIF4E2,4.016804021245074
FMNL2,4.015551949756228
CISD2,4.015173064427764
DESI2,4.014351977610198
NCEH1,4.013979707998513
PJA2,4.012692591933771
LRRC42,4.012571808088378
SUPT7L,4.011547563055008
LRRC8D,4.010453783756894
C4orf27,4.010017331665306
DNAJC11,4.009078655692831
SELK,4.007990465111117
SPC25,4.00472989352857
SLC35F5,4.003544228395425
RABGGTB,3.998800177680751
FNDC3B,3.9983290185182825
CCDC58,3.9950710240127734
GBE1,3.994671175427117
AGA,3.9887385452055155
LEPRE1,3.988397417260456
PPIC,3.9867269589186365
HLTF,3.9848994126133235
CTBP1,3.9846237284568584
CPSF3L,3.9839228813508356
CCNL1,3.9801252688889868
BRE,3.975928865360922
SRRM1,3.9758220805214735
LSM3,3.975090134014652
MTX1,3.9738825627908896
CNIH4,3.9733037942602487
UBE2B,3.971691634761202
PGM1,3.9711261038740915
PODXL2,3.9701826976850683
B4GALT3,3.9699622760980433
PPCS,3.96993728933425
ISG20L2,3.968466412375387
RP11-234A1.1,3.967136956062953
ATAD3A,3.9650937096367027
CHTOP,3.9643152735775504
C2orf47,3.9620114141892615
TARS2,3.9619515163197154
NDUFA10,3.9603189331004303
EXOSC7,3.9589754521805944
NCKAP1,3.957387977949684
PUM1,3.957308391681258
BCS1L,3.954520297216014
SPATS2L,3.952124481711017
ITGB1BP1,3.949490582976455
NUF2,3.94584997492972
IGF2BP2,3.9436752930317525
RANBP2,3.9432133012108004
COPS7B,3.9393555381826366
PPIH,3.936873623280165
LARP7,3.9367808054918627
GLT8D1,3.936401448877976
INO80B,3.9358417813602196
SELRC1,3.934253304725242
SMG7,3.931107533131533
SMYD5,3.928731191869982
RNF25,3.926987797683235
AGPS,3.9266539894963848
CAB39,3.9258731986409217
TBL1XR1,3.9254752035563913
KYNU,3.925167746416322
CAMLG,3.9241834047504773
MRPL19,3.9233992618759843
C1orf85,3.922551101934778
SNX4,3.9214957050814374
NCK2,3.9209842613550108
PPA2,3.9194131220789643
KLHL12,3.9190992454095395
TMA16,3.9175469745548774
KANSL3,3.916912045695112
MPC2,3.916426475523957
WLS,3.915558453319005
CCDC115,3.9153947862622207
ILKAP,3.915362650247756
PSME4,3.914563282718054
AIDA,3.913102903638778
EFCAB14,3.9126030567420536
POMGNT1,3.9108585012875423
DIMT1,3.910591435169407
NBL1,3.9103949903421626
MRPS18C,3.906719651249729
RPIA,3.906496484257295
ZMYM6NB,3.9049822773680476
MRPS36,3.9029285085130083
F3,3.9003591902166383
GCLM,3.900020779201252
DYNC1LI1,3.899551797411791
PRKD3,3.8989463773110704
KIAA1522,3.896186456000242
EDEM1,3.8959942096110924
MRPL35,3.8895583848375552
MSH6,3.8888867493610975
RNF13,3.8879176857222255
RTCA,3.8843355252004415
MRPS22,3.883178475546116
ARL8A,3.882519393492887
DFFA,3.8824076761905495
NMD3,3.8821441328223885
TP53BP2,3.8811174885621003
GALNT7,3.8767716059991417
CENPA,3.873623945341787
RHOQ,3.8722630394332533
ANTXR1,3.871103700512366
AGPAT9,3.8661117658464677
GFM2,3.8659929404626276
IGSF8,3.865195350843857
CYB561D2,3.8638828816098445
ACAD9,3.861746887728994
TP53I3,3.8610457332271904
FASTKD2,3.859813470701529
SP3,3.857957090898926
TRIO,3.852553131556754
TOR3A,3.851141965032624
ACSL1,3.848448355566523
IRF2BP2,3.847490581946545
PHC2,3.8465670199299957
ABCB6,3.8452045569503572
EML4,3.845158767645914
SEL1L3,3.8440097452040196
LETM1,3.843527403141785
WDR26,3.8433435163594982
GYG1,3.843104360781361
LPGAT1,3.8426212768234715
MLH1,3.8390661722638098
WDFY1,3.8380664461950826
SKIV2L2,3.8367558831593107
PRPF38B,3.8367464527142405
RBM15B,3.836271509431658
RBMS1,3.8354334106478984
MAD2L2,3.8351325036501045
CASP3,3.8314804650231005
SCAP,3.8269573056172135
RAB5A,3.8252256119862476
APITD1,3.8246868349678294
TRMT61B,3.822192440588701
SS18L2,3.8208455475272234
RAB4A,3.8190862225407045
SOAT1,3.814875524947047
PCYT1A,3.8142157253247397
EGLN1,3.8091804691462285
SLC25A38,3.8089332265283224
QPCT,3.80561788827078
PSRC1,3.804490072742975
RP11-122C9.1,3.8031685118101657
CD55,3.8029690838096193
GPBP1,3.802743578736124
ABHD10,3.801154941957387
ATG4B,3.8006582620508707
AP3B1,3.8004210071461535
NDUFS1,3.799450926065663
UTP11L,3.797289433610288
KPNA4,3.796840364038532
MEAF6,3.7937394117771426
MGAT5,3.791041074128447
NUP54,3.7881496517440816
POLR3C,3.7877252047395014
MPHOSPH10,3.783828974683787
GALE,3.7830788110150535
FANCL,3.7823242277848315
PRKRA,3.780623541792201
LIMS1,3.7771419568333457
SNX7,3.7759471739415904
NEK7,3.774208084043787
CAMSAP2,3.77097316362152
MPV17,3.770551047054101
DNTTIP2,3.7695026872322113
GAK,3.7692086521091572
YY1AP1,3.7690736385217263
SRP19,3.7666681966854063
TBC1D14,3.7665647353920604
LRRC58,3.7625379448014242
KIAA0907,3.7612444073353557
NOTCH2,3.7581058971512094
BPNT1,3.7571101759567647
NOL10,3.7544123533736666
SMEK2,3.7541141422788247
KPNA6,3.753116275193825
CDC73,3.7526684824044776
UBR4,3.748188676238584
ARIH2,3.7435230174831857
DHX36,3.736680863609976
ISG15,3.731876635961958
SKP2,3.731634861951529
AHCTF1,3.7309806719989926
OCIAD2,3.7293403348132563
YPEL5,3.727794404714656
TUFT1,3.726315169956655
IL6ST,3.7262646095041383
HACL1,3.7241473852766247
EHBP1,3.7231789533698496
SDC3,3.7228914574881355
ERBB2IP,3.721858488804287
RAB3GAP1,3.721380786184072
DNAJB2,3.7192229069972136
ANXA3,3.7181042993150957
RFC1,3.716086631836976
GNL2,3.7153348811599476
FBXO11,3.7119136540859277
SNRNP40,3.7116988078963846
USP19,3.710415859171968
GPD2,3.7063146922174908
POLR3GL,3.7041501008004194
KIAA1524,3.702751107051809
USP34,3.7013384873809763
PPIG,3.6947076377217556
DLG1,3.6945925084218607
EIF4G3,3.6939471412439637
C1orf122,3.69267500600879
ISY1,3.6919322970634276
CPOX,3.6895542166272697
CHCHD4,3.6887067516944705
TCEB3,3.6873910970994026
ASPM,3.685920820552846
FUCA1,3.6852983583905243
CLK1,3.6835744551979945
TPRG1L,3.6829560990308465
CENPO,3.6828880558700674
THUMPD3,3.679814197354627
SLC30A5,3.67944714392635
AGBL5,3.678802124970657
ABHD14B,3.6774137408481145
MFN1,3.6759159707254163
TMEM165,3.6729165626725737
SLC6A6,3.6725518998120514
COMMD2,3.6710602932217884
ACADM,3.6708009018751753
TMEM33,3.669694883242718
GFPT1,3.6687275185104133
DTL,3.667226406221765
CLASP1,3.666959347390043
KLHL5,3.6665566479630307
ALDH7A1,3.6648895076457237
CASP6,3.664036536424819
MAPKAPK3,3.6634517870545142
TIA1,3.6600041153603073
RAB7L1,3.6596545164736916
ACY1,3.65779010145028
MINOS1,3.655555971711756
PEX11B,3.6513980587086956
RBM6,3.6505773458541912
RDH14,3.649810997921453
RPS6KA1,3.6496136065591696
NFKB1,3.649610329953799
ORMDL1,3.6494092751311364
MKRN2,3.64900931036019
PBXIP1,3.6490004137579883
STRADB,3.6452096819903015
DNAJC13,3.640619091386311
C5orf24,3.6405246701907257
TPRA1,3.639569770091509
PIAS3,3.635936611416785
IL8,3.6339799268805453
AC007390.5,3.6338613965411866
FLAD1,3.6334432115886632
FBXL5,3.6318588263809417
PAM,3.631146225296593
NFU1,3.6300273951423687
DEPDC1,3.6297433581632146
QDPR,3.6295175067012804
CUL3,3.629450618987015
SDAD1,3.628831019376841
EXOSC9,3.6218555311283933
KDM4A,3.6217567090948264
COQ10B,3.620749345155533
EPT1,3.615971043537203
CCDC51,3.614368747461486
PPWD1,3.614295526001984
MBD4,3.612266146527798
EXO1,3.610757184822004
STK16,3.6103388753226624
ARV1,3.6096151227314976
CKAP2L,3.609362553989627
BRD9,3.6090663556240847
YTHDC1,3.6087687482812805
TCTEX1D2,3.6084209118881865
TATDN2,3.6079896719831024
GSK3B,3.607681760762887
MRPL55,3.6042981077235385
S100A4,3.602975365491801
TMEM222,3.6028217687267663
KIF2A,3.6027228309060586
CD47,3.600635306288052
UBE2F,3.599221348357158
ZNF281,3.5991373825504085
F2RL1,3.5983267143887616
RFWD2,3.5967643946205676
AFF4,3.5966788614199463
COPS4,3.5966644846248124
UCHL1,3.595439907152734
SLC30A6,3.593085156301635
MRPS14,3.59191224120172
KIF3C,3.591881127633267
PPP1R2,3.590303348313308
BIN1,3.5894650935167536
BCAR3,3.587851395050482
VAMP8,3.5855690827088593
NADK,3.585491538979621
COA5,3.583953457087754
PTPN23,3.583364921984844
GTF3C3,3.579496386202017
SLC41A1,3.5791040485844134
PHAX,3.578832206301229
ARL6IP6,3.578541514020762
SYF2,3.5778498697544356
POGK,3.57783889148407
S100A2,3.5766435787782602
SH3GLB1,3.574194560234235
STX18,3.5736203868360357
UBE2J2,3.5732729835569486
AMPD2,3.572644840391023
OXSR1,3.572264744968303
NCK1,3.572160355740662
ENC1,3.5717261626956893
CXCL1,3.5706785323489325
EIF2B3,3.569791360595635
PRPF3,3.5697330887173364
TUSC2,3.5666548923403965
WWC2,3.5651854329835935
CLK2,3.5636613958450956
GOLGA4,3.5622836483254674
ROCK2,3.5608881085626116
EMC1,3.55944219606139
HPCAL1,3.5592251794934455
SMYD2,3.5564795118976753
ANKRD17,3.553600358493251
TMEM129,3.5519917595938413
PALLD,3.5519549347487307
DHX29,3.548997616646678
VHL,3.548500054522247
SLC30A1,3.5481945473699867
SETD5,3.547560276453583
ITGA2,3.545927191144808
PTCD3,3.5458846377113726
NAB1,3.5404701687014
ZFP36L2,3.5384759034864444
NUP155,3.5316110069092814
SAP130,3.5302520347533566
SGCB,3.528211536241883
AP1AR,3.5278021046762427
AGFG1,3.5258774655353182
QTRTD1,3.524545734971614
ASAP2,3.524265676683386
POC1A,3.519784389611685
DEPDC1B,3.5197546085371125
COL7A1,3.5184972957948495
CLCN3,3.5183384681369354
ACAA1,3.5156234803316493
ID2,3.515364295282606
GLRX2,3.5144740945555033
DEDD,3.5123668031798307
IFT57,3.5102587447604563
SH3BP5L,3.508561993003514
FBXO28,3.506085243678277
PPIL3,3.5042546411076927
UBA5,3.5037599230960232
RIT1,3.4979201837680076
ZBTB38,3.4967149674948796
DALRD3,3.496641648404047
TMEM167B,3.4944421485923143
SLC30A9,3.494345408396017
SCP2,3.490868742728974
CWC22,3.4902669909556447
TGFBRAP1,3.4901752718021086
NAA15,3.4896348933377594
PAPD7,3.4873913452538763
AMMECR1L,3.482764526065166
TMEM41A,3.482088017178929
PDE6D,3.4805669362365426
SNAP47,3.4804184767355957
PPAT,3.478969584898738
TMEM18,3.478809926165281
GGPS1,3.475789385314219
GTF2B,3.4754191291471397
PRKCD,3.4751386679092384
FAF1,3.4690089816590053
CIR1,3.468418067826599
CLCC1,3.4676960791935394
BSDC1,3.467207815596098
FGF2,3.466126285297355
IAH1,3.4642934642998156
BTF3L4,3.464170568240941
CCDC80,3.4636592037068397
CCDC93,3.463117357734513
EXOC3,3.4615733485697397
PPM1B,3.4602891872962496
DRAM2,3.4592519490430997
TANC1,3.45899378444256
IFI16,3.4583649486735992
PNKD,3.457871523285736
PKN2,3.455065343908871
SETD2,3.4544156643699613
SMIM20,3.4538663540427037
LRP8,3.4534560308303948
DENND4B,3.4501923316770946
POLR1B,3.448261886981317
MITD1,3.4481339036779737
EIF2AK2,3.445808262129784
CENPK,3.445175095808113
NUAK2,3.4435572975813855
ELP6,3.4425635547330713
MYD88,3.4410808810144977
TXNIP,3.4402683136249927
B3GNT2,3.440252369958266
GUF1,3.4384434562299684
ANAPC4,3.43746977477414
BROX,3.436104870129608
DBR1,3.432009116208448
CMSS1,3.431705679251399
HMGB1P5,3.4295021315390066
WFS1,3.426424376198566
MOCS2,3.4255525793098154
MRPL1,3.4251791185949365
GPBP1L1,3.424422341561852
CCDC104,3.424166168314407
CCDC71,3.4231861156415895
PCCB,3.4228500055085114
RPL4P4,3.4225813285790387
WHSC1,3.4220192746673406
FAM189B,3.4189787664595053
PELO,3.416956607666437
COMMD10,3.415939516545583
HYAL2,3.415888286093981
USP21,3.4153683856467443
GOLGB1,3.415166346833766
ATP13A2,3.4123036288025346
ARID1A,3.4122758149280377
DHRS3,3.4120177279710835
SMC6,3.410267823501817
TXNDC15,3.408430888308264
YEATS2,3.4074151328132722
PIK3CB,3.4061858443666786
R3HDM1,3.4060868427985374
SFT2D2,3.40485438766269
SNRNP27,3.4031945308857026
TMEM184C,3.4027814181549694
PGM2,3.4017092643372457
PRADC1,3.400479283892283
SDE2,3.4004514341098506
C1orf174,3.400061581636168
FAM162A,3.395035019168308
ISOC1,3.3945619095327224
CCNH,3.394454858827127
PAPD4,3.39333275304629
TMEM237,3.391953446547235
TAF12,3.391153433576447
ZNF512,3.39104714261631
BDH2,3.3908168099505787
KIDINS220,3.3894780851184065
KIAA0947,3.3866814673986894
MGST3,3.3864791766340048
NPAS2,3.3859195047855177
POGZ,3.3843707674692864
LBH,3.3834062583810387
KCMF1,3.3825923286431414
ANKZF1,3.3812706528944685
SEPT8,3.378653796511172
WDR3,3.375737480444164
LRRC41,3.3752974880610602
F2R,3.374529330720033
DNAJC10,3.3742236451173455
KTI12,3.3726488413666735
NUP35,3.3716341897413886
MOV10,3.3711748767252363
EFEMP1,3.3707927704738907
HTT,3.3684272911405078
ATP2B4,3.367804710895079
IP6K2,3.3669425655585346
AC007969.5,3.365552545553872
FAM208A,3.3623611262366206
UBE4B,3.361064351267464
PRKAR2A,3.3602159648307377
RBM5,3.359288540121122
NMI,3.359264853647959
WRAP73,3.357794293761721
SLC4A7,3.3574063901082725
RHOBTB3,3.3569937682916673
AC016739.2,3.355890592982114
PPP4R2,3.3556814137419546
AC011737.2,3.3520765677968236
EXOC1,3.350645047736632
PDLIM5,3.345423184121888
MAP1B,3.344297270008479
TRAK2,3.3413830380756564
SEC24B,3.340810907578543
RAP1GDS1,3.3407633652828372
CDKN2C,3.3366184386330313
ETV5,3.3358456621045476
CEP170,3.334345586034015
SLC25A12,3.3334562628509636
TMEM131,3.3315508680237698
SREK1,3.3313996880227825
SACM1L,3.330650302183305
ATF6,3.3303641488654847
SCOC,3.3286569649093942
PRPF38A,3.3258978728925963
TMEM177,3.3254073916502396
NIT1,3.3240948981799545
ANAPC1,3.3209238712947564
DNAJB4,3.3159819922491622
AGGF1,3.3152231156268486
PCBP4,3.315073043914856
CCDC50,3.314675724649001
P4HA2,3.3141860945571957
TTC27,3.3128408165342695
PLXND1,3.3117638421426085
NUDT9,3.30827171193862
NFYC,3.3077910482499946
PPAP2A,3.307476889929731
TMEM87B,3.3050884820223967
DGKD,3.304996199376273
MRPS25,3.3040367727863615
ZNF672,3.3034316523242975
RNF19B,3.3020895880814733
SLC25A24,3.3019565658346957
TCTA,3.301643842893245
AZI2,3.300890173216428
ACVR1,3.2999814581635447
TGFA,3.2994481423543416
NME7,3.2993597206340084
RTKN,3.2985383410892877
BIRC6,3.2981254765641945
PRRC1,3.2976019241032435
TOR1AIP1,3.2975819958933243
SNRPGP10,3.297252201380019
ABCD3,3.29708814143169
IGSF3,3.2937831296676037
MIR3916,3.2931801875853988
MLTK,3.292152302525976
PIGK,3.291015404261362
ARHGEF2,3.2892808599668015
ORC2,3.287986823113513
SKIL,3.2846775686599674
PKD2,3.2839787181049633
IP6K1,3.2823377909461677
GTF2E1,3.2822921876811075
PPP3CA,3.2807707110361926
AC108488.3,3.2777129659435
SETDB1,3.2766562354708255
PREPL,3.2749464689445564
KPNA1,3.2717110797129174
MAST2,3.271681359159414
SLC16A4,3.270968238298174
MTMR14,3.270940788538947
MFI2,3.2705877364849147
ATF2,3.268987984956068
TMEM206,3.266691412177854
NEIL3,3.2665596358365363
MTOR,3.2659225679028077
C5orf51,3.2654509128796545
KIAA1430,3.2633767547013313
RBBP5,3.261691944885813
PPP2R5A,3.261587417963105
MEF2D,3.2597350692323386
WDR12,3.258851282790141
MYCBP,3.258330947196241
IPO13,3.2582591251449013
ANKRD28,3.2578941504349825
CDKN2AIP,3.257455786100449
SESN2,3.255489321362367
DCK,3.254745590157308
ZMYM4,3.2546599738514996
TPI1P1,3.25401527817802
RASA1,3.2512888666457465
CHD1,3.24634398521213
SLC12A7,3.2454551300610697
ORC1,3.2451481419102053
POLR1A,3.2431333358622907
STAG1,3.240775857594667
SAP30,3.2393147021284463
TOE1,3.2390291258553767
RAD50,3.2386848184531
OSBPL11,3.2379209088188756
MRPS30,3.23661995458515
IQCB1,3.229786531784382
SLC39A10,3.2280926433341146
C5orf22,3.227787684418152
AFTPH,3.2276370882374663
UCHL5,3.227629668618897
FNBP1L,3.2272571704638717
PIK3R4,3.225939867183534
PRUNE,3.224851927015969
B3GALT6,3.2244850044079203
C1orf198,3.2241941424915144
PEX14,3.2236976976247917
RUSC1,3.221370171983883
LSM6,3.2197572851336322
MGLL,3.2193415521076236
WDR70,3.219025387317371
CRIPT,3.2184337999216406
SIAH2,3.216630993812339
YIPF1,3.214918766018272
EDEM3,3.213735693978348
RPUSD3,3.2121385618384806
GPR125,3.2118990204063054
USP24,3.211892259231154
TMEM128,3.211736251423403
KIF14,3.2111122116731017
CDC42EP3,3.2063004738991157
KDM5B,3.204909391339673
STK39,3.2030795050160084
OBSL1,3.2014696431230134
TRIT1,3.2007841099117336
SPRED2,3.2003142105149807
C3orf17,3.199019368702365
RAP2B,3.1987762732931078
FAM213B,3.198013180851255
CWC27,3.196806337772216
FAM114A1,3.1965351802191417
DPH5,3.195226032923642
GIGYF2,3.193241439319936
SENP2,3.193200566612415
CCDC14,3.1914865218767994
HK2,3.19065465184535
TTLL4,3.189144170668845
TMSB4XP8,3.1875360579161227
NOA1,3.186536205722224
ERAP1,3.1864723525010477
TMEM39A,3.1858833516866625
COL4A3BP,3.185867840455828
RP4-758J18.2,3.1855363313845486
MLLT11,3.185295936228531
PQLC3,3.1833027684481032
ABL2,3.18152973924634
NKTR,3.180709453420564
INSIG2,3.1795617428688154
LARS2,3.177552069604267
CCBL2,3.177196007880381
CDK11B,3.177081201967722
ASH1L,3.176328796934628
SCNM1,3.1757514988976667
MTRR,3.175724265639873
CYB5R1,3.1734224921872465
ARNT,3.1729525958843783
TMED5,3.172779237115653
BBX,3.172659139113904
FOXJ3,3.1721624731585325
AHSA2,3.171065274008024
ZNF692,3.1706386167095695
DTX3L,3.1679884411777315
FYTTD1,3.166839375027361
MTMR12,3.164882889739976
XPR1,3.164446566158233
WDR53,3.1631053068306296
EEFSEC,3.161037794121919
LZIC,3.1607348828077253
NCDN,3.1566970704301176
SMARCAL1,3.1562606864576814
PCGF1,3.1554506420769894
CDC7,3.1537995527214524
SRGAP2,3.153681382984955
TLK1,3.1533786309154004
RFT1,3.151090604447029
VPRBP,3.150938861616149
TIPARP,3.146865546030684
TMEM51,3.1449611712710968
INTS7,3.144768368351347
RP11-3P17.3,3.143915852424298
ZDHHC3,3.13593908418706
ARL5A,3.1358128945641273
OTUD4,3.1350889341850574
SH3D19,3.13208524313085
SLC41A3,3.131207551474891
HECTD3,3.1305726873639124
EPS15,3.1293651143600574
FAM174A,3.126966934779706
USP48,3.125378130257834
SLAIN2,3.124673808866698
NVL,3.1245935830826412
PRMT6,3.1245748245815297
GMCL1,3.124465252562493
RBPJ,3.1242144779975134
MAP4K3,3.122831675565307
MACF1,3.1218958967761345
HSPB11,3.119564192076879
ARFIP1,3.11734686649037
UFSP2,3.1161491787222086
PHACTR4,3.1147443888255175
LUZP1,3.113499666586032
HS2ST1,3.110636209941346
STRIP1,3.109763595162258
ZNF639,3.1058837119149576
C1orf27,3.1055712366237196
SERINC2,3.099946361293527
GLTPD1,3.0965750743434453
PUSL1,3.0960153356497675
H6PD,3.0940153744329684
COQ2,3.0914047643346083
SHISA4,3.089618959718845
COG2,3.0891804657098327
SUCO,3.0887799450618245
PTPN18,3.087865320236372
CAMK2D,3.0850483604123276
RASSF1,3.0828826289984135
SRD5A1,3.0819274124977656
MTND4P12,3.0795887793833105
LRRC40,3.0781701767304033
PIGG,3.077374734701706
CERS6,3.075836692850716
SCAMP1,3.07474501121806
SKI,3.074570774621417
RNF123,3.0744117317279662
CHAC2,3.0729788127159217
CMTM7,3.072513447604086
APPL1,3.072509555503247
ZNF638,3.071914392787665
TRAPPC11,3.0716225638377517
KLF3,3.071381619437672
CCNYL1,3.070602567376463
TYW3,3.0702925318014085
BMPR2,3.0689185676532733
SEMA4C,3.06827673480705
ZBTB7B,3.067697658869872
MSL3P1,3.064681873900597
PHF13,3.059789585579045
PLK4,3.0589681635769437
PINK1,3.0579359700856856
NISCH,3.05783474997119
WDR41,3.0577070798155717
IFT80,3.0574353328923802
RRAGC,3.0571087171947973
CDC42SE2,3.056246295436131
ASB1,3.0558675887848525
TRAF3IP1,3.053838710296745
KIAA0319L,3.052837253340204
SP100,3.0523559329351855
SLC25A36,3.052338968321198
NELFA,3.051551562227145
SETD7,3.0509815700551273
UBA6,3.048702328131707
PCGF3,3.048213017044142
ATPAF1,3.0481718872478383
TBC1D23,3.047084152534819
PET112,3.0465083318599366
STX6,3.043597498760118
BLOC1S4,3.0431670004274793
G0S2,3.042702666844599
E2F6,3.0404023828737237
TRNP1,3.0359389868882576
SMARCAD1,3.035875144111454
ZDHHC18,3.0352859330000683
SLC25A44,3.034714422347768
ABCB10,3.033924392694118
CBWD2,3.029215081688966
REV1,3.02680472897379
FBLIM1,3.0257299004124865
USP40,3.024868420042124
CRBN,3.0240434337664546
EPCAM,3.0232084100541914
NDUFAF7,3.0225638919595545
HEG1,3.022352422842992
LINC00339,3.0216187644440295
MINA,3.0212377576318823
FAM129A,3.0187398494457156
PHF15,3.017286449520361
NSL1,3.0168698888460117
TTC31,3.0166996331570446
MTFR1L,3.0157451961114004
SEC24D,3.0133630921273262
HIST3H2A,3.0131041373837544
RAD54L,3.012336973651195
LPIN1,3.011189848153888
SNHG12,3.010470099352519
AC007362.1,3.0095920285967033
ELOVL6,3.0091294055392517
PIGX,3.0090244432343773
SCMH1,3.0071320234098278
ARRDC3,3.0071276740744217
DNAJC21,2.9998295199930545
LRRFIP2,2.998562351154963
VRK2,2.997964162654837
ACAP2,2.996678638890407
LHFPL2,2.9963496468000343
ARID4B,2.9953443206351706
PDIA5,2.9942404095927633
TRAPPC13,2.9935487465773636
GOLPH3L,2.9927384667381154
STRN,2.9919264737991926
CDK11A,2.9902937062612107
AC016747.3,2.9895058277586273
GGCX,2.9891813058455763
STIL,2.988844353687835
PIGC,2.9877982991208554
MCCC1,2.987433013704654
RAP1A,2.9862784719703477
TANK,2.985797127247841
RMND5A,2.9844241925641097
ARHGEF11,2.984340124416598
NAGK,2.983355983759639
IPO11,2.9807260375809945
EPB41L4A-AS1,2.9783848817477545
RAB11FIP5,2.976009586983171
DPH3,2.9758750368727376
MXD4,2.974606534840237
ATP8B2,2.9737383470063015
CHML,2.9731546042811723
RRNAD1,2.9685374696290925
IRF2,2.968323803897603
B4GALT4,2.967008633289467
SMAP2,2.9660115493795303
NPRL2,2.965368562831017
DCAF16,2.9650194824206437
MSTO1,2.9624439878275637
SOWAHC,2.9618699036449567
GORASP1,2.9611886961445824
CENPE,2.954878072738613
ANKRD13C,2.9533679947518503
LGALS8,2.9495311057509572
SPSB1,2.9487136896842525
SPEN,2.9483346446802976
ZNF687,2.946865562779007
NUDT16,2.9463182652735576
HIPK1,2.9458365766633285
TSSC1,2.9452153048630354
CNOT10,2.9440076833257316
FANCD2,2.943841270781466
SLC35A5,2.943142732476842
MIIP,2.9427901884215224
BLZF1,2.942531269111585
TEX264,2.9425023320592842
SGOL2,2.941803018745943
SEC22C,2.941423510594845
RAB28,2.9401656100186737
CEP85,2.940015009229517
STAMBP,2.9392525562326166
VPS54,2.9383808831762646
XRCC4,2.93816135438148
CLIP4,2.9371660756488502
AFAP1,2.933026056532863
COMMD1,2.9313216275436935
GPN2,2.9296587590527046
STXBP3,2.9294929901992823
MAN2A1,2.928835264292355
KLHL21,2.9287674518172477
CSNK1G3,2.928547325777156
RNPEPL1,2.9267925629907996
MANBA,2.9256250587743415
RAB3GAP2,2.923111812238663
RABIF,2.9227356647900393
NR1D2,2.919863814462728
PLXNB1,2.9189334689810633
C1D,2.9182545735182863
THEM4,2.916652265438861
RNF2,2.916325368195652
FBXO8,2.915220193409732
RP11-14N7.2,2.912353227742057
MARS2,2.912206284630782
ZBTB8OS,2.9095584830411565
LMO4,2.9094322752084723
EPAS1,2.908631460640361
LAMTOR3,2.908246192305878
KLHL18,2.9078667688605386
DUSP11,2.907118637827152
SNX27,2.907019941332042
HNRNPLL,2.906976007907403
PPIE,2.9069242828337636
TAF5L,2.9043187130517736
TARBP1,2.900795502138932
RPRD2,2.900416912100669
SRSF10,2.8979576069835207
ABI2,2.8962745950262643
LEPREL1,2.8949471940667038
UBXN7,2.894941138743338
NLN,2.8914041380291216
ATP11B,2.8913362741888844
KIFAP3,2.8912567661358586
NFKBIZ,2.8905818625041486
TMEM56,2.8897948987432023
LPHN2,2.887923303544509
STX12,2.887778792309639
RWDD3,2.886817464436352
VGLL4,2.8866299279285035
MTA3,2.8816628961550346
TBC1D1,2.8807971027896344
FASTKD1,2.879275353295594
ZNHIT6,2.8791623034505123
LIAS,2.8772376423008357
ACTR8,2.8767822290453893
THAP9-AS1,2.8761865479593585
TBC1D5,2.8742928252516484
CTDSPL,2.874229873700715
RERE,2.873882568795968
LINC00152,2.8731691272651787
RABL3,2.8708091346093756
CAPN7,2.870734925187465
NIPBL,2.8703500368773565
ANKRA2,2.870197906968538
ANO10,2.86891366638088
NBAS,2.8682039486506183
CASP8,2.8663112015939594
CC2D1B,2.865725235385682
NEK4,2.8648950822734047
DNAJB14,2.8632652375351735
SOCS5,2.8615388224402127
LXN,2.8613199072177227
GNB4,2.8607938755986893
IRF1,2.8584799587965626
MGST2,2.8572098780309836
CETN3,2.854538269829875
FBXO45,2.8526757223491592
DHDDS,2.8521617142365003
IRS1,2.852153969513194
LRBA,2.8519546449609847
TTC7A,2.8517510844713243
SLC25A46,2.8516343846940924
EAF1,2.846473623827007
PTPN13,2.8411174241539077
DR1,2.840800611512184
PEX13,2.840556248504249
THUMPD2,2.839483649227954
MLPH,2.838943709129852
HS6ST1,2.8389110193685325
CFH,2.83822940936405
MAN1A2,2.838098427095306
RBM47,2.837246374869275
C2orf76,2.836845393226888
MTND1P23,2.8363504931596855
RP11-101E13.5,2.8363446270732733
WDR36,2.8363240964325573
EFNA4,2.836284524347492
SLC22A5,2.8357211107512312
PEX10,2.8356124287709363
ELK4,2.8350108576298667
PHLDB2,2.8346333726677737
SIKE1,2.8334595834184477
ZNF513,2.831388952410553
RALGPS2,2.8280766691594845
TAF1B,2.827543010963232
BRPF1,2.827262239142376
USP4,2.826909757138432
FAM173B,2.8261945966252875
ETAA1,2.8259736230997254
OXSM,2.822943063193717
RRP15,2.822410350365315
WDTC1,2.8209787284815846
C5orf28,2.820041078206014
PARP14,2.818966249623115
PSEN2,2.816884537524082
NGLY1,2.816514891208289
URB2,2.816158706740134
LRIF1,2.8123802243232014
SLC9A1,2.8114259883480446
ASXL2,2.810084701222183
BOD1L1,2.809124306977085
PTPN14,2.8089713386147124
NNT,2.8070462956201037
ZFYVE16,2.8064192045870304
SCFD2,2.8062296543435514
SLC26A6,2.8031197509287136
CAMK1,2.8027066490412462
PBRM1,2.8011303759845867
RAD1,2.8008799462122322
RNF220,2.8008713765720104
C4orf46,2.8005859849131434
KIAA0232,2.8005493479996666
LAMC2,2.7995355767425725
RAD17,2.7983557606116065
ATG12,2.7982414997296856
MIA3,2.7961128214326325
ATAD3B,2.7960915441649834
NIPAL3,2.7952881144725015
ING2,2.794611270439177
POMGNT2,2.7922371171753837
SRGAP2B,2.791733155528911
ELMOD2,2.7900088716470908
TBC1D8,2.7892882039126725
GLRX,2.7891504680155026
SLC25A20,2.786431376273042
LINC00467,2.785233320658243
C2orf43,2.7851499925833743
KIAA1143,2.782919872244515
SEC24A,2.7828449481060513
MND1,2.782427565413464
ACAP3,2.7822928886119898
BCL9,2.7815298291080115
TMEM158,2.7780612528855193
PVRL3,2.7779090547179934
RP11-295G20.2,2.7776264086619027
IL17RC,2.777022374689167
DHX57,2.775219267839477
CNNM4,2.7752149736006206
SLC25A4,2.7744264225719646
C2orf49,2.772926705041943
RPS6KC1,2.772085704089063
RSRC1,2.7700129156276567
RIF1,2.768843645055576
PARP3,2.768285704147976
PECR,2.7674184924999454
KLHL23,2.766683946806124
EPHB2,2.7646892151904017
SERTAD2,2.763744439004631
C2orf69,2.7635803016754505
VANGL1,2.7633746727305706
MTR,2.7619547892713996
BTG2,2.761311106184975
YTHDC2,2.7605152677149527
PQLC2,2.759723822925915
CNNM3,2.759666986930698
CLSPN,2.7594600591172522
IFFO2,2.7593064383750208
CDC42BPA,2.759278158474476
VEGFC,2.7586676986308203
FAIM,2.7566204062837225
PRKAB2,2.75615900765481
MED28,2.7553984066671204
DSTYK,2.754738041400722
USP53,2.7539499811437014
C5orf30,2.752944429420064
C1orf216,2.7497676102317112
KCTD18,2.7491962246491077
COL5A2,2.7485393340198727
EEF1A1P13,2.748078835403584
CHIC2,2.7393600095024326
SERINC5,2.739053155832792
CDC25A,2.7383030877062584
ZNF131,2.737771650420816
ELL2,2.7369898353893514
MAPRE3,2.736075113053017
AMACR,2.7355695139358716
SPAST,2.7332411716477787
ALS2,2.7317001396432836
PDZK1IP1,2.731267361384873
C3orf38,2.7303402432326997
ZFAND2B,2.729313212042601
ZC3H12A,2.728587669120477
SAR1B,2.7279118050738904
SOS1,2.727772657025966
PTRHD1,2.7270433161535483
CRABP2,2.7249566339371984
CD58,2.724928291871453
WDR33,2.724650866381071
NCKIPSD,2.721359780809566
CTSS,2.7213261061327834
ZCCHC10,2.7201797269058736
TTL,2.7195187924078685
VPS45,2.719437361491773
BCL10,2.7193708736758366
TRAPPC12,2.7190380723221748
FBXO44,2.718914858226427
SENP5,2.717017924783468
LTBP1,2.716047180518178
MED18,2.714786675269329
GPATCH3,2.71374356225285
RNF103,2.7132400422750145
NADK2,2.7127406390902458
MAP3K2,2.7126612255892524
TRAIP,2.7116836932542667
GPR137B,2.710016004181669
TMEM192,2.709931254423372
STK36,2.7092807822644462
NXPE3,2.707765892267979
EVC,2.7073531631319647
CTD-2031P19.4,2.707052639251034
ETV3,2.706021671916973
SDCCAG8,2.702556426688877
UTP15,2.701499690879128
RWDD4,2.696939220442097
HES1,2.6967219118080696
C1orf109,2.6961375716873097
ATR,2.6960172755615033
UBR3,2.6951759819628225
UBXN2A,2.6951382842775202
STAM2,2.6949326508079303
PHF17,2.693864872422941
TTC13,2.6936181632918395
PRIMPOL,2.6935205868634804
CHST10,2.6926677502098575
ZCCHC9,2.6920692662279726
GPATCH11,2.691247835550195
DCUN1D1,2.690925815955985
RNF168,2.690077943809602
PNRC2,2.687696731779907
DIRC2,2.6874846241527357
AKT3,2.687140195617159
TRMT1L,2.686583530069241
DCUN1D4,2.6842959076246813
ZZZ3,2.6820211104179634
RP11-145M9.4,2.6814172474923663
SLC1A4,2.6813293695270413
FAM73A,2.6810727820253315
GLMN,2.6805691333899815
SLC12A2,2.679680559634581
SLC39A8,2.679335261174089
ZBTB18,2.676569881700429
PROS1,2.674971664638638
RP5-1024G6.8,2.6740940519055627
USP13,2.673877390199451
PCOLCE2,2.6693913955927577
C1orf35,2.668868768440596
ATP10D,2.6679587601033035
EIF4E,2.667066935411397
RP11-20O24.4,2.6668590308866675
TADA1,2.666074056729571
HNRNPCP2,2.66516889412126
DCP1A,2.664833145363119
NID1,2.6647264025288515
ANKRD50,2.6641121964214065
TMF1,2.663976187618003
ALDH4A1,2.662556842792991
TFPI,2.659685059181419
MLF1,2.658078110403531
MBOAT2,2.6580509997349124
CHCHD6,2.6560579478382
FLVCR1,2.6535664963023042
SRGAP2C,2.65314857139402
DOCK7,2.650863896112014
GEMIN6,2.650025983989398
TRIM33,2.649714357063423
CNST,2.6480348230673827
KLHL2,2.647590424019665
C2orf68,2.6471687110657762
ANKH,2.646889983967448
GCC2,2.6407123088334394
C1orf106,2.6394785068580675
HMGCL,2.639227876016881
AC022431.1,2.638265254885486
AC093323.3,2.6381071349854017
ORC4,2.637446737590879
TFDP2,2.63456513242604
CSF1,2.6335834791873127
MITF,2.63318556149192
SLC35D1,2.6310942252321703
LPP,2.6304801558035984
NBPF15,2.6298626349848204
HIBCH,2.629020378557079
GEN1,2.628059679277549
DENND6A,2.6267618011895695
XXYLT1,2.6253381040189185
SEMA3B,2.6244409356841154
RASAL2,2.6197597280077765
GSTM3,2.6178453939400814
CEP70,2.617067740096068
KDM3A,2.6170606090738198
POC5,2.6166719104895515
THBS3,2.6164494830859533
RP11-343N15.5,2.616445702796234
ZNF496,2.615259727080369
STK11IP,2.614183465577499
OXCT1,2.6140841793519027
CCDC23,2.6139579429203237
DCLRE1B,2.6139235896883393
ZBTB11,2.6132905371520243
TNK2,2.6123890325421852
FARP2,2.612090853013589
CFI,2.611508921644543
CLASP2,2.611278556974478
ANGEL2,2.610957720130432
DMAP1,2.610586473001242
ECM1,2.6102715980807587
MYLK,2.6093742711595005
MSL2,2.6085574401319134
YIPF4,2.6082549946263383
MTF2,2.6067081857591683
SLC35E2B,2.605399099583694
TOMM40L,2.605236993074041
CCDC88A,2.604601452045329
GPSM2,2.6043013634888452
TTF2,2.6042986935409425
SNX24,2.603971710463141
POLR3G,2.6019303137722045
PXDN,2.5997402959372513
PGGT1B,2.599539699264801
ZNF644,2.5984617740247855
TBC1D9,2.5974622121551056
CRELD1,2.595481234723724
WDSUB1,2.592845673385572
OPN3,2.5921450938416863
AFF1,2.588318190691285
FTH1P2,2.5879940622571187
PANK4,2.5874133186084465
UCN2,2.5868887468353887
CCDC109B,2.5868080884252533
AC027612.6,2.5852444160539094
DDX59,2.5836345001296106
POGLUT1,2.582186167420556
KLHL20,2.580705604441319
PLA2G4A,2.5793651188890268
MAN2B2,2.578661087046355
C4orf48,2.578065698083765
PIKFYVE,2.577612599042558
CREB3L4,2.5765034533877347
FCHO2,2.574604875123928
FAM200B,2.5745305226285335
LIX1L,2.5739325531801858
SSBP3,2.5734017571819026
TADA2B,2.5718200089790053
RP4-706A16.3,2.5716708007741684
PPP1R21,2.5714238524899566
EPC2,2.5709058655914014
UBIAD1,2.570660113107978
SCLY,2.569515935377535
TENM3,2.5688425354046664
HEATR5B,2.5677385679288514
ZMAT3,2.5669605255869787
GON4L,2.56689647115595
STARD4,2.5650306501360007
SRFBP1,2.563714005375902
C2orf44,2.562846517659347
PELI1,2.562283456130977
PLS1,2.561808734880404
PRKACB,2.558378426006634
ZBTB17,2.5563972359955036
CMTM8,2.5541703673086924
TTC33,2.5535259845238536
MECR,2.550231086356466
SCRN3,2.5494958860034593
REST,2.5485535262123897
CHCHD5,2.5482239410636733
SSX2IP,2.547575552867625
BDP1,2.547488903591399
STK40,2.5474438645344297
DDI2,2.5459597364158144
ARHGAP29,2.545685339483945
NAF1,2.544652685254952
LINC00888,2.5414066325197613
SH3RF1,2.5409988771624143
TREX1,2.539882743834978
RP11-36C20.1,2.538904984063609
PMS1,2.5361666136576164
GPD1L,2.535382900778885
GPR161,2.5346279611595603
ZBED6,2.5327599283660027
INTS12,2.5321425439880554
CELSR2,2.5317767608885533
CTH,2.5301401570415187
YOD1,2.5296643945759856
IFT122,2.526825348906686
CCNT2,2.5259687957072403
CEP104,2.5248207291376157
CCDC174,2.524812678686375
SNORA73B,2.5247951764009446
CTNNBIP1,2.5238015409204086
LMCD1,2.5220861031969166
TBCCD1,2.5203041073119468
WDR92,2.517899965040018
IKBKE,2.5175894895334587
WBP1,2.5153250491574606
FASTKD3,2.5139058242519217
FOXN2,2.5139048455247863
CDCP1,2.5137077627651143
TMEM175,2.5134560574358416
SEMA4F,2.513357770930915
PAQR7,2.512469764782176
ZXDC,2.5116793719805677
SLMAP,2.5116223414695598
DGKQ,2.511539703767395
MKNK1,2.511256267600334
CREB1,2.510703911858588
SMIM4,2.507691652382552
TMEM57,2.5021065729198124
OSGEPL1,2.4991018694253957
RP11-452F19.3,2.4982444568721633
AC007620.3,2.4970455743842384
WDR35,2.4960523050464727
ABHD5,2.490466425386138
AC017048.3,2.4901794572037046
KIF15,2.4895654801261435
ERAP2,2.4888268498503936
CEP350,2.4841702127625243
KIAA1715,2.4839324514621075
EXOC8,2.4817215493853553
FZD7,2.479835795761422
SNHG3,2.4789331785530617
CAPN10,2.4776710089701606
ABCC5,2.4774302196630527
FAM193A,2.4772744959927353
KLHDC8B,2.4766133131323023
ABTB1,2.476188691330347
FAM105B,2.4761740337346203
SNCA,2.4756979216397093
RNF115,2.4753652216712454
BBS7,2.4752943640754905
ZFYVE9,2.473780180198125
MIER3,2.4736808119094538
FEM1C,2.4716444480653257
HSD17B7,2.470462466600145
CPT2,2.468875084616461
FRYL,2.468394448325872
FHL3,2.46488237051864
HYI,2.464789247481478
MOB1B,2.4640400056151877
NBEAL2,2.461505342660257
ITSN2,2.4610631076955745
SDHAP1,2.4610241080399096
B3GALNT2,2.4607367238517335
LYSMD3,2.4604445100383967
TRNT1,2.460328862166692
JMJD4,2.459063051547385
SLC33A1,2.457514149717253
ZNF595,2.4556438477300655
HHLA3,2.4551856182794696
TM2D1,2.4542261760587754
FBN2,2.453336976935439
CAMK2N1,2.451653186504932
RCOR3,2.451215652041821
C1orf52,2.448870739391913
SLC35A3,2.447523194430175
MUTYH,2.447184671395537
RYBP,2.4462878141681696
AC024560.3,2.444694109129657
ITGB3BP,2.4446338438641977
PLA2G12A,2.442966242863594
ARHGEF28,2.441416548921745
GATAD2B,2.440197590853387
CROCCP2,2.439744228057739
SNORA73,2.439433814743907
MANEAL,2.439220435697998
FNIP1,2.4390544646856687
SNORA63,2.4383812161971545
PAX8,2.4369122068491333
TROVE2,2.4365383392987776
TTC14,2.4353950809728455
C1orf63,2.4351651453753096
RASA2,2.435153919770266
DIEXF,2.433747245667925
WDR47,2.429193854729452
ZNF148,2.4269787927794817
SUMF1,2.4246538169980165
KIF1B,2.4241771899524998
ATF3,2.423790055215735
PITX1,2.423619431876362
CYBRD1,2.4235280557477523
ARMC8,2.4232770624511075
CTD-2287O16.1,2.4222586051151533
ETFDH,2.4213056255062315
NFXL1,2.419209338659338
RAD18,2.417564038413643
PIGM,2.41615336721627
AC093838.4,2.415303868170252
NOTCH2NL,2.413897528312952
NCOA1,2.4123736652142656
TIGD2,2.4122441035795417
EYA3,2.410369085964951
ZNF326,2.407868491112272
RPL10AP6,2.407831748948252
ARSJ,2.407151683543517
SNX25,2.406341762269759
DDAH1,2.4053279587820553
MSH3,2.4053144368234243
MIER1,2.404088399874442
ACOX3,2.403367414192785
GULP1,2.402602410010482
NABP1,2.3983560211920065
EVA1A,2.3979941843654022
APBB2,2.397754596878041
ZNF362,2.395353174198428
CEP120,2.395065083858913
LYPLAL1,2.3949200560916206
CTTNBP2NL,2.3948601508236362
DDX20,2.3916717377195464
RP11-408P14.1,2.391072884504615
HSPA4L,2.390598451836411
DCAF17,2.3902846343059134
PPARG,2.3890882381899488
NPHP3,2.38827418190281
FAHD2A,2.3861445614840737
AGAP1,2.385047247542325
DYNC2LI1,2.384795285104122
ARL13B,2.3828426887855962
TIGD1,2.3818548782818514
ZBTB48,2.377194532234921
TMEM44,2.376401769119903
WDR48,2.375218110089695
RBMXL1,2.3720318622555943
BCHE,2.370588720165689
SORT1,2.368324010100803
TSTD1,2.368258248585781
RAPGEF2,2.3655905602955745
EOGT,2.3654287602188253
AC098614.2,2.3643137239859877
ZBTB40,2.3642457877148817
NBPF1,2.364141603336197
PDGFC,2.363890577837668
ARMC9,2.3620609335813323
MYSM1,2.3609198175729253
COX18,2.3609096558291482
FGFBP1,2.3604812248587486
SLC19A2,2.3600759821650197
RIOK2,2.3594148682391993
CBR4,2.3592001954165327
ABHD14A,2.356895184080314
TAF1A,2.356864558457977
BTD,2.356453245217716
EPM2AIP1,2.354561405428338
LCLAT1,2.3544682211253742
ZCCHC11,2.354326121519481
GSTCD,2.3539337124911612
CFLAR,2.351917647152651
ELF3,2.3493773042792347
C1orf53,2.3483461234703764
BOLA1,2.347809539406992
ZNF142,2.345637012164905
SMYD3,2.3452599454518412
RHBDD1,2.344235015959112
OGG1,2.3407883583788833
ATRIP,2.3401334211501723
DZIP3,2.3393787285967425
PAFAH2,2.3392646529202046
PI4K2B,2.3389033861749855
HGD,2.3386641425013273
MIR4435-1HG,2.336931912764285
MAP3K6,2.3350119370676903
NME6,2.3347547928436407
INHBB,2.331312173152512
GALM,2.32785302020915
SRBD1,2.3269200489630477
TTC32,2.326329666789522
MFSD9,2.325659060724941
FYCO1,2.325114279053043
SMIM12,2.3244630630146172
KLF7,2.3244196537621082
PDE12,2.3226005772364897
TMEM44-AS1,2.322528367483691
CLCN2,2.321017176600273
ZBTB41,2.3207379793400595
EPB41,2.3182743529495
SMIM14,2.3180046973684605
POLK,2.3147925015526045
PDIA3P,2.3130057933280326
RP5-935K16.1,2.3127716666657907
PIGV,2.311203773260123
CP,2.3069359897247774
TICAM2,2.3051140275642106
SOX2,2.3014769073518297
CENPL,2.301436385728178
HNRNPA3P6,2.2995878206642053
CPS1,2.299019145990047
ZBED2,2.2989124846429427
ELF2,2.2984979520437707
C5orf34,2.2981922166026396
ARHGAP10,2.2924664237001386
CYP20A1,2.291736316652014
ZSWIM6,2.291351037283492
TMEM110,2.289718264605303
EIF5A2,2.289605534500918
BARD1,2.2895032961431343
PFKFB4,2.287887614482574
AADAT,2.2852484668383863
RP11-641D5.1,2.2849141246835125
SLC30A7,2.2836793347418167
PACRGL,2.283466889513257
TMEM39B,2.2833240897732163
IFI44,2.282249756158033
ZFYVE20,2.2819787877834443
POLQ,2.2808266335698097
RGMB,2.280290603944469
RBM15,2.277938912694546
C1orf112,2.276434826348583
GCFC2,2.276181190390135
KIAA1109,2.2759121042181145
EXOC6B,2.2757844346860154
C1orf131,2.273363446553414
HS1BP3,2.27326564427025
STIM2,2.2717146205693837
UBE2E2,2.271003993481553
GCA,2.270391291463966
SPRTN,2.269869358907342
SNIP1,2.2696264740023526
AUNIP,2.268802081339675
LNPEP,2.268720385404328
DAB2,2.267341235375354
EHHADH,2.2664507122349162
CEP63,2.26626881510123
ATG7,2.2641714936818516
CD302,2.263368996025433
RP11-427H3.3,2.263012660053026
DUSP7,2.2627972702115287
CMC1,2.2607081494276637
LDLRAP1,2.260562424236102
TATDN3,2.2589281477240704
AC133528.2,2.258025609788833
STK17B,2.257160263714333
TRMT13,2.256940331889646
SCD5,2.256903458043148
RICTOR,2.2529609513519335
EXTL2,2.2516365821790214
SHQ1,2.2515895261971113
SPOPL,2.2512927328814114
LINC00116,2.2496138397122256
BOK,2.246694070030435
ARSB,2.2454199449750525
D2HGDH,2.2446813842472393
FAM69A,2.24459667764051
AGO1,2.2437832129525295
IFT172,2.240087029179584
CCDC138,2.2392639838761905
NSUN4,2.238620053173148
LIMCH1,2.237980491807608
RP11-343H5.4,2.23489347395236
MB21D2,2.234557068994109
VAMP5,2.234407554731206
EPB41L5,2.234264236395203
ATG4C,2.234115130130793
MTX3,2.2340855782909457
TM4SF18,2.2306323002859205
ING5,2.22846492377243
KLF11,2.228291827791304
TET3,2.2266833060012194
IQSEC1,2.2252789649815177
LINC01021,2.2235492105244954
OSBPL10,2.2215954966149494
SLC25A26,2.2195297212780742
CSRNP1,2.219202334614604
PTPRU,2.2188752399527307
THAP3,2.2188624146013836
DLX1,2.2182278019561488
CEP44,2.218173037854276
MYNN,2.2163655611605457
KIAA0754,2.2154318734144693
TRNAU1AP,2.2121656653019115
FGFR3,2.2095256329232207
RCHY1,2.2085611271614565
MIB2,2.207619223267445
SLC45A3,2.2075490674794067
PAQR3,2.205159071327129
SASS6,2.20302924800393
LRCH3,2.202427924927801
VPS8,2.2023467939093835
TOR1AIP2,2.2014239748972857
AGL,2.196861621861468
THADA,2.1967994294933963
FAM89A,2.1906744315919835
LYPD1,2.1901996802710175
S100A3,2.1897798006385907
IGFBP2,2.1875104450372445
GORAB,2.1814066922831876
ELOVL7,2.180556500583374
RNF144A,2.180517773429081
TINAGL1,2.1769019268805967
EFNA1,2.176181124864596
DOCK10,2.1760389730720626
CYP27A1,2.1760212737287836
ZYG11B,2.1746108078891226
SNX18P16,2.1744507171316383
MTRNR2L12,2.173575415238806
HOXD9,2.173260558224543
PPM1M,2.17317161585247
CLOCK,2.17312364622812
TRIM11,2.173045594214549
TSPAN1,2.1713498761648737
SNX18,2.171171087584383
SP140L,2.170672454483228
RAVER2,2.1678585584933407
EVA1B,2.16769672136262
CPEB2,2.167464639870657
CTSO,2.163124311563903
AC007318.5,2.162962819724138
HES6,2.1625204147940393
SNORA81,2.162432153294921
UBXN11,2.159075493491634
ROBO1,2.157560173819431
RP11-342K6.1,2.156984807120808
PPAP2B,2.154648805221608
ZNF721,2.151873403364853
KLHL17,2.1504431708533014
SGOL1,2.1499767007982737
TMEM150A,2.149970620080975
ZNF691,2.148853391063955
FAM172A,2.148177421232522
LIN9,2.1463650632537816
TMCC1,2.1459486410125117
PRSS12,2.145416346897614
IPP,2.1445646650332457
EEF1A1P9,2.1443649346179345
CEP72,2.142004085444211
RLF,2.139832394381605
PFKFB2,2.1369050507367047
METTL18,2.136265741938772
MTERFD2,2.1362298971461446
RP11-488L18.10,2.134892125821105
KCNK1,2.134627354560005
TMEM79,2.133988935094434
CTD-2228K2.5,2.1337841161009883
INPP4A,2.1331161620242827
DCP2,2.129043617475051
AK4,2.1262427061504328
RP11-215G15.5,2.1260650262759175
HPSE,2.1249362037561963
ZMYM1,2.1221653512467813
SMN1,2.12043142647224
WDFY3,2.1189611632797978
ADAM23,2.118368447089981
LYRM7,2.1183631560207994
SRD5A3,2.117651422800422
NUP210,2.1171832850539576
RCAN3,2.1145613691288756
INPP1,2.1141210209202526
EIF2AK3,2.1121928568937807
SH3BP2,2.111231144379483
RP11-159C21.4,2.1091083544574
FAM47E-STBD1,2.1075261545116164
GNPDA2,2.1074444766166924
MR1,2.1049391687432646
FNIP2,2.1037552854594974
PASK,2.1037403139826067
C1orf74,2.103015009418547
SPCS2P4,2.1022963162740367
GNG4,2.0999416289430246
PIK3CA,2.0989110198912724
RP1-39G22.7,2.09699323264211
METTL14,2.096909598998382
CTD-2037K23.2,2.0968314401480272
LGALSL,2.0962288227127903
KRT8P12,2.0959870980217934
MIR4426,2.0941732107367623
RPL23AP7,2.0941346710374398
UPK1B,2.0925510397684666
TMEM201,2.092058587673074
TDRKH,2.0883580939546023
ALG6,2.087875256305185
CCSAP,2.087173730133696
CCRN4L,2.0868989032853915
LYSMD1,2.086570524570703
METTL8,2.0861981472710593
SV2A,2.0858743749886672
RNPC3,2.0847215548048776
TRAK1,2.0837039630196674
MTF1,2.0834834965861995
PHC3,2.0818984409014702
ERCC8,2.0786150232715004
RP11-443P15.2,2.0779606558092545
RPL35P1,2.0778583045117704
ANAPC10,2.0769404177601207
RPP14,2.0753458297009844
S100PBP,2.0753416131073936
LIMD1,2.072765580786608
CYB561D1,2.072506171156046
OMA1,2.0722068704691625
PIK3CD,2.07120484984163
XRN1,2.0711019715067107
TMEM63A,2.069208233103006
FAM43A,2.0681216678870613
DIS3L2,2.0678220919445756
DUSP10,2.0677054017327143
TXNRD3,2.0676324321006443
GALNT14,2.066546542771622
TMCO4,2.0662956082056136
KLHL8,2.0660872354610103
CLCN6,2.0656117630859154
CDA,2.062243445124253
PIGF,2.059887072625683
NR2C2,2.0595241176616548
INADL,2.056644409172524
DTNB,2.0561223328401286
LAD1,2.051339481480854
SPICE1,2.051200027979846
SETP14,2.0493780072631096
VWA1,2.0490558961588294
FPGT,2.0489232434442792
FBXO4,2.0483213244858054
SYNC,2.0442802413265704
APC,2.042724264895773
ALS2CL,2.042510431485567
TTC21B,2.0393803741097605
MFSD8,2.0376614491201437
WASH2P,2.0367441373119295
WDR5B,2.031220898848669
VAMP4,2.0311571807835347
ZNF827,2.028642254898942
FKBP7,2.0285520920700155
MON1A,2.0280610707706974
GLI2,2.0255813034241767
KIF3A,2.0248743888982648
C3orf14,2.021605061552277
TMEM42,2.0215420068833265
AC004057.1,2.020130079522681
USP46,2.0170815809602405
ZC3H8,2.0157719666149343
USP38,2.0156161069276095
NICN1,2.014710777240682
PARP9,2.0138769186368592
PXK,2.0138544863454135
TYW5,2.013532264271625
HOXD10,2.0133284921172527
ANXA10,2.013184818388637
PTCD2,2.0114594587355117
PPOX,2.010322087526952
RP11-490M8.1,2.009891793138045
PTX3,2.007639366419324
IL1R1,2.0074576555279315
PRDM2,2.0068822477129458
TMEM45A,2.0065802945958007
SETD5-AS1,2.006349828293263
RAC1P2,2.006082675240916
ERO1LB,2.004116516561656
TSC22D2,2.000169046030427
RP11-422J8.1,1.99979576219427
PPIP5K2,1.9995335190660857
NUDT12,1.9989271068304124
DNER,1.998248455314246
TMEM17,1.9969216870234237
TAPT1,1.994691574519683
FAM102B,1.9943553504428906
GSTM4,1.9935447450755497
IGFBP5,1.9930525185916779
OTUD7B,1.9899399775146998
RP11-134G8.8,1.9892707453936886
SREK1IP1,1.9877378134239514
C1orf115,1.98382418442064
NEK1,1.983294494401738
PLEKHG5,1.9831789619828057
SELENBP1,1.9821409868780746
BBS5,1.9816679810692281
ELMOD3,1.9808119910584805
FBXO6,1.9796252571135564
SP110,1.9783069960989492
RELL1,1.9763335560035322
GBP3,1.9759062686531117
RAD54L2,1.973815923786632
SLC25A33,1.9731620422114968
AC074117.10,1.9729697524216594
CCDC127,1.9714286119834832
TRIM59,1.9708701480443125
RAPH1,1.969845915140968
HHAT,1.9683062553347586
VPS13D,1.9659728156265404
CTC-228N24.3,1.9658889582670114
ZCCHC4,1.9655746295530439
BMP2K,1.9643510263238075
ATXN7,1.9638560083045256
TGFB2,1.9636940758147086
MATN3,1.9622011767143412
DMXL1,1.9617982103110785
RAB43,1.9608558152807964
PTGES3P1,1.9605377426936146
CEP68,1.9597330677549667
SFMBT1,1.9593704064278052
C3orf58,1.9581976540013926
SGMS2,1.9574355608587475
TSPAN5,1.9558031466441765
CENPC,1.9490200325309504
GPR39,1.9489840046041873
WASH7P,1.9472498839009724
KIAA0226,1.9467458317168083
ACKR3,1.9455720888281969
GPR75-ASB3,1.9452331359322221
NEXN,1.9449024445756427
C3orf33,1.9442036653124628
ZNF436,1.9441974988241923
FGB,1.939237563423401
CEP97,1.9381883023390098
IL20RB,1.935804287821263
RBM45,1.935774970822302
ARL15,1.9356493413265399
KAT2B,1.9344582456427508
NKIRAS1,1.9321432615097762
DNMT3A,1.9318463091346534
PHTF1,1.9289326406350285
LZTFL1,1.9265011914650925
NIPAL1,1.926162759485558
ZNF697,1.925552691719118
ZNF621,1.925125780459157
WDR19,1.9250840012391404
C1orf116,1.922361618228943
COBLL1,1.9222034651136
PIK3R1,1.9210782499861565
NBPF14,1.9209859231889939
ST3GAL5,1.91982902280281
FAM86DP,1.9189125696436837
SETMAR,1.9183806646544843
SIPA1L2,1.9178477056216179
STK32B,1.9173263639743716
RP11-54F2.1,1.9168271922759985
PRMT10,1.9165725921843748
TSEN2,1.9158230973119517
NOL9,1.9156879911404465
AC009948.5,1.9148078488434859
WARS2,1.9141930007608663
GTPBP8,1.9140071120394488
MFAP2,1.9124587589088176
EEF1A1P19,1.9122608709325954
IL1RAP,1.91066842867916
MAP9,1.907473256110536
MRPL53,1.9059015838302666
CCDC18,1.9058842974009684
TRIB2,1.9027716743411898
ARSK,1.9024559296019856
LIN54,1.9019905165364006
HOXD8,1.9005722595910273
AC083799.1,1.8989970808021261
TCAIM,1.8986472939324424
C5orf42,1.8964626888152536
HOMER1,1.8958605807089801
GBP1,1.8953187301036716
AC018737.1,1.894869441359127
CYP4V2,1.8942403221851072
SMAD1,1.8940046905210703
HYAL3,1.893966770260212
RP11-778D9.4,1.8925933189182713
RP11-169K16.8,1.8893993776796776
HSP90AB3P,1.8892070190050807
RP11-640M9.2,1.888190220419185
RP11-568K15.1,1.8865042711038866
GRAMD3,1.8858710576506728
FAM161A,1.8856912963326034
MAP3K13,1.8839911673167535
CTD-2228K2.7,1.8831598900442543
AASDH,1.8826012318974186
ZNF514,1.8824884281726766
RAB3B,1.8821587463924072
EMB,1.881313116300257
SH2D5,1.8810178711512047
PPP1R14BP3,1.880638482338015
GK5,1.8802740025812106
CC2D2A,1.8794329654220083
LARP1B,1.878804701448835
C1orf159,1.8774118907962836
MDM4,1.8759139424227798
AP001816.1,1.8732833208203363
AP1S3,1.8725351571683388
RPS24P8,1.8722309226724654
TTLL3,1.8713439405776295
LBX2-AS1,1.8703879847057692
ASAP3,1.8689866652050657
CYP1B1,1.8689500648187243
PKDCC,1.8669249918830886
PLK3,1.8659854433695868
IRAK2,1.8649164084291827
MEX3A,1.8636823913261484
NBPF9,1.8635792545711942
CEP19,1.8635390477642195
F2RL2,1.8629185363143996
RP11-259N19.1,1.8617290006950202
NTPCR,1.8599631693681546
FTH1P20,1.8568031622701733
CEPT1,1.856035491193403
MCEE,1.8553662427359907
TCEA1P2,1.8517717729629917
DDX60,1.8516919031613526
SLC44A3,1.848166128228482
METTL21A,1.8477087238462053
RP11-122G18.5,1.8471217196309182
ANKRD32,1.8455799113401554
FER,1.8439844769838574
CCDC142,1.8424554912359843
RAPGEF6,1.8419316041597809
VANGL2,1.8380504186430677
PER3,1.8357292759132973
BCL2L11,1.8354167392342424
TRIM2,1.8353368453751902
DYRK3,1.8343961294007027
PFN1P1,1.8343762254592384
MREG,1.832821366206048
ITPKB,1.832585872304474
FAM72B,1.8321818655076543
FZD5,1.8320775546369032
MTMR11,1.831953442871429
SLC9B2,1.8298321316019448
C1orf192,1.8287076281255603
METAP1D,1.8234730573592672
SGTB,1.822137131995799
ITGB6,1.8204094097303434
RPL32P3,1.8193165883188716
MFSD6,1.8191293223771503
RP11-485G4.2,1.8182622041015788
RP11-553L6.5,1.8181410458256935
FST,1.8178962688394888
CRMP1,1.8175639895824212
AHRR,1.8163057829274845
FAM63A,1.8157406003799037
NMU,1.8144067785178326
RGS2,1.8141770582634147
PAQR6,1.812424917368508
HAUS3,1.812103696009095
CBLB,1.8118560922869047
ARID5A,1.811828330079295
TMEM161B,1.8110407779988147
AC012512.1,1.808678087502012
TBC1D19,1.8084813696081363
SLC4A3,1.8054376785843507
TCF7,1.8042924868921253
EEF1A1P11,1.8035796620675268
CCDC112,1.8006031593297236
SNORA4,1.799569900515453
GLB1L,1.7990542247460264
GATA2,1.7977320294439745
KIAA0922,1.7976773118178668
CRYBG3,1.7962977684692414
NUDT6,1.7959010383193503
S100A14,1.7957026679601409
HDAC11,1.7944492986293377
SLC27A3,1.7944286696307612
TIFA,1.7932173064153218
RP11-84C13.1,1.7920029689329757
EVI5,1.7914284484878575
RGS12,1.7911330845163391
RP11-504P24.8,1.7902129758955307
USP37,1.7900365167092114
TRPC1,1.7896585864954597
PARS2,1.7896414370041125
KIAA1841,1.7878348064831213
EXO5,1.7876933465751363
EHD3,1.7867396016158132
DPYD,1.7867324366426738
LOX,1.7810084950092442
HERC5,1.77868598910389
FAM131A,1.7775722993099994
SESTD1,1.777468119873747
SCLT1,1.777144098920725
CTBS,1.7770456917477742
TNFSF10,1.7761234277488473
HNRNPU-AS1,1.7759773283061822
HDAC4,1.7753068582865303
TAMM41,1.7732947468852351
FBXO41,1.7730598670538973
CCDC125,1.772470912530231
CEP135,1.7708746842076895
PDE4DIP,1.7708582852393615
FBXL17,1.7706115805496048
EREG,1.7696281899982054
PBX1,1.7693524839018238
C1orf86,1.7688150030998735
PRKCZ,1.7672496799178437
BZW1P2,1.7639531836680267
METTL6,1.7617979784030193
DBT,1.761203666789508
PPP2R3A,1.7602107891616452
FAM72D,1.759954552829246
B3GNT5,1.7588244106119086
UBA7,1.75834059495914
EXOG,1.7561078204771405
TRIM23,1.7549390747826807
MAP3K1,1.7543211525275246
EFNA5,1.7522007365715657
HELQ,1.7515706970143894
SZT2,1.7515090239279687
ABHD6,1.747501691139399
DHFRL1,1.7472968509605453
TRIM62,1.746093966060978
SEC22A,1.745199379613655
RP11-284F21.10,1.7447371862486705
RNF207,1.7435144560103986
NAT6,1.743404394998702
PLEKHO1,1.7424900250910518
C2orf42,1.740957713933531
RUSC1-AS1,1.7401718726562965
CXCL5,1.7385225067235595
KANSL1L,1.7377412040115845
RP11-566E18.3,1.7376610997495117
GLUL,1.7369133948993458
PSMC1P1,1.7365822805541482
CAMTA1,1.7362751648966748
RC3H1,1.7356490240541387
PTPRG,1.7344729890898405
GALNT3,1.733327404414829
PTPN4,1.7332780918603554
HERC6,1.7313684897741641
FBXW7,1.7303692904596808
DOK1,1.7300478217264368
ADCK3,1.729462143320237
KCNS3,1.7254173767448753
PCSK9,1.7253990313691763
SH3BP5,1.7251028290133943
MFSD2A,1.7249439607618353
OTUD3,1.7246409050608662
LEF1,1.7229199375980488
BCL6,1.7185594797105923
CCNG2,1.718455343789019
DNAJC16,1.716890720487129
NSUN3,1.7165448771975222
FBXO42,1.7152745773516027
PDE4B,1.711131242760185
C5orf55,1.7104888527394915
IL1B,1.7087495102184447
RP11-421L21.3,1.7070572010309493
MECOM,1.7064876325896645
RP11-85F14.5,1.7041344509927774
ZNF445,1.7038531533938406
CNOT6L,1.70300012506429
ITGA1,1.7026467682527375
TMEM194B,1.7018208409431779
MUC1,1.7011679456763744
ODF2L,1.699833086464215
CTBP1-AS2,1.6976458472449387
RPS20P14,1.6963986558963906
ECE2,1.6957361103564945
MMACHC,1.6939682566965193
AHDC1,1.6935360650588251
ITGA4,1.6927898471899316
PDZK1,1.6924258724370909
AGO4,1.691500075122362
RP11-332H14.2,1.6908944374502297
N4BP2,1.6892423387750393
LRRC8C,1.6887158675644904
MLK4,1.688002085239039
BAZ2B,1.6862670082069513
ST6GAL1,1.685962364484336
RUFY3,1.6858224403909146
RP11-53O19.3,1.6834489528821648
C1orf233,1.6824112703457024
DPP4,1.6823586780822968
NPHP4,1.6821093806419867
ADORA1,1.6816866626934441
GBAP1,1.6799247441731138
TRAM1L1,1.6795498407037341
TP73-AS1,1.6776872092754571
RP11-196G18.22,1.675467634830686
SMN2,1.6747987931238264
HERC3,1.6737994707775936
WIPF1,1.6728767097092045
NHEJ1,1.6689891968417288
OXNAD1,1.668933212067394
LINC00973,1.667910079069786
ARL6,1.6670923097856303
DDX60L,1.6669449502340912
PGBD2,1.664546966130209
ASTE1,1.664297940156234
CDS1,1.6615092491186454
TMEM234,1.6610405992123498
SOX13,1.660551114864474
MEGF6,1.6593045252766967
CDK18,1.6589234989933737
SERTAD4-AS1,1.6587783675893892
FCF1P2,1.6573059305835731
CRIPAK,1.6564010206916089
FAHD2B,1.6555848519223677
C3orf52,1.6552350226119181
RFTN1,1.654569547373967
RBM43,1.6536591330350083
ANKMY1,1.652032083827703
FAM105A,1.6498956816267425
HEMK1,1.64838051339025
TGFBR3,1.643636952259496
TTC30B,1.6419796160213689
FAM171B,1.6418463263954048
PAPOLG,1.6402184693171247
INPP4B,1.638574419057531
MST1R,1.6368785938177897
GMEB1,1.636529836139184
CASP9,1.6341487738055687
MARC2,1.6335782607426816
ALMS1,1.631512517315546
FAM198B,1.6314713007340798
MALL,1.6312944811341934
AP4B1,1.6312703001122406
PLEKHN1,1.6304728093492091
CTD-2044J15.2,1.6295474369650218
CGREF1,1.6292769160596048
IRF6,1.6276261193465353
ZNF589,1.6274070630378905
EIF2S2P4,1.627385290526852
HSPD1P1,1.6272528132073845
FRRS1,1.6255953540719357
PDIK1L,1.619611825893042
EDN2,1.6180101412798862
AL357673.1,1.6168328762119657
PLEKHH2,1.6155181676247683
RP11-761N21.2,1.6144307263432003
CXCL3,1.612005401674636
FAM132B,1.6112144582006749
TRIM45,1.6110721318675225
PYURF,1.6099834172477303
HIST2H2BE,1.6097560161790534
ZNF654,1.6097500689644602
TCEANC2,1.60773126299056
KHK,1.6053309343469382
ERMAP,1.6036656187383755
ECHDC2,1.601558760774921
ANKRD39,1.6010259138451846
SAMD11,1.5996543810605368
ABCG2,1.5978347309846537
GPR153,1.5976480482193025
OSCP1,1.5955086991195906
GJB3,1.593154616896521
MARCH4,1.5931288574774338
RPL5P4,1.5929243612132902
IQCJ-SCHIP1,1.591802925649341
RSG1,1.5917826255499588
SNRK,1.5916982701943923
TRMT10A,1.5914151034825672
CROCC,1.5893464053530195
C2orf72,1.5882710542874368
REL,1.58713568447405
EIF3FP3,1.5869979995494432
ST3GAL3,1.5869079235970045
HRH1,1.5863050055156285
HCN3,1.5860378255365746
ZNF669,1.5856817932493812
CARD6,1.5854492636823396
NES,1.582620367833082
SETD9,1.5817988567329218
BDH1,1.5810727663884592
HNRNPKP4,1.5801076506688403
LMLN,1.5796422940116457
LMBRD2,1.5770685475472355
SEMA3F,1.5769312295674116
MME,1.5706487428689482
ARHGEF10L,1.5692294620949587
PCNXL2,1.5689276910924466
TMEM53,1.5683138731193076
RABL2A,1.567181953131561
RPL29P11,1.5665009581140623
ST7L,1.5662914197895723
TLR6,1.5659787417153883
PGAP1,1.5655227295693297
UGT8,1.5648725863008934
NMNAT1,1.5634093772912907
TNFRSF25,1.5631839640290517
AC016683.6,1.5625941150533802
GUCY1B3,1.5624030737077668
CCDC66,1.5619660474188966
RAB33B,1.5611575950612198
CACYBPP2,1.5604467604770154
RGL1,1.5586758485372914
GRB14,1.5571542452108702
SENP7,1.5563282423444154
CYP2U1,1.5562399050211935
GPATCH2,1.5545876920327917
RP11-381E24.1,1.5545808242905463
MRAS,1.5542761049212752
C1orf56,1.5523760708675818
GPR89A,1.55181147133805
IGFN1,1.55014254344525
TMEM200B,1.5495484391261314
BGLAP,1.5471904478842673
SERTAD4,1.547140747258653
CHCHD2P6,1.546636431016947
ZMYM6,1.5439576307353906
TTC30A,1.5433609363502114
SLC12A8,1.5418220747864442
AC034193.5,1.5417834973109794
ZDHHC23,1.541416049060442
RP4-773N10.4,1.5390227771344598
ARHGEF26,1.5381099469923691
BAI2,1.5327412570681203
RSBN1,1.529730779725283
NPM1P39,1.5297192110056772
RUNX3,1.528007009407019
SPATA5,1.5251513535809857
CCDC24,1.5245340758998935
PLD1,1.5234610597495928
SLC35G2,1.5233926175824593
PIK3C2B,1.5221830293196739
DFFB,1.521747902958178
TNIK,1.5206920516791647
IQCC,1.5187718136030892
E2F2,1.5159604159450293
RP5-886K2.3,1.5148553258762842
C1orf21,1.5136548949398803
ASH1L-AS1,1.513308576311467
AC073046.25,1.512352879556295
RP4-717I23.3,1.5120600406981062
SDHAP3,1.5107105466097905
BHMT2,1.5092924547637072
ETNK2,1.5086240438384355
PTGS2,1.5085927881823935
VTCN1,1.5083982281488841
HMCN1,1.5082483763856693
ANTXR2,1.5076660247428857
EPHA4,1.5065866659281406
NBPF10,1.5017755023702248
SCYL3,1.5011277260207418
CTSK,1.4993685437720554
PDPN,1.497699498885097
PADI1,1.4973565121625707
TMEM37,1.4952130856562607
NEK11,1.494585415108818
PLEKHA6,1.494339054315736
MAGI3,1.4940193583779664
RPL7AP30,1.491365603096584
CLGN,1.4911181924641346
THAP6,1.490725824738875
ATAD2B,1.4899702144475249
RP4-758J18.13,1.489878799127167
AC144530.1,1.4897455290969026
RP11-97C16.1,1.4894297309864546
SCG2,1.4886912902782514
ZNF197,1.488479667939325
CCDC74A,1.4849949419905701
ACPL2,1.4835354838443795
EIF1AXP1,1.4822985302470428
H3F3AP6,1.481870799084099
CTD-2015H6.3,1.481340020400366
CIDECP,1.4797152126975852
ARHGAP31,1.4795517485003755
PPP2R2C,1.4794185857801327
AK5,1.4789090737410546
UVSSA,1.4786911852066018
RP11-384K6.2,1.4769638471447915
RP4-765C7.2,1.4767158142964842
PRRT3-AS1,1.473896622760792
POU2F1,1.4735916788896246
RP11-384K6.6,1.4731081160480775
MCOLN3,1.4703674197889798
RP11-43F13.1,1.46988508259299
MSTO2P,1.469492187302487
MIR4461,1.4691671560799635
SPAG16,1.4683519358137962
FKBP1B,1.4679598220579868
DDR2,1.465486895027911
PHOSPHO2,1.465105437466253
ZBTB47,1.4638976318887111
FAM72A,1.463241496224768
MTRNR2L2,1.4621969055095903
SYTL1,1.4617238142174827
PDLIM3,1.4590880242217164
NUDT17,1.4584927362130076
TRAF5,1.4570878960819247
JMY,1.4562242773559244
RPS14P3,1.455945017754263
RP11-289I10.2,1.4557930032701447
WNT5A,1.454902944501321
RP11-274E7.2,1.4540714312409742
THNSL2,1.4527768375083714
FAM169A,1.4521627299325832
C1orf186,1.4504899679941037
SHROOM3,1.450014977125927
FAM117B,1.449771578728498
LIPT1,1.4491476135025396
NR2F1,1.4475199168028954
FAM13A,1.4473269683416163
LRIG1,1.4461279571345331
RP11-33B1.1,1.4453050277974835
TMEM182,1.4452419358414978
SLC38A9,1.4451851826540139
KCTD6,1.443790423844457
LYPD6,1.4431917180966494
GABPB2,1.4421852206266144
ACTBP2,1.4414565124043177
CGN,1.4387447075144848
RP11-284F21.7,1.4377103359155416
RBKS,1.4350189398886484
SNORA63,1.4344022242384857
TMEM81,1.4317899605503637
AC093616.4,1.4304108749951905
CHN1,1.429452188147567
C4orf21,1.4293450137405233
NGEF,1.4291041157677207
CCNO,1.4289682400437869
LYST,1.4287238704264726
CTC-534A2.2,1.4283891466976295
AC016734.2,1.4273780531963114
CTC-349C3.1,1.4259134464994567
CYB5RL,1.4256111739865949
FBXL2,1.4253376865858565
RP5-890O3.9,1.4248231735691135
RP11-312O7.2,1.4232230891024942
MIR205HG,1.4222528884920556
CXCL2,1.4217475187117212
MEMO1,1.4213103709178807
MYL5,1.420438586772095
ZBED3,1.416776340689453
NBEAL1,1.4162897601835172
NAV1,1.415556909089209
FAM175A,1.4149661353445389
CD200,1.4138774608722349
KLHL24,1.4114847045478205
RP11-475N22.4,1.4083206584865477
BMP8B,1.4082660938800393
CKMT2-AS1,1.4077650786846192
ADAMTS12,1.4064835722944389
ITPR1,1.4054526209616645
LRRC8B,1.4051466691116026
IQCG,1.4049447034805798
PLAC8,1.4042262448202771
AC079250.1,1.4039980577487177
AC093724.2,1.4034408547558819
TET2,1.4028691157616626
STPG1,1.4011701791832258
MARVELD2,1.3993751244340231
GPR3,1.397223437406154
RP11-159G9.5,1.3955819534899412
EPHA3,1.395472413834785
RP11-465N4.5,1.3945888245189906
ALPK1,1.391742728222862
DTWD2,1.3915094558704197
RP11-527J8.1,1.390079381118747
LIFR,1.3894528643014947
FAM126B,1.3893793920743593
HENMT1,1.3875931145405047
NOP14-AS1,1.3871505460060947
SEMA5A,1.3870003445144616
RP11-270C12.3,1.3863585300169312
IFIH1,1.3849844850387614
DPPA2,1.3847289592637726
MTND6P4,1.3846257084741789
SATB2,1.3834809947105577
PDE4D,1.382650786889645
CELSR3,1.382297041661272
ATG10,1.3817815909721551
CACHD1,1.377811490607774
TM4SF19,1.377267614231896
ANKRD37,1.3758114597937823
SFXN5,1.374375932312056
INPP5B,1.3743059368575656
SNORA62,1.3717748850006644
CTC-365E16.1,1.370085809297195
SLC34A2,1.3696907420203963
GPR157,1.3693621181292117
MBLAC2,1.3689413822839411
SPRY1,1.3675018986104288
SPOCD1,1.366822631033158
ADAMTS9,1.366517151496191
PIK3R3,1.365044145698289
DCLK2,1.3637552385830751
PDLIM4,1.3633714035332947
ACP6,1.3633469670462837
C3orf62,1.3581201680281054
LINC00342,1.3573837160376836
ARHGEF19,1.3560740656481212
FAM76A,1.3540700278089892
ATP6V1E2,1.3504785663011463
GTF2H2C,1.3501934040267682
PER2,1.3465913024963116
EEF1A1P12,1.3464561677144518
XKR8,1.3449256367932538
FAM86JP,1.3439349639589782
KAZN,1.343045743987371
RAP1GAP,1.3427930775453667
RP11-443B20.1,1.34124866251174
RNASEL,1.3412297025362327
CDC42P6,1.338969416221726
GEMIN8P4,1.3387160828916596
SLC19A3,1.3359118750725487
C4orf33,1.3354856595417337
PSD4,1.3347375439372557
MXD1,1.3335574595826698
COL8A1,1.3328662638264088
CTD-2201E18.3,1.3321329609279615
ZNF35,1.3311629781059406
CXCR4,1.3301250957998316
ZEB2,1.3298478371910525
HOXD-AS1,1.329322415077173
LOXL3,1.3286243970642186
MPZ,1.3279413475401638
AC108488.4,1.3258751636133799
RP11-440D17.3,1.3239450508168418
CNRIP1,1.3231534292456975
SEPSECS,1.3227497280935496
RP1-159A19.3,1.3227066651682877
RABGAP1L,1.3219285790070785
NPHP1,1.321579335848879
MTHFR,1.3214400738457501
RNPS1P1,1.321215862081045
CRYBG3,1.3208623149649394
CISH,1.3206745646268432
AC093110.3,1.3194764143597626
CTD-2231H16.1,1.3180676732489205
KIF9,1.3165621413430468
HTR1D,1.3159966452740413
C1orf50,1.3148523131719807
CCDC121,1.3139061052447398
NRROS,1.3137484457418285
MERTK,1.313717240260838
ROR1,1.3135129743333385
GLYCTK,1.3129744753811583
ZBTB11-AS1,1.3102946640519602
ARHGEF16,1.3096005423100583
CPE,1.305512616540299
LNP1,1.3027233112727818
NNT-AS1,1.3021224864653191
UBA6-AS1,1.3004154564043249
RP11-372E1.1,1.2978486691406657
RP11-175B9.3,1.2969544223754346
RP3-510D11.2,1.296635514448016
NPNT,1.2945121640859711
BBS12,1.2942130680571469
RP11-1415C14.3,1.2938834276300235
OSBPL6,1.2935123614531403
PGBD5,1.2932941553833521
SHOX2,1.291602854577575
SYT11,1.290976197527527
SERBP1P5,1.2870175554188465
PCDH7,1.286978840658924
ZYG11A,1.2868296473463132
ARHGEF3,1.2860676701541267
RP4-635E18.8,1.2855332538055513
TNNC1,1.2823707431061182
MFI2-AS1,1.2820956853953913
KIAA1407,1.2806797366413372
ZNF608,1.279836803772992
TMEM161B-AS1,1.2796138762572509
LRIG2,1.2789141655956728
EFNA3,1.2788241636834627
AOX1,1.2771589913930173
XYLB,1.2766733100659742
RP11-285F7.2,1.2752826240971633
RP4-639F20.1,1.274827871047173
DZIP1L,1.274553309918695
CLDN16,1.2732326173096489
TNFAIP6,1.2731408965575002
RP5-827C21.4,1.271397503028331
AC096772.6,1.2672415750290253
CHST2,1.2658789369068977
KRTCAP3,1.2656725033948382
ZBTB49,1.2655336674690554
GBP2,1.2641763933419765
KIAA2018,1.2640236953761887
RP11-29H23.5,1.2627631872593659
HES4,1.2624662116349243
DLX2,1.2604790485562107
SLITRK3,1.2601780286597861
MOB3C,1.259689090521954
CERKL,1.2595563982015727
ZFP69B,1.2592259028610682
RP11-440L14.1,1.258824131967035
TBCK,1.2587323055863875
PHF7,1.2563278786061167
RP11-563N4.1,1.2561378501660478
PARP8,1.2518881278464968
S100A1,1.2507007785540882
AC009299.5,1.2475985322571244
C4orf29,1.2471738314098009
NAAA,1.2458940681878958
RP11-395A13.2,1.2454393203236191
FGA,1.2445004395175479
PTPRN,1.244473825092309
NCF2,1.2435746775483463
CCDC28B,1.243113532520504
CYS1,1.242559015037429
HOOK1,1.2410562534718617
LINC00969,1.240654091612569
GXYLT2,1.2397042637223679
CCDC150,1.2354395245024001
PRKCE,1.2349148943566564
FAM212A,1.233799191212474
RP11-71H17.9,1.2337141381975858
RP11-345P4.9,1.2333959142610442
MCTP1,1.2328658112363646
LRRFIP1P1,1.231780119864091
SH3RF3,1.231662878455136
SPRR2D,1.231105037367217
RHOU,1.2310069098618261
PDK1,1.230423285470754
GPR27,1.2303703793505303
FRMD4B,1.2299302008878614
MAP6D1,1.2282754146133925
KCNC4,1.2256796021880938
B3GALNT1,1.2255419852053038
CTD-2256P15.2,1.2242150920264263
KLHL29,1.222579307552011
BST1,1.222529833819685
PUS10,1.219325417927762
MSX1,1.2183409265911476
RP11-4K3__A.5,1.2176127633282583
RP11-226L15.5,1.2169963948939482
INO80D,1.2159799420441788
DISP1,1.2159036582603522
RP11-556K13.1,1.215555711715002
CDH6,1.2154382927403315
FAM46B,1.2153901229461
VAV3,1.2150996516413475
EPHB3,1.214066130190216
SH3YL1,1.2131501730190037
TECRP1,1.2129573271879204
LINC01023,1.209955930870304
RP4-665J23.1,1.2098744754290924
DENND1B,1.208593010250806
AC012307.3,1.2070605651208266
GDAP2,1.2066601486295372
FAM134B,1.206014198382301
RP11-10C24.1,1.2055093792176121
LINC00883,1.204351883134528
TP63,1.204071709723694
PLCXD2,1.2034442456889434
LBX2,1.2022260250337908
RP5-1180C10.2,1.2003801076702556
PRICKLE2,1.1983342672158772
BOLA3-AS1,1.1973027730614556
AL627309.1,1.1954432585653263
PVRL4,1.1948446012183922
RP11-108M9.4,1.1946872986971504
CTD-2366F13.1,1.1932605465800121
RP11-318C24.1,1.1928855719146196
RP11-67L2.2,1.1910473134213435
FNDC4,1.1875992648270741
GALNT5,1.1872987778084365
GPR160,1.18719663893744
OTX1,1.186695087755503
FAT4,1.185457980793011
GAREML,1.1854460224046206
HCLS1,1.1850676242987406
TRMT44,1.1833174951989411
CCDC74B,1.1819752127749947
COL4A4,1.1800094466479611
NBPF3,1.1793054526880755
SPEG,1.1786719516896904
CNKSR1,1.178126334037965
LAMP3,1.1777403213181457
ZNF502,1.1776487225296262
TMCC2,1.1771314753750797
ZNF2,1.1770256537381973
RP11-465B22.3,1.1767007774728917
TLR3,1.1763360631459694
SHROOM1,1.1741754418783223
SH3TC1,1.1708811217184707
NAT8L,1.1706538365686485
NFIA,1.1705056809004108
BANF1P3,1.1696454608021778
RP11-553P9.1,1.1695921637534932
ACVR2A,1.1690537650935686
IL6R,1.1687302677327986
HPDL,1.1684229119757459
PLEKHA3,1.1681336180065212
TCF7L1,1.167375872820847
RP11-509E16.1,1.1671466338783427
SERPINI1,1.166722366299562
FAM160A1,1.1661890580016256
RAB6B,1.1656024982583537
PID1,1.1645985306362767
CITED4,1.1635880799797145
SPATA18,1.1631057675898588
FAM149A,1.1616808986458815
VSNL1,1.1597916196293807
TNFAIP8,1.1578165327298668
ZNF518B,1.1577039846864965
RP11-206L10.11,1.1576463447676044
ATXN7L2,1.1576459465343871
TMEM198,1.1575299785144177
USP46-AS1,1.1559070236489608
ZBTB8A,1.1555072106124524
PABPC4L,1.1549792881272956
GTF2H2,1.1524884445887118
SEMA4A,1.152008727556545
RP11-312J18.5,1.1503615487549326
PPIAP11,1.1494361522434808
FAP,1.1487536036574724
MAML3,1.1449066257510236
RP11-504P24.2,1.1446204291973539
RP5-1074L1.4,1.1424853813380431
RPAP2,1.1422988334818434
OCLN,1.1420520972092314
RARB,1.1412801308038316
AC096677.1,1.139037363403086
FOXD2-AS1,1.1379964069068242
TMEM144,1.1362754243381485
RP11-254F7.2,1.1362290867576539
P4HTM,1.1359951332812408
LY75,1.1353741973484357
UGT2B7,1.1346275494170623
ANXA9,1.1333659873110433
RP11-268J15.5,1.1306584721896733
HSPBAP1,1.130203477455418
LYPD6B,1.1255282809958385
AL590822.2,1.1249824601087237
SLC22A4,1.1232671858042755
C1orf226,1.1232389814615769
TNS1,1.1230486007616838
GPR87,1.1217189858770775
RP11-10C24.3,1.1189628455272438
EFCAB7,1.1185544281422855
GIN1,1.118163185584829
HNMT,1.1170911112536206
NREP,1.1168255939064946
MIR4453,1.1162599720745754
TSSK3,1.1161839676500265
FGG,1.115770729374448
KIAA0040,1.1156583845126449
FTH1P10,1.1150642919171856
RP4-592A1.2,1.1147195256166726
HIST2H2AC,1.1129527136998774
PLSCR4,1.1128893889666904
AC018865.8,1.109811123576747
SLC4A4,1.109783866710218
HORMAD1,1.1095341987622802
MTHFD2L,1.108943825870701
KIF21B,1.104444922947897
HOXD13,1.1027406181543207
FAIM3,1.1021711858113463
C1orf172,1.0994288152524732
ZNF124,1.097535992723054
AC104135.4,1.0973805628780882
SH3D21,1.0962911978060614
MTND5P11,1.0961464171326412
AC007387.2,1.0942333609461625
RAB17,1.0938155828030178
C4orf19,1.0934413920935633
RP4-694A7.2,1.0927490020809951
UBE2FP1,1.0920354277150806
SLC6A9,1.0903646819888488
IL1RN,1.08920985809915
FIGN,1.0889002858200623
SORCS2,1.0876354112040534
CAMKMT,1.0867152523981556
PCBD2,1.0865953505573411
PIGZ,1.0862921835290555
PPP1R12B,1.0859427242070454
TMEM171,1.0850963011201042
CDC14A,1.0845600133884803
TCEB1P19,1.0798152720285963
ALG14,1.0797090461419423
FAAH,1.0796846105275257
PTAFR,1.0790062266472384
PA2G4P4,1.0775470205607685
WNT9A,1.076320128804476
FBXO36,1.0760774815651526
PLEKHM3,1.0760111891624156
BRINP3,1.0754300231303857
PCDH10,1.0751597768780343
RP11-10L12.4,1.0746984921755949
TP73,1.0739249128009598
IFNLR1,1.072058550530036
LCORL,1.0707095980464345
RXFP1,1.0702361865085237
RP11-169K16.9,1.070003777472321
C3orf18,1.0691538559902982
RAB25,1.0690902685840984
ZRANB3,1.0679474696170042
SLC35F3,1.0678053373806902
AC068134.10,1.0673228636605845
AC012487.2,1.0669272049916838
RIMS3,1.0662523589568582
MCOLN2,1.065754282460062
XDH,1.0657458910677988
RP11-499E18.1,1.0649858902309262
IDUA,1.0614291975411592
WNT7A,1.0606825072805093
RP11-791G15.2,1.0593336671451954
GUSBP1,1.0584253027827677
DUSP28,1.057963409100136
TMEM154,1.0577284048607953
SEMA6A,1.056406700271845
HPGD,1.0555021873672188
AC125232.1,1.05547383476161
RP11-206L10.2,1.0553355980892316
MBD5,1.054902834645629
BTC,1.0538419593444426
PRKAA2,1.05151082039259
RP4-555D20.2,1.050751138810828
ZDBF2,1.0486901830288151
COL16A1,1.0468873579764693
LONRF2,1.041295453200764
AC009506.1,1.0410181900430022
RHBDL2,1.0401783024039022
CCDC19,1.039963297479607
RGS5,1.039329894643136
AC079922.3,1.038337317464199
ATP6V1C2,1.0382900389956184
RP11-573D15.9,1.0382703479023194
RP11-420A23.1,1.0380066666423564
FGGY,1.037977736870339
ZNF852,1.0372745264795422
KCNK3,1.03693269277179
EPHX4,1.036724590334846
ZNF619,1.035912999688145
TNFRSF9,1.0355882180597562
UGT1A6,1.0353232789641351
GAD1,1.0328760768753298
RP11-85M11.2,1.0326624422671253
ZNF718,1.032328521621534
SLC45A2,1.0307355767254502
AC108463.2,1.028475843643254
DNAJC6,1.028024434624179
ADAMTSL4,1.0279485990665151
HOXD11,1.0266965194421396
DNAJC27,1.0260139328148672
RP11-301O19.1,1.0249393780000235
MAGI1,1.024518515080418
RAMP1,1.023688308952357
ARHGAP24,1.022867072347063
ZFP69,1.022539648427476
TNFRSF14,1.0223737501824235
MFAP3L,1.0219562746437452
KIAA1211,1.0218577433474814
AC011242.6,1.0214674248542572
CD96,1.0213864693320165
PDE5A,1.0206686208446984
IBA57,1.0199247455624403
KCNIP3,1.018984125918233
GAB1,1.0184787322676636
ZNF670,1.0176669001718552
PTBP2,1.0169271964355415
DIRAS3,1.0162798058993758
RP11-403I13.8,1.0143474335076703
SMPDL3B,1.0140568156446699
PKP1,1.0136859328270549
ZDHHC11,1.012655383502658
RP11-11N5.1,1.0118434554937468
BX470102.3,1.0111709972502634
RP11-138J23.1,1.009275196342317
SGPP2,1.0085613509253184
PTH1R,1.0075454261650776
C2orf48,1.0067579523655688
GJB5,1.0066387376285981
RP6-42F4.1,1.0052817894291677
TNFRSF1B,1.005251964959396
LEPR,1.005250860603882
PLEKHG4B,1.0042005667988478
SLC6A17,1.0038027166171049
FAM86EP,1.0022854441087747
KCNAB2,1.0015961072488426
AC018865.9,1.0013963810000095
CORT,1.001290149355807
C1orf210,1.0005684132284782
CPLX1,0.998926169571349
CYP26B1,0.9982129028251202
PDE8B,0.9959743068204192
CTD-2186M15.3,0.9956331871742833
LIPH,0.9955434587499737
FAM49A,0.994361830223493
AC007405.6,0.9942483860338284
EMILIN1,0.9923270748323018
TNFSF4,0.9918810372538057
PADI3,0.9917057956028587
GRHL1,0.9907688093441855
PAX3,0.9903807211831279
DPYSL5,0.9888632593567322
SUMO1P3,0.987706614813065
PLCH1,0.9870748212604735
CSTA,0.9860447370858118
RP11-169K16.6,0.9848633451883441
ACTRT3,0.9841444451519159
RP11-65I12.1,0.9819072329359503
DGKG,0.9807592333928355
ST6GAL2,0.9805799769863867
RASSF6,0.9805573719736548
MYLK-AS1,0.9795420686482098
SWT1,0.9768076615301114
AC009336.24,0.9763569039178259
GYPC,0.9758376193404708
RP1-283E3.4,0.9757664401533911
FOXP1,0.9750175177877761
AC007383.3,0.9750039020776363
BTBD19,0.9749097443529515
PLCD1,0.974150527494257
RARRES1,0.9739532307423474
C1orf213,0.9715352026097399
AFAP1-AS1,0.9714355320694974
LPP-AS2,0.9711895687809934
DFNB59,0.9711688989453111
ACTL8,0.9696592311864723
AC005104.3,0.9694194624097331
CAPN10-AS1,0.9681810503750023
LUCAT1,0.9681518503163548
ZNF684,0.9679357908193301
MEF2C,0.9678616511532104
CTC-428G20.3,0.9672081212233555
ZNF678,0.9663551411984974
ADD2,0.9655097673783394
CCDC96,0.9648970404378145
GLRB,0.9627465704505834
ZRSR1,0.9626203318776861
AC034220.3,0.9624030126749177
S100A9,0.9604322452336703
RP11-378J18.3,0.9604239969782299
AC079922.2,0.960002681890824
TACSTD2,0.9599284689922021
FBXL7,0.9596513120242028
NAP1L5,0.9593691542213354
PLCL2,0.9574462680450573
RP11-263K19.6,0.9572533386497014
RP11-103G8.2,0.9563663591045453
RP11-548H3.1,0.9562904907881716
WDR17,0.9551737907381356
GPR75,0.9542608596736316
SCARNA22,0.9523552138817482
FHDC1,0.9521039041562562
FGF5,0.9514424835600601
MORN1,0.9495385458957175
HIVEP3,0.9474090336151608
AC083899.3,0.9473767801687494
SYT14,0.9466770913258123
SEMA6C,0.9465374718080368
EFHD1,0.9463594357296626
MXRA8,0.9441163978295926
AC005041.17,0.9424125075758321
RMDN2,0.9422512330383777
MARC1,0.9419304725629458
SLC26A1,0.941155321480741
CLHC1,0.9404344836093189
ANKRD33B,0.9403836855950954
COL9A2,0.9400635147608497
RP11-95D17.1,0.9399191376752897
TMEM169,0.9396269276441229
PRDM5,0.9392392221823554
FAM131C,0.9392040987618553
IL22RA1,0.9389784816101211
THRB,0.9387535440888994
CAMK2N2,0.937141624337242
MCC,0.9368630662114046
CNIH3,0.936731004539498
CASP10,0.9353305089793703
THAP9,0.9349698853966276
AC104135.3,0.9347824930184184
ANXA2R,0.9347415750288635
ZFP42,0.9345964963956321
RP11-297J22.1,0.933925288272988
ZNF695,0.9338548070089016
KCNE4,0.933129019558285
PROM2,0.9314823979818466
SLC1A3,0.9307022321246702
IL17RB,0.9296703089937489
IL17RD,0.928125973954061
AMT,0.9278658896202691
RPL7AP11,0.9273197485589701
RPL7P23p,0.9265161903219203
TRIML2,0.9247790532285203
PLCD4,0.9243856142133451
AC131180.4,0.9243583987843382
RP11-307C12.11,0.9241734967382254
SNHG18,0.9218182509820227
LPAR3,0.9215206540364699
AC016773.1,0.9203228643219513
RP1-286D6.5,0.9196080707708121
MUC13,0.9193676502924778
ST3GAL6,0.9191251014158018
EFCAB2,0.9183732803198583
OLFML3,0.9180999909259674
CTD-2124B8.2,0.9178653589056686
NR4A2,0.9171816244136236
ZBTB37,0.9170307783284009
SLC10A7,0.9154575784709068
AC117395.1,0.9151602280155217
ZNF804A,0.9149108257769797
FAM228B,0.9146811847688974
VEPH1,0.9140077362768461
S100P,0.913805502559932
KLHDC9,0.9137898294005339
INPP5D,0.913770583455876
KLHDC7A,0.9132324956480368
DGUOK-AS1,0.9124669715639241
TM4SF20,0.912197309880793
FLVCR1-AS1,0.9121636542655631
RP4-739H11.4,0.9108664521988413
RPS15AP11,0.9105562081927961
ACVR2B,0.9097478220490535
HMGA1P8,0.9092363611513855
HHIPL2,0.906448311243185
RP11-206M11.7,0.9049667221452836
PRRX1,0.9041178073222769
RP11-31F15.1,0.9022819814633875
TRANK1,0.9022091911687676
RP11-767N6.7,0.9021402612437383
GPR155,0.9020440928366785
FTH1P23,0.9018860199915549
RP11-466P24.2,0.9009809861415192
CDK5R2,0.9009674698749808
RP11-422P24.11,0.9009540948832201
MIR4458HG,0.8989742153548334
SPRR1B,0.8968647937978043
ZNF860,0.8965810615323576
RPL21P28,0.8964302004490049
RBP7,0.8959943462800308
RP11-884K10.7,0.8958586147406571
KRT8P45,0.8958484734879685
AC025171.1,0.8949598612020511
RP11-651P23.4,0.8921529092136113
AC131180.3,0.8906730841630415
RP11-480A16.1,0.8891817638480761
CTB-36O1.7,0.8890487816256205
HOXD-AS2,0.8888784381386721
ADRA2C,0.8884093248137258
AGMAT,0.8861708853181115
C3orf67,0.885884785541498
SNORD94,0.8849079876542313
SYDE2,0.8845133591949601
RASSF5,0.883294879058932
RP11-64D22.2,0.8823071098246901
CCL28,0.8823016315408715
PCAT6,0.8820503030271253
LINC00115,0.881217761891047
AGO3,0.8809845265066364
AJAP1,0.8803311375761688
RP11-725P16.2,0.8802928245843914
ANKRD36,0.8795539288641532
NR5A2,0.8794088309165508
ADAMTS16,0.878755674577751
BATF3,0.8785824501608928
HOXD3,0.8784918429012425
RP11-418J17.1,0.8768027660922272
PDCL3P4,0.8764611913514684
HMGA1P2,0.875801855314481
EDIL3,0.8744817420232284
MPP4,0.8737374269974566
RP11-547I7.2,0.8734565251657932
FAM178B,0.8722084855609444
CCT8P1,0.8717169658852603
AAK1,0.8716128236107669
AC009237.8,0.8716053667371434
C4orf32,0.8706412660475493
RP11-326G21.1,0.8696480712183253
CXCL14,0.8687877747775367
RP11-435F17.3,0.8685353689504778
PLA2R1,0.8683977444551774
GSTM1,0.867921935114019
RP11-337C18.8,0.8646309917423401
AC010894.3,0.8643907640775613
ARAP2,0.8613993508734281
TTLL7,0.8608767730445935
ITPRIPL1,0.8605471961124485
AC108142.1,0.8596677127812544
CACNA2D3,0.8590682282253561
RP11-181G12.2,0.8576937197219947
SLC9A9,0.856516665558216
WI2-3658N16.1,0.8560577745378318
RP11-572C15.6,0.8559840799312237
THEMIS2,0.8544760485318078
PARD3B,0.8537410299381043
RP4-657E11.10,0.8530319066913991
RP11-572O17.1,0.8521380778412677
C2orf81,0.8516528403974449
MTX1P1,0.8504807621219097
LHX4,0.8496399102928972
KRT8P33,0.8495270064080875
TDO2,0.849448332568176
TM4SF4,0.8493497274073736
RP11-181C21.4,0.8489318361631756
MDH1B,0.8483746731224504
SUSD4,0.8482231406025992
AC010468.1,0.8479750069338855
RP11-204L24.2,0.8472638552468839
FAM212B,0.8462342366992385
RP11-366M4.3,0.8449753292526744
PTPRG-AS1,0.8440307689929192
GALNT13,0.8439020475553868
RP11-436H11.1,0.8434460270082417
SEC16B,0.8432506553236294
RBMS3,0.8432059522418421
SLC35E2,0.8424537340507453
ALG1L,0.8410800823274189
ADPRH,0.8407258206362039
IL17RE,0.8400707975532594
SPATA6,0.8394970908986864
UCN,0.8382950895380271
ABCA12,0.8377853859607324
MPRIPP1,0.8377714451559432
VAX2,0.8374460998294481
RP11-465N4.4,0.8372778126860965
RP11-365O16.1,0.8367438812694948
EPHA5,0.8365735746069177
TSPAN2,0.8348001139495534
RP11-114I8.4,0.8337776117853882
MT2P1,0.8327191959602125
ANK2,0.8326784237939041
AC009404.2,0.8323966511154307
HLX,0.8312832586155312
INTU,0.8293364637923358
RP11-396C23.2,0.828721555933121
GCSHP5,0.8280247206234299
TMCC1-AS1,0.8278933951310649
RP5-943J3.2,0.8267120369700068
MCIDAS,0.8267010787730683
RP11-395N3.2,0.8264744426136694
C1QTNF3,0.8246489313777102
ACYP2,0.8243914127206534
AC108463.1,0.8242037804234806
AADAC,0.8225750711383407
ZSCAN20,0.8217615403579592
IL1A,0.8214100150935436
OXTR,0.820863798347462
TSACC,0.8203660549199748
HOXD4,0.8193362275068597
RP11-33O4.1,0.8191417669935473
TMEM156,0.8177698677715135
RP11-539L10.3,0.8172654571848593
FYB,0.8172435407239812
TERT,0.8152783850766995
ZNF620,0.8128736093212429
ESM1,0.8123794995846602
RP1-74M1.3,0.8122842845325052
SNORA14B,0.8117056778215743
CTD-2589H19.6,0.8110776803927099
RP11-385F5.5,0.8108478097140673
RP11-656D10.3,0.8088358761509777
TXK,0.8074771508808861
IL7R,0.8072015192480296
EBLN2,0.806961797669511
RP11-523H20.3,0.8061324172504345
ZNF141,0.8051976326105142
MGAT4A,0.8050513826409778
FSTL5,0.8049793696817099
UBE2V1P2,0.8047201295103527
MARK1,0.8045783941575438
KDM4A-AS1,0.8038095586433277
CTB-113I20.2,0.8034219635147869
RP11-337C18.9,0.8021513108062317
SSBP2,0.8018707812937844
LEMD1,0.8018529229844344
RP11-206L10.1,0.8018144461527686
ANKRD44,0.801630224255256
CTC-451P13.1,0.8007484257556072
RP11-319G6.1,0.7995442734394471
RP11-168A11.4,0.7989563679440029
ARHGEF4,0.7980661448755847
ERVMER34-1,0.7980240010855364
STON1,0.7972776396674806
FTCDNL1,0.7970620299478021
TRIM46,0.7967387052675963
SLFNL1,0.793640677959841
RP11-9L18.2,0.7934433109029978
C2ORF15,0.7929514545905448
RP11-517B11.7,0.7928458033042993
FLG,0.7928172370633743
EAF2,0.7918878039718659
STAT4,0.7894479969772021
GAPDHP60,0.7887172589381342
NCKAP5,0.7885496689645092
TMSB4XP2,0.7881637562013576
MAP2,0.7880081553335776
ERICH2,0.7872144216995736
RP5-1061H20.4,0.7867243611172624
CAMK4,0.7863352032764775
FOXL2,0.785944092437216
GPR1,0.7855490596600624
FAM19A3,0.784829690564083
PFN4,0.7845182151115354
FMO4,0.7843512191154828
KCNH1,0.78370329476664
PLXNA2,0.7831369773902228
ZC3H6,0.7827886623891082
TEC,0.7822416817671298
IDH1-AS1,0.7821670433330921
RP11-570P14.1,0.7819052241249894
COLGALT2,0.781876744710832
RP5-864K19.4,0.7803713510704675
FTH1P3,0.7803308025285925
RP11-510N19.5,0.7785257234630659
SUSD5,0.7768445165057355
RP1-228H13.5,0.775082449145601
CCDC163P,0.7746243249332193
RP11-486G15.2,0.7728549298912814
ULK4,0.7716897611064799
CTC-487M23.5,0.7715784699403546
ATOH8,0.7709157883719581
NBPF16,0.7701940490090474
TMEM125,0.7701611170230303
SLIT2,0.7697919439263735
GTDC1,0.7696517570621074
RP11-385F5.4,0.7685590395161827
LSAMP,0.768021813118282
RP11-700J17.1,0.7670968999768109
AC046143.3,0.7663584504261767
RP11-44F21.5,0.7660711223003865
PRORSD1P,0.7658158939857547
TESK2,0.7647677213064744
NPL,0.7643698433095601
RP11-558F24.4,0.7637630468646183
SLC40A1,0.7626052918847611
IGSF11,0.7624068507018776
NBPF2P,0.7616526390757473
ROBO2,0.7612667253073134
TMPPE,0.7609247558166552
RP11-403I13.7,0.7592649162989691
ANKRD34A,0.7580485380036529
CHRM3,0.7580467324105183
EDARADD,0.7575284633093345
EFR3B,0.7574738670735112
C2orf27A,0.7557189925154241
NCMAP,0.7556899620874131
IL18R1,0.7551588895932339
PPM1K,0.754745707730503
AIM1L,0.754628323151591
RP11-71H9.1,0.7541581206547519
BRDT,0.7538706881304275
PRR16,0.7527311391853176
FAM229A,0.7521062971939969
RP11-731C17.2,0.7516662798992503
RP11-81N13.1,0.7507289132868445
VGLL3,0.7499758588145967
MMAA,0.7472841196847071
RP11-371I1.2,0.7449754801439377
RN7SL689P,0.7446803055291623
RP11-423O2.5,0.7442969807176728
RP4-758J24.5,0.7435566322682675
CARF,0.7424556247037435
AC112229.7,0.7416710594943813
GUSBP3,0.741598609920476
DDX11L2,0.7414954455454078
RP5-1057J7.6,0.7412809723417834
PTH2R,0.7394460954657701
VCAM1,0.7386846268697825
RP11-708J19.1,0.7381886159596901
WDR52,0.7365969609933876
RP11-120B7.1,0.7365316597574543
FLNB-AS1,0.7365243333090815
RP11-391M1.4,0.7357171399548594
RP11-54O7.3,0.7355407599325163
RP11-173M11.2,0.735019689753277
RAB42,0.7347855510961886
KCNMB3,0.7346834316247476
PLA1A,0.7338014643518643
CTD-2139B15.5,0.7321192711711588
ADCY5,0.7319132866939696
PRRT3,0.7317998473241754
COL4A3,0.7315432835550096
DOCK3,0.7314866450972937
AC018738.2,0.7312157677386408
CTD-2287O16.5,0.7311480940025948
GLIS1,0.7299739932205401
SNX18P15,0.7294871438847609
STOX2,0.7292237308594638
CTD-2203K17.1,0.7291680185186071
AC007246.3,0.7280295379527616
RP11-734I18.1,0.727286372569561
IGKJ5,0.7262020793461478
RBM34,0.7260763142415027
CRYGS,0.7254519461286542
PPFIA4,0.7249551698299167
AC009299.3,0.7243402157378201
AC020571.3,0.7240631186616944
NGF,0.7237132558492211
PAIP2B,0.7219913949322394
AC110619.2,0.7218295556722617
RP11-123J14.2,0.721356763385855
TBX19,0.7209727884119003
ACTG2,0.7205016460875941
RP11-79P5.9,0.7196522536348221
FCRLB,0.719218448578283
RP11-284F21.9,0.7191769937682188
RP11-474O21.5,0.7183402227090162
MAST4,0.7182783234465058
SH3BP5-AS1,0.7180077252567111
RP11-343B5.1,0.71747812742699
XX-CR54.3,0.7172939901958771
RP4-792G4.2,0.7168846800489898
C3orf55,0.716654005668497
ZSWIM5,0.7156274733665718
TAGLN3,0.7150672918106812
MST1,0.714976501445037
SCARNA2,0.7147591569867237
AC093642.5,0.7143836650044002
FBXO2,0.7138117716416645
WNT10A,0.7136094613945517
SLC30A3,0.7128118155075104
SCNN1D,0.7126934298959986
STAC,0.7117488052687375
GRAMD1C,0.7115765500267693
OBSCN,0.7113072676264697
AC017074.2,0.711276385715995
WNT5A-AS1,0.7106465742234934
RP5-997D16.2,0.710407608186613
EXTL1,0.7097315411162705
RP11-11N5.3,0.7089614561927778
SLCO2A1,0.7077198403994686
SULT1B1,0.7075430323806092
RP11-121C2.2,0.7069897449554642
RP1-92O14.3,0.7046074986859109
APLF,0.7035902555885355
ANXA2P1,0.7035441990678284
ADC,0.7032604582078847
IL12A,0.7028925976949211
NSUN7,0.7027436950076763
CDK15,0.7023002728934991
RP4-635E18.6,0.7019236724673746
SLC22A15,0.7009308622548015
CKS1B,0.7007643697470439
POTEF,0.6994138570200915
LINC00471,0.6987233138124843
RP11-807H7.1,0.6982648012651936
GPRIN3,0.6981583450920118
ARIH2OS,0.6980507381224109
LINC01057,0.6973720213781501
RP11-25H12.1,0.6973324896460974
GSTM2,0.696411705617122
AC010890.1,0.6957396921357223
PKMP1,0.6957274040025316
C1orf51,0.6952533664052006
RP11-458D21.1,0.6942196305783305
PTGER4,0.6941719095281278
S1PR1,0.6937539532220476
SULT1C2,0.6925579282491693
RP11-260M2.1,0.6901438210400709
CDH10,0.6898166432513744
RP11-402J6.3,0.6896150248805526
RP4-657D16.3,0.6895618977621639
AC108676.1,0.6892157571305529
YWHAZP2,0.6889277486055684
RP3-342P20.2,0.6887035634895469
FAM110C,0.687186592941038
KIAA1107,0.6870624675592261
BMPR1B,0.6863776713068135
CSF2,0.6856041510065204
CNGA1,0.6856001828377699
RP11-757F18.5,0.6853718586612776
LIX1,0.6849946174965078
RP11-100N21.1,0.6840970716918141
AC098973.2,0.6824100977368565
QRFPR,0.6820811102396546
RP4-740C4.6,0.682034353653923
ATP5G1P4,0.6820040048651342
FAM72C,0.6804565671726238
GRK4,0.6801178812341564
AC010883.5,0.6798654965181569
RP11-108M9.5,0.6787266499483001
LDHAP2,0.6781628869132899
RP11-206F17.2,0.6779852633437246
COL25A1,0.67794036565079
RP11-343L5.2,0.6778889924260127
IGSF9,0.6767651057818064
NR2F1-AS1,0.6767457491155807
EGF,0.6754015282292594
ICA1L,0.6753132940962784
NMNAT3,0.6744680809801135
AC022210.2,0.673989278657948
RP4-730K3.3,0.67332564551662
RP11-465B22.8,0.6730919143134884
RPS4XP6,0.6723319468855085
IGKJ4,0.6722138237835223
RP11-345P4.7,0.6720927374618094
RP11-458N5.1,0.6717636026493093
RP11-54O7.16,0.6716789184307363
CROCCP3,0.671180806693409
SORBS2,0.670367933816581
AC026740.1,0.6701148484394636
HNRNPKP2,0.6700746815911778
MYCL,0.670002204812708
FAM86HP,0.6696656138310176
SLC3A1,0.6692900000552001
FTH1P4,0.6683843741819698
PPM1J,0.6675464665182901
RP11-686O6.2,0.6673615430162965
PRDM8,0.6673449448342765
FRZB,0.6669733491256217
TSGA10,0.6668903072693088
RP11-386I14.4,0.6660779578173474
RANP6,0.6658021202889772
RP11-54O7.10,0.6648504681314311
MTATP8P2,0.6645794376789715
ZNF501,0.6644760497786985
FRAS1,0.6644379120728121
WDR65,0.6639422039834435
RPS10P7,0.6636018665862983
RP11-177C12.1,0.6634818153668427
RP11-807H7.2,0.663140943054119
RP11-326I11.3,0.6629494624704183
RP11-324L17.1,0.662452039409552
PEAR1,0.6620887738912119
DUSP19,0.6610402936018095
RP11-33B1.4,0.6607568276311174
RP11-448G15.3,0.6600012129986064
SPRR1A,0.6589628850560555
ART3,0.6587458431122944
CCDC149,0.658365506787791
ZIC1,0.6581014084262867
GNRHR2,0.6579514731734618
NTNG1,0.6576554270230204
RP4-575N6.2,0.6566578835895375
APOD,0.6562225379643641
RP5-1092A3.4,0.6554033685888448
AC159540.1,0.6548562780224039
ALMS1-IT1,0.6544026812104358
AC019181.2,0.6540214687839249
IL15,0.6533870322711519
RTP4,0.6527961421649147
LHX9,0.6527531906233532
RP11-126K1.2,0.6526901076093764
SETP18,0.6521843325988788
SCN9A,0.6508790513553766
NUDT4P1,0.65066280358869
RP5-1157M23.2,0.6495162052710953
SLC10A4,0.6491498037364921
RP11-159F24.3,0.6487761804087243
AFF3,0.6482750384880301
AC064872.1,0.6479157826355041
RP11-305E17.6,0.6477210430365103
RP11-393N4.2,0.6475752458900236
AC012358.4,0.6472030134041038
FBXO48,0.6461678761620889
RP11-305K5.1,0.6444592968921038
RP4-635E18.7,0.6443426017861359
AC009501.4,0.6440298191843709
ACVR1C,0.6437569968996616
ILDR1,0.6430646194216021
SLC2A1-AS1,0.6430374558895394
CTD-2023N9.1,0.6429944166533016
NLGN1,0.642242773614729
RP11-575H3.1,0.6400637294450814
PDZRN3,0.6394880591676094
CCR1,0.6390299775386764
RP11-395L14.17,0.6386676241762205
AC092933.3,0.6380090773934513
RP11-543B16.1,0.6374990759235342
EDAR,0.6370664427168209
PCBP1-AS1,0.6369592805509429
HEYL,0.6368771065122122
CHCHD3P3,0.6362653323097658
PITX2,0.6349684925138342
DNAH1,0.63328884846388
LRRC34,0.6328882729979398
IRX2,0.6315464234917829
ARTN,0.6315250721645292
CFHR1,0.6309538849909456
EIF4E3,0.6291665575173463
RP3-510D11.1,0.6289155803348826
C3orf72,0.6287745149815609
NONOP2,0.6285507856363475
CTLA4,0.6278768048976718
CAND2,0.6270930718390418
RP11-435F17.1,0.6261843208747985
NEURL3,0.6256295393159751
TPPP,0.6244926724419054
RP11-512F24.1,0.6244333338635665
GAS5-AS1,0.6239452761442771
FOXD1,0.6235158064900341
GUCY1A3,0.6233365385358898
ANKRD36C,0.6232651310028904
NLRP3,0.6230352247573431
GDNF,0.623008301003665
RP5-902P8.10,0.6226229149639996
S100A8,0.6223302319310289
CCL20,0.6216501211625154
AC009237.11,0.6214905544097833
RPS7P3,0.6214625459830853
ABCA11P,0.6202121341349752
RP11-723O4.2,0.6199105489615171
KCNK2,0.6198831951296198
CDKL3,0.6194403594625629
ST8SIA4,0.6191291270058382
DAPP1,0.6190542622572605
ERBB4,0.6185871431943846
CADPS,0.6182612992301421
CTD-2376I4.2,0.6174445510137717
RP11-690I21.1,0.6167788044491292
RP11-711M9.1,0.6155396877544536
SMIM1,0.6146639144634242
RP11-381N20.2,0.6144886536908712
AC016708.2,0.6144199787184529
AC005355.2,0.6136150756321286
MORF4,0.6130336589822364
ABI3BP,0.61252385516452
RP11-1020A11.2,0.6124242034219572
IRX4,0.612206350649863
RP11-177B4.1,0.6121746098411102
IFI44L,0.6117593652310205
VASH2,0.6093038378615427
AC022007.5,0.6092150859805731
FMN2,0.6091803631706295
CREG2,0.6080798100369843
RP11-1398P2.1,0.6074114443606812
RP11-263K19.4,0.607330422028303
SDPR,0.6069168625570983
RPS15AP12,0.6065876218987915
RP11-723O4.9,0.6050064705503889
SOS1-IT1,0.6047298437054663
RP1-92O14.6,0.6044321487164094
TIMP4,0.6044086843628227
SLC9A3,0.6026420761071022
C5orf56,0.6024009465352073
RP11-422P24.10,0.601911983925543
AC013268.5,0.600797028714596
DMGDH,0.6004206030988478
AC112229.1,0.5988762483333284
RPS20P10,0.5985245344220048
CTD-2235C13.1,0.5983517468366051
EVC2,0.5982220160622892
C5orf63,0.5977524476834443
RP11-64D22.5,0.5977025933066199
CTD-2066L21.3,0.5971537196313926
AC093415.2,0.5962440487278869
RP3-423B22.5,0.5960929684509215
C4orf47,0.5960599133983214
TFCP2L1,0.5959372358828933
C4orf36,0.5951399096419226
ZFYVE28,0.5940789559114129
TRIM36,0.5928968176520725
RP11-100E13.1,0.5927298128841655
TRAPPC12-AS1,0.5926203133531285
DMBX1,0.592059839433709
LINC00622,0.5917059217066077
FAM78B,0.591407849686182
SRGAP3,0.591363051183361
SH3RF3-AS1,0.5909488158022761
SATB1,0.5897196945159577
DUSP2,0.5894265920688432
AC012442.5,0.5890100617997512
RP11-145A3.1,0.5880778841324316
NPPA-AS1,0.5874351926695924
P2RY1,0.5873912558110413
MARCH1,0.586921537121507
DNAH14,0.5857361493254559
SOX11,0.5854715873914137
RP11-74C1.2,0.5853780009572954
CTA-253N17.1,0.5844436955149198
AC010733.5,0.5828859088331296
ROPN1L,0.5828198563321706
RP11-103J17.2,0.5827988041079976
AL136376.1,0.5826840632951221
RP11-18H7.1,0.5826666524074529
RP11-244H3.1,0.5826498994592196
RP11-756P10.3,0.5825183451379548
RP3-467L1.6,0.5824689094474554
RP11-296A18.5,0.5822604083827435
ANKDD1B,0.5820083868885443
RP11-384C4.3,0.5811241290726774
GBX2,0.5807922457229433
CYCSP10,0.5805359842094221
OVGP1,0.580037896601851
RP11-42O15.3,0.5795544465887047
FAM53A,0.5793182141420301
KCNG3,0.5792113603693106
UTS2,0.5785837695680854
FNBP1P1,0.5779625962860608
LIMS3L,0.5778929849693845
RPL5P12,0.5767573573209168
AC079807.2,0.5766465040553298
RP11-215P8.4,0.5765726560334016
RP11-254F7.4,0.5761980596452942
CTC-499J9.1,0.5754019692180861
AC112229.4,0.5747637210911098
CASZ1,0.5745274164888287
CTD-2127H9.1,0.5716010108992006
RP11-755B10.4,0.5715231220108189
RP11-362K14.6,0.5691018622309224
RP11-159F24.6,0.5686837611356826
EPB41L4A,0.56813082351387
SLC44A5,0.5656109409888186
snoU13,0.5651526086074817
AC097523.2,0.5648561270976882
RP11-525G13.2,0.5640051021005407
RP11-345P4.6,0.5636882043908639
RP11-115D19.1,0.5635677266191959
C2orf54,0.5622542311187936
RP4-682C21.2,0.5622271245016122
RP11-360F5.3,0.5619623393091705
NACA3P,0.561880621994313
AC007560.1,0.5613937876992163
AC007382.1,0.5610983752808111
AC110619.1,0.5610974851884412
TCEA3,0.5609232888695747
AC093162.5,0.5602371480278628
LYG1,0.5601707677390005
RP11-425I13.1,0.5601442950421308
LRRC38,0.5599828196217524
C1orf54,0.5596860446976185
AC018804.7,0.5595977662149855
RP11-214N9.1,0.5593876923227862
RP11-181K3.4,0.5587416979763069
RP5-1024G6.5,0.5577224695726278
ENTPD3-AS1,0.5564459472980873
RP11-180O5.2,0.5558584291397723
RP11-38P22.2,0.5554117673523127
RNF175,0.555249999932477
LINC00887,0.5545956494030694
DISC1,0.5545032328227394
RP11-281P11.1,0.5537596677188211
AC142528.1,0.5534421683201277
RP11-362A9.3,0.5526930896351848
AC092675.3,0.5526339004664779
NKD2,0.5522619381560568
FSTL4,0.5521860623592816
CYTL1,0.5521449991406114
DUSP5P1,0.5515535196196831
AMIGO1,0.5507743565155788
RP11-389C8.3,0.549978178593612
MYOM3,0.5497449533978148
ST6GALNAC3,0.5496824198566309
TPM3P8,0.5495351479445221
RP11-440D17.4,0.5486020304466993
RP11-126K1.6,0.5481628078456164
SPRR2E,0.5477459208083818
ADAMTS3,0.5466690303448515
RP11-98D18.3,0.5449500772043252
AC093787.1,0.5440387819140533
RP11-234O6.2,0.5431513020036668
LHX8,0.5427209770185946
RP11-415J8.3,0.5424257779168459
CSPG5,0.5422353215546191
TAPT1-AS1,0.5420978812396963
WDPCP,0.542010406849565
HMGN2P4,0.5419810746637348
RP5-884G6.2,0.5418699212742103
RBBP4P1,0.5406928164613259
HS3ST1,0.540120547441175
PALMD,0.5401204176475957
MST1P2,0.5401096893321463
NKX6-1,0.5399327459476208
LINC00312,0.5388622067877445
RP11-474G23.3,0.5387037446859352
CTD-2161E19.1,0.5383802029935496
WDR78,0.5376233208655553
ATP6V1B1,0.5370769029393686
CTD-2116N20.1,0.5354902581325197
FAHD2CP,0.5354091963444454
CTD-2517O10.6,0.5351603764587766
AL161915.1,0.53412348712117
ANKRD36B,0.5340485304060687
BTF3L4P2,0.5339919409866537
IL24,0.5337144288416806
RP11-469M7.1,0.5333403468465687
RP11-10K16.1,0.5331152526308475
SLAMF9,0.5322624393796854
ACTN4P1,0.5318594578790182
CMPK2,0.5315884149877314
LCE3D,0.531554581877881
RASAL2-AS1,0.5313084087650682
TNIP3,0.5309329885851238
GREB1,0.5300747284469133
RP11-255C15.4,0.5300511677097609
ATP1A1OS,0.5297047642528128
RP11-379F4.7,0.5294997476678087
FOXD2,0.5293161804339043
M1AP,0.5286502081858776
RP11-553A10.1,0.5281513319339582
NAALADL2,0.5274842645952899
RP11-218F10.3,0.5274664796043923
MUC20,0.5270066727843677
LPHN3,0.5265709470751094
PRR9,0.5265432190703897
RP11-493K19.3,0.5259856493254428
RP5-1065J22.8,0.52568423340654
AC017104.6,0.5255875270142721
RP5-994D16.9,0.5253059902057419
SPON2,0.5251215921378225
RP11-46A10.5,0.5245367051321148
UBQLN4P1,0.5244761599715719
RP1-120G22.11,0.5244421980387236
CCDC148,0.5239842164509149
RP11-378A13.1,0.523727279924622
RP11-342M1.3,0.523285230712767
AC016725.4,0.5224904983838755
GGT8P,0.5222680225875286
RNF144A-AS1,0.5211680745512657
SLC9A2,0.5207918742154864
HMX1,0.5204447399624639
COL11A1,0.5203739698584097
AC104654.2,0.5202146950220466
RNF150,0.5199844206697318
RP11-463J7.2,0.5195986648905762
MSNP1,0.5190969362431407
POU3F3,0.5190730958978718
CTD-2033C11.1,0.5184459565720065
PTMAP8,0.5181341526211327
GHRLOS,0.5177841793519643
AC013449.1,0.5171886262713249
SEPP1,0.5171275499701027
NFASC,0.5170909874007799
NCBP2-AS1,0.5158316995877512
RP11-434H6.7,0.5153201773824568
SLC8A1,0.5152453391943875
AC083900.1,0.5141656470871635
CYP4F31P,0.5140429987796696
RP11-1023L17.1,0.5139953066044023
KBTBD8,0.5136232811293919
RP11-355B11.2,0.5129593031917424
CTD-2078B5.2,0.5127702778895381
ARL14,0.5118222612499245
TECRL,0.5115428425127251
AC018804.6,0.5113364772809326
MATN1-AS1,0.5110810394171676
LAPTM5,0.5105518527248352
AC114752.2,0.5093223370889733
HIST3H2BB,0.5091315503184412
FAM218A,0.5090417573792991
AC092614.2,0.5088878439733421
FAM183A,0.5087638521914947
CHL1,0.5079339698595075
MUSTN1,0.5073274996003002
RP11-781M16.2,0.5063693575618914
RP11-342K6.2,0.5055297833939905
TMEM150C,0.5054619465494395
RP11-496N12.6,0.5050849593444945
RP11-393M11.2,0.5048865736491711
RP11-309G3.3,0.5047456209565107
RP11-261C10.5,0.5037989635159359
LINC00505,0.5030851216229305
SNX25P1,0.5017133273278754
RP11-1024P17.1,0.5016257583402907
RP11-656D10.6,0.5007600508056638
SPATA17,0.5005943897970837
RP11-488P3.1,0.5005906300690907
RP11-798M19.6,0.5005065263272408
AC007238.1,0.5003751245494654
RP11-69E11.4,0.49993561899225436
RPS7P4,0.49955018633894416
CCDC173,0.4993181701148897
MAATS1,0.4991779944705144
TRIM58,0.49917294793380185
GMPPB,0.49872030654025856
PEBP1P2,0.49788512111988764
AC114776.1,0.49784622597825773
CTD-2263F21.1,0.4978110142050655
RP11-197K6.1,0.49762504717563255
MEIS1,0.49745333470962744
RP11-54O7.1,0.4974302493671015
RP11-364L4.1,0.49723768835061716
ACKR2,0.496210632557376
FCGR2A,0.49601488889754997
NPM1P46,0.4954812925530167
AC073415.2,0.4953564849140896
RP11-483I13.5,0.4952631685511794
RGPD8,0.49492518569239335
WNT2B,0.4949171640229844
RP1-178F15.4,0.49459517431202776
RP11-496H1.1,0.4945393236462985
ST13P15,0.494398871140022
IGKV3-15,0.494257561043043
GS1-279B7.2,0.4933582741598737
ADAMTS4,0.493209848265598
AC009948.7,0.492915200153091
RP3-469D22.1,0.49279914005014097
AC093818.1,0.4924651685161295
RP11-185E8.1,0.49207482996675234
C5orf38,0.49176766827084983
CDKL2,0.49158165088593847
RP11-299H21.1,0.4911631382777723
C2orf88,0.49098745147070505
RP11-333E13.2,0.490530007044024
MFSD4,0.4905029403675594
DYSF,0.4902280546996021
AC009299.4,0.4890706085097343
RP11-425I13.3,0.48892059146295247
RP11-127B20.3,0.48792966045230185
PLA2G12AP1,0.48745846243354857
AC016722.4,0.4871333997821405
AREG,0.4860766486737096
HECW2,0.48577658221129966
KRT8P10,0.48570473128530595
RP11-647K16.1,0.4856831701347475
DENND2D,0.48514634240209586
RP11-529E10.6,0.48477060596552063
RIMKLBP2,0.4847683527049829
GTF2H2B,0.4820358505489853
RP11-448G4.2,0.4818742728668544
AC016700.5,0.4803590222220154
HOXD1,0.48025040460003426
GCSAM,0.4800369136061699
RP5-1068B5.3,0.47999313821092954
ANKAR,0.47978918979364255
VILL,0.4786730084770064
IRX1,0.4785752696372034
DAW1,0.47810404727914874
RP11-789C1.1,0.4778851153854536
MASP2,0.4769768296823545
TMEM52,0.47594881818001716
ENPEP,0.4754213313883451
CYP2J2,0.4753468125279476
TF,0.47294692478476175
AC004069.2,0.47271812671253466
RP5-1042I8.7,0.4721738376080347
RP11-666A20.4,0.47204058133107435
ESPNL,0.47083025934841327
OCLM,0.47021718922232125
NEGR1,0.4698519821269016
RP11-567G24.1,0.4697996172407713
HYAL1,0.4690020252669371
HNRNPA1P59,0.46896775822093467
RP11-195E2.4,0.46889896313342666
NPR3,0.46887471163103367
RP11-1293J14.1,0.46874034209834364
NUDT16P,0.46829582670486486
RP11-16P6.1,0.4680793890714485
RP11-565A3.2,0.4675387338308425
UGT1A1,0.4669789917774527
PDE11A,0.46697034528746634
CTD-2023M8.1,0.46694766930029763
TMEM40,0.46663452786300486
RP5-827C21.1,0.4664314888550924
EEF1A1P8,0.46627670105439517
UBE2FP3,0.465942396050014
RBMS3-AS3,0.4654506438553063
FLG-AS1,0.46534534131891325
CDH9,0.4645104903334589
AL450992.2,0.46442931634552603
CTC-436P18.3,0.464374012039308
RP11-48O20.4,0.4641139420384825
AC017048.4,0.46403608960186205
HNRNPCL1,0.46376997958391347
RP11-7O11.3,0.46349811704076616
C1orf170,0.4624075555133986
GHR,0.46235631050577225
TLR1,0.4622273560789872
KIAA1211L,0.46166623627674946
RN7SL738P,0.4609407192331747
KIAA1614,0.46071275962179564
RASGRP3,0.46004588193154033
AC016745.3,0.459842563520743
HSPA9P1,0.4596531184421219
KLF15,0.4594615919779426
AL021068.1,0.45886661835451786
RP11-433O3.1,0.4586277568541342
RP11-426L16.3,0.4586256506734357
WDR63,0.45850010655699586
RP11-552M11.4,0.45846614127833046
RP11-573D15.1,0.45797890689043214
RP11-114B7.6,0.4578495746313242
GRHL3,0.4576740012974399
LEAP2,0.45756230769348094
NSG1,0.4565074565997868
NDNF,0.45568791987628354
OSGEPL1-AS1,0.4555587774156602
RP11-241F15.1,0.45526833293705965
B3GNT7,0.455039680547577
LINC00491,0.45468647848846055
RP11-29H23.7,0.4542900554544538
RP11-142L4.3,0.4542775795028684
RP11-1415C14.4,0.4539535499147338
CHCHD2P2,0.45367442110244904
AFP,0.4522907606072067
ADAMTS6,0.45208074593516145
LINC00337,0.45197902028880305
WDFY3-AS2,0.4505350138747164
RP4-631H13.6,0.45010109059681636
IL1R2,0.45007402471437935
RP11-552M11.8,0.44981288981162343
AC099522.2,0.4489187877326959
C1orf134,0.44886717963264494
RP11-362K14.5,0.44882430962223524
IGJ,0.44874748780637397
RP11-20O24.1,0.44859394907811206
ANKRD34B,0.4485157595059511
RN7SL832P,0.44816320314969377
IKZF2,0.44762923020581874
AC009961.3,0.44755104575347326
NMNAT2,0.4472355570166511
EMBP1,0.4471697440006677
YEATS2-AS1,0.4467334564250555
RP4-555D20.4,0.4458879310281035
CALCRL,0.44565977997917566
AC062029.1,0.44542628978274174
ASTN1,0.4453553689584632
PARM1,0.4448678954244952
LURAP1,0.44473967313548607
KCNF1,0.4445076265780181
DNM3,0.44445819274470016
CTB-118N6.1,0.44332667342437215
RP11-86H7.7,0.4431896295810522
RP4-800M22.1,0.44291515785731655
AL353898.3,0.4428724019286376
RP11-296O14.3,0.4414947680823767
RP11-219D15.3,0.4414026430444981
RNVU1-20,0.44053144282496387
FAM150B,0.44030290935465816
ST3GAL6-AS1,0.44026371445890766
AC104695.3,0.43935072738435516
LRRN1,0.4393012009220516
TUBA4B,0.4385312554300933
RP11-531F16.4,0.43796945309187235
TIPARP-AS1,0.4378631959691799
PADI2,0.43760515636363245
AC092811.1,0.4371532753715952
CD38,0.43630487937403634
RP11-191L17.1,0.43620539259045943
LINC00852,0.4361723500336845
HSPA6,0.43617217628003524
HIST2H3D,0.4354046341849646
KIAA1324,0.4353192749347867
PPM1L,0.4352796224825604
RP11-73K9.2,0.4349935478737152
RASL11B,0.4348232336507416
ANKRD23,0.43455421392735855
PFN1P3,0.43391187317649865
TIGD4,0.4335535125295966
CFL1P5,0.4335446743954934
AC019097.7,0.4334634109626429
ENO1-IT1,0.4328997096616794
U73166.2,0.43282689136452385
KALRN,0.43280966946887595
NBPF20,0.43263850059094316
KIF17,0.4324078013192691
AC062017.1,0.4323711554835936
NF1P8,0.4320728511790702
SH2D2A,0.4314194862145205
KRT8P36,0.43085942797705085
RP4-612B15.3,0.43083349706691193
RP11-646I6.5,0.4306522775598955
AC021016.7,0.43042669455515775
ARHGAP31-AS1,0.4299411719350483
TM4SF19-AS1,0.4294272582916709
FBXL21,0.4293463136137057
HMGN1P36,0.42843403838953925
RP11-134G8.7,0.42765580144104226
AC108479.2,0.427565345246457
TTC21A,0.4268692957330001
LINC00960,0.42655621072070765
BRD7P2,0.42611680833429744
ZMYND10,0.42585901483165145
RP4-669L17.1,0.42440341607385684
HSD3BP5,0.42328401540197375
MYH15,0.42317811397205257
AC010987.6,0.4226207138459634
CHSY3,0.4222820316793508
AC016712.2,0.4220194450186421
RP11-543B16.2,0.42197272876347003
AC009410.1,0.4213144431700538
LIMS2,0.4207752011024845
RP11-416K24.2,0.4207619238248388
CYP27C1,0.42069086977943565
RP11-299J3.8,0.4206179146334434
OR2W3,0.42058150081673457
CTD-2012J19.3,0.4203398053623432
CCDC39,0.42022518899767275
LINC00886,0.4200865292566008
PROC,0.4200186251884657
RP11-148B18.4,0.41928271295081004
RP11-179G5.1,0.4184538113026779
CTD-2410N18.3,0.4182260451938518
RP11-571L19.8,0.41806028593301797
RP11-597D13.9,0.4178348589602439
DNAH5,0.41755340143560266
RP11-348P10.2,0.41707892411808417
CTD-2260A17.1,0.41652560384551157
NOSTRIN,0.4159956033748576
PTPN22,0.41556623832757406
GDI2P2,0.4152361668155804
SEMA3B-AS1,0.4151912615109517
AC007879.7,0.41518109639194317
AC073218.2,0.4143618323893576
IL31RA,0.41434655296882356
HMGB3P6,0.4142659900226336
DNAJC19P5,0.414192319576496
MIR137HG,0.4133770512009161
RP11-533E19.7,0.41332501492124746
SPEF2,0.41327296930534607
SIDT1,0.41251702214611535
ALDH1L1,0.4124985408901776
UBE2D3P2,0.4122741680197843
SLC7A11-AS1,0.4120654726133051
COL3A1,0.41095508756387317
SNORA41,0.4095727898832881
LDHAP7,0.40947248802159325
HRASLS,0.40936211982080134
RP11-550F7.1,0.4090110966536113
WNT3A,0.4090030373001885
CYTIP,0.40896998936102347
ARHGAP30,0.40838470734963633
RP11-276H7.2,0.40823852412916944
RP11-379B18.5,0.40823581530409075
CCK,0.4079743106529245
RP11-293A21.1,0.4078388556713264
AC016738.4,0.40775443090576563
FAM151B,0.40616157340166614
TWIST2,0.4058839504238998
RPL30P4,0.40524090930106604
EN1,0.4050482155213775
SCN2A,0.40447541513153534
IL36RN,0.40442451817152475
CHDH,0.4043775453205905
RPL29P12,0.4041947996430244
RPL18AP7,0.4041531421102833
FOXD3,0.404111030405881
TMEM61,0.40382472182289336
DLGAP3,0.403787428638764
UGDH-AS1,0.4037551457284158
RP11-480I12.5,0.40324595683671866
PDZD2,0.40317306320695384
GUSBP9,0.403099905521115
CNTN6,0.40255813116099776
BANK1,0.4020104317789846
CPNE4,0.4017809860843551
RXRG,0.40006484757657357
TMSB10P1,0.399945664288002
RP11-380J14.1,0.3998652553195134
BCYRN1,0.3994951039428802
RP11-57H12.5,0.3994847087097475
RP11-54O7.18,0.39913337014775613
AC011747.7,0.3986342451272649
EEF1A1P24,0.39774521065028684
RP11-496H1.2,0.39758536093201996
SERF1B,0.397572287474421
ACOX2,0.3972462176013807
RP11-102M11.1,0.39688484907340865
PPP1R1C,0.396699780005448
PRKAR2A-AS1,0.3965453310833353
RP11-245J9.4,0.39640948876613996
METTL15P1,0.3963648444990384
CIDEC,0.396218183873927
LINC01035,0.3960970193542743
RP11-53O19.1,0.3959864206162415
FAM157A,0.39480130475659875
SNORA26,0.39467077333085415
SEMA5B,0.3939282289731046
AC013275.2,0.3934115089747898
RP11-774O3.3,0.3931733785707447
AC009302.2,0.3928171648157246
AC024937.6,0.3924528809436212
RP11-439A17.7,0.3923626928193007
RP5-968P14.2,0.39088420309232963
RP11-1281K21.1,0.3903367104386775
CTB-36H16.2,0.38923304108168305
SEPT2P1,0.38915848057595426
HNRNPA1P35,0.388771364476242
TFAP2E,0.388724982270319
RP11-384L8.1,0.38866945112539747
AC007038.7,0.38866937716345357
RNVU1-6,0.3884946061220938
ARL9,0.3884876080322086
AC104651.1,0.38822241538113883
AL358813.2,0.3868805953500787
RP11-96K19.2,0.38612882817358635
KIF1A,0.38601181254069866
AC018730.1,0.3857205943431617
LINC00568,0.38459400241262237
RP11-460N16.1,0.38438647350236294
FAM132A,0.3843386891958773
RP11-274H2.5,0.3841639145689244
TLR5,0.38414469269655543
HNRNPA3P12,0.3839170616471834
CTD-2201E18.5,0.3833612028645443
AC092574.2,0.38292399460401977
C2orf82,0.3827966151970688
RP11-159F24.5,0.3827751554996612
NBPF12,0.38249540001927457
OSR1,0.38200345884624687
RN7SKP275,0.3819519770224247
AC139887.4,0.38171808104758354
AC092835.2,0.3813252001253549
FAM167B,0.3806389228756746
GOLT1A,0.38043866763648665
RNF223,0.3799379807364492
RP11-206L10.8,0.37982090130102986
AC105760.2,0.3796315773419319
RP11-588K22.2,0.37946836029874426
SNORA70,0.3791310974348128
KIF5C,0.3790198571303387
RP4-798A10.7,0.3788569915364663
C3orf70,0.3779704690394805
CYP4A22-AS1,0.3777011865071986
RP11-10C24.2,0.3776937846013106
RP5-902P8.12,0.37652529590697165
RTN3P1,0.37617350538408384
RP11-156E8.1,0.37611573726188613
PBX2P1,0.3758637261276962
RP11-336K24.12,0.3754962682950606
RP11-423P10.2,0.3754402428541102
RP4-604A21.1,0.3753541560088279
RP11-164P12.4,0.37534382781049097
RP11-442N24__B.1,0.37525697007592207
RP11-353K11.1,0.37515542346523073
AC019181.3,0.3746668097914935
RPRM,0.3744594076814846
RP11-98J23.2,0.37430962716960825
SOWAHB,0.3737978757271682
SEC24B-AS1,0.37330109763536284
CA14,0.373290755882237
AGT,0.3732812561449232
RP11-141B14.1,0.37304336608799077
RP11-385J23.1,0.3728636153966452
LDHAP3,0.37247647706624903
RP11-307C12.12,0.3723609298965082
SLC16A14,0.37159378386996905
SCARNA6,0.3715341154012997
CD8A,0.3701709414490004
RP11-395I6.3,0.37012535434017785
AC015971.2,0.3694639171371284
RP11-396M11.1,0.369353600813459
LINC01063,0.3692726022013845
NADK2-AS1,0.36883010963276436
CTD-2207A17.1,0.36872136503547787
RP4-798A10.2,0.36628393547931154
SCN7A,0.3659854044593041
GJB4,0.3658232684358032
RP11-256I23.3,0.3653398756163398
CTC-534B23.1,0.36499305553908257
SNORA75,0.364760941430136
SCARNA7,0.36463357163865034
CTD-2035E11.5,0.3643622387583742
RP4-784A16.5,0.3642450460582456
RP11-83A24.2,0.3642144047023998
GMPSP1,0.3640295112006277
FAM96AP2,0.36394253331184506
ATAD3C,0.36388525660447774
RP11-373E16.1,0.3637095373026004
ASPRV1,0.3635869348617576
HIST2H2BC,0.36345636969924433
DENND2C,0.363170586469101
RP11-438L19.1,0.36312913705362493
RP11-181E10.3,0.3630533695277174
FAM198A,0.362965967633384
NR3C2,0.3627909229950422
RP11-95P13.1,0.3620785450512795
SLC25A34,0.36189348488082135
TNNT2,0.3615930703842621
AC093388.3,0.36066558110702956
MTMR9LP,0.3604439195957095
TMSB4XP1,0.36020252447534
RP11-478C6.4,0.3600635221668608
PSMD6-AS2,0.35935922150401983
RP4-594I10.3,0.3590414617295841
LRRC39,0.3588067468000686
DRAXIN,0.35855653084800004
EPHB1,0.35833409595551297
RP11-98G7.1,0.35769283641135524
LINC00853,0.3575858460398204
SLC51A,0.35732667585439715
RP11-98D18.9,0.356905492417593
MARCH3,0.3568145909730643
ZNF717,0.35671669990559796
AC097721.2,0.35662749454680404
FBLN7,0.35658648450983926
RP11-102N12.3,0.3564632961852506
RP11-241F15.10,0.35608755846841794
AC016700.6,0.3558482603822503
AGAP1-IT1,0.3555147945029686
RP4-593C16.3,0.3554990733385432
CTC-512J14.5,0.35541135637565663
RP11-61J19.4,0.35508951811695444
NT5C3AP1,0.35508743952634264
IGKV1OR2-108,0.3538241063757164
CTC-366B18.4,0.35332488971184867
RSPO1,0.3523718141895435
EEF1A1P25,0.3520987641081342
ENO1-AS1,0.35194107772514754
ITGA10,0.3517090917040347
AC007099.1,0.35153474067779406
IPO9-AS1,0.3512252177603021
RP11-456P18.2,0.3506469859439861
RP4-663N10.2,0.3505349947855935
NKX3-2,0.3502726244151731
HIST2H2BF,0.35015295487837533
FHIT,0.3496272414133452
BTBD8,0.34951374239435834
TPRG1,0.3492271270922767
HTR2B,0.34909384467600657
KRT8P46,0.3487701426202881
THBS4,0.3477849810723625
RN7SL637P,0.3476328019343762
RP11-415F23.3,0.3472061739743301
RP11-523G9.3,0.3470885037006453
AKR7A3,0.3468959286314046
RP11-776H12.1,0.3468817065811698
KIF9-AS1,0.34686981043445636
RP11-15B17.1,0.34651056057978175
RP4-533D7.5,0.34648759438454446
AC104653.1,0.34580943253682817
PCDP1,0.3456521525530103
MIR3936,0.3453741551264356
FAM43B,0.34521547384507345
RP11-480I12.2,0.3448307119789451
RP11-767N6.2,0.3447205476200861
FCRLA,0.3447050617073802
FAM84A,0.3446745558382256
HTRA3,0.3444131182802262
CCDC181,0.34409496326062006
RP11-469A15.2,0.3440762523812418
AC107081.5,0.34404506793863643
C1orf145,0.3437970815531275
HESX1,0.34374394946885944
GABRG1,0.3437403058053076
RP11-486B10.4,0.3437161463396672
CD101,0.34322588254067776
RPL5P17,0.3431747351451678
LNX1,0.34314396696751187
AC114730.11,0.3425585939301669
HMGB1P31,0.3424038613654363
RN7SL4P,0.34228834836208
RP11-190C22.8,0.34182524307302137
KLHL2P1,0.3412628667068012
RP11-528A4.2,0.34106569997263675
CTD-2260A17.2,0.3408209567704141
RP11-184M15.1,0.3405727568832843
AC111200.7,0.3404973982401143
AC091633.2,0.34017158174418066
RP11-15N24.4,0.34004399584259803
STARD4-AS1,0.33998409561302606
RP11-148G20.1,0.3398447547631733
AL645728.1,0.33941462617565366
RP11-318L16.6,0.33910384170811053
CTC-480C2.1,0.3389441822492219
ZDHHC11B,0.33892294186427807
KCNH1-IT1,0.33889852692128647
RP11-537E18.1,0.3386240623448256
SNORA7B,0.3386118846267239
NPR1,0.33855409097847816
RP11-385J1.2,0.3380066104152528
ACOT11,0.3378742014755028
RP11-692D12.1,0.3370546450775826
RP11-767C1.2,0.33700461702882717
SPOCK3,0.3369928273127028
RP11-32D17.4,0.3364648723935795
AC093375.1,0.33627486806741236
LRRN2,0.3362163042746075
AC069213.1,0.3358840372763763
RP11-176D17.3,0.3357907418821167
LSM3P3,0.3357356048943527
SNED1,0.33565000512320564
SAMD13,0.3351645446397861
RP11-39C10.1,0.3348551022855591
PHKA1P1,0.3347263298776458
RP11-276H7.3,0.33422105435564115
RP11-573D15.2,0.3334778533956935
AC093901.1,0.33308282894280256
SP9,0.3330458605511265
RP11-195B17.1,0.3318107112101162
RP11-395N3.1,0.3317837754711833
SEC63P1,0.3316006468729292
RP11-1020A11.1,0.3314179570347821
PLB1,0.33133600341212166
RP11-17E13.2,0.3310221127642833
SP140,0.3309397508246196
FGF12,0.33089408799892944
C2orf16,0.33088866112046283
DCAF4L1,0.33037662254521666
CSRNP3,0.33033806320007225
MAST4-AS1,0.32990329970852444
RP11-536C5.7,0.32975179918474606
SNORA55,0.3297276388840632
RP11-334L9.1,0.3285339917342629
RP4-561L24.3,0.32852660924248184
AP4B1-AS1,0.32845658975055186
RP11-3J1.1,0.3281387755331753
OLFML2B,0.3280917321297509
RP11-107M16.2,0.327992425954527
ACTG1P1,0.3278168123092424
RP11-288I21.1,0.32762677800326256
RP3-395M20.12,0.3273165899397848
SNORA63,0.3271168145638674
RNA5SP155,0.3268214954905879
RP11-359K18.4,0.32677449145217097
NAP1L4P1,0.32656317245053385
RP11-329B9.4,0.32622831623587795
TUBA3E,0.3255497395879386
MRPS36P1,0.32552590567159995
CTD-2228K2.1,0.3252654449333124
RGS16,0.32511530597972776
RP11-421L21.2,0.3251087027948148
RP11-267N12.3,0.3250864703927132
RPL7AP31,0.3250554347619096
HNRNPKP1,0.32448614671191517
GPR35,0.3244648047505057
RP11-708J19.2,0.32411165571803496
TMEM240,0.3239285263979106
CTD-2021J15.1,0.3235861674860117
C3orf80,0.323548164213267
PCDH18,0.32352219128944776
S100A5,0.3231362045564432
CT49,0.3229284270886745
MRPL30,0.3229009668972453
PRDX3P2,0.3227759586106494
RP11-739N20.2,0.32246577651395103
AC098820.3,0.32216951124335885
RP11-439E19.10,0.3221542301841706
INHA,0.3217933628366638
HSD11B1,0.32147359628179034
AC006196.1,0.3209878803334583
HSP90AB2P,0.32019875541693527
BOC,0.3200660805840645
BCL2L15,0.320001888690737
COL6A3,0.31980648014853913
RP3-340N1.5,0.3196152393701783
DMRTA2,0.319613981891023
RP11-50D9.1,0.3195532660846914
KCNIP4,0.31934077826294344
AC106786.1,0.31875956835381913
NAA11,0.31838318398370336
FABP3,0.31800778622881903
RP11-188P20.3,0.3174852190394036
GPR89B,0.3171577889009971
AC005540.3,0.31694419747471164
RP4-740C4.8,0.31675731685340897
AC090945.1,0.3167275324126763
FMO3,0.31658224758368786
RN7SL145P,0.31600870149605054
GPR156,0.31584713865740627
TERC,0.31560989495001196
LRRC37A15P,0.3155276612420069
RP1-28O10.1,0.3152484176176774
RN7SL834P,0.31457217999716386
S100A7A,0.31446751558321834
RP5-973M2.2,0.3142962643745991
BRINP2,0.31390475728937967
RP1-43E13.2,0.3139009653456479
RP11-215P8.3,0.313829497581864
RP13-131K19.1,0.31381967580824566
CAMK1G,0.3135692933400988
TTN-AS1,0.3130643055385001
RP11-24C3.2,0.3120918399586548
TTC39A,0.31181670819065266
RN7SL333P,0.311615190354447
IL12RB2,0.31118461335228736
CTD-2248H3.1,0.31089335432586124
C3orf83,0.3106548060871905
RP11-778D9.12,0.3102972551870762
WWC2-AS2,0.31027078364056665
ZRANB2-AS1,0.30953572256468265
POPDC2,0.30848347502474954
ATP1B3-AS1,0.3082486693947509
CTD-2310F14.1,0.30822990216665874
RP5-1086K13.1,0.3081407990850887
CATSPER3,0.30799208891340213
RP11-222K16.1,0.3073816637352771
LRAT,0.3072473070699574
SLC23A3,0.30668393604927097
RGMB-AS1,0.3055029118024038
KANK4,0.3055010661543834
CCDC110,0.30510252773814056
EEF1A1P14,0.3048886525696141
AC019221.4,0.30479968864946416
SIX2,0.3046712884545536
MYRIP,0.3045462067127514
AP006222.2,0.3044277555206069
CHRD,0.30441443098706583
AC104697.1,0.3043573935746932
IQGAP2,0.30384060051966394
RP11-57H12.2,0.3037563245650736
SNORA66,0.3036519643887184
RP11-219C20.3,0.30302834622759584
CTD-2023N9.3,0.3029242488549571
RP11-234N17.1,0.3026945055725736
AC004067.5,0.302380814812736
RP11-546J1.1,0.30192456627141884
NOS1AP,0.30178319687852334
LRP1B,0.30156414161097195
AC074286.1,0.3009893717923437
PROM1,0.3003213993895581
PTGES3P3,0.3003203187596341
HTR1F,0.3002529349123823
MBNL1-AS1,0.30023124714399946
AC112715.2,0.2996899705811323
RP11-92G12.3,0.29960507616607035
CEP170P1,0.2989545734032935
AHCTF1P1,0.29869312626862393
AC009498.1,0.29855441554516726
LRRIQ3,0.2985352242735065
UBXN10,0.2984520164778393
RPL4P3,0.2979786208402306
RNA5SP18,0.2979719760484611
RP1-212P9.2,0.2975371846454822
RP11-66D17.5,0.29738651780162045
CTD-2376I4.1,0.2972438413953819
TRAF3IP3,0.2969389041058587
CTD-2013N24.2,0.29680228886498755
FAM163A,0.2967612647179217
KRT18P17,0.29674465065338246
PPARGC1A,0.29645335491881947
RP11-359P5.1,0.29629841884405383
RP11-46F15.2,0.29585028210186753
RP11-285J16.1,0.29562000763053436
RP11-34P13.14,0.29556592462468423
RP11-490K7.4,0.29553771703108506
SNORA12,0.2951997982644074
ARMC10P1,0.2944402981914058
CTD-2636A23.2,0.29436567869378605
RP11-308B16.2,0.29435563093568456
RP11-13J10.1,0.29429127601357846
AURKAPS1,0.29387668903292946
PSAT1P3,0.2934564848054489
KCNH7,0.29217856335476666
HS1BP3-IT1,0.2921023237116835
HIST2H2BD,0.29205637936322587
AC097662.2,0.291847322435637
FAM133DP,0.29057305883313883
RP4-714D9.5,0.29031336530968543
AC011893.3,0.29023556530425887
POLN,0.2899684270751905
RP11-122G18.7,0.2898638328599365
LRP2BP,0.28976132712786323
AC010226.4,0.28947941817067624
RP11-450D21.1,0.28911772884820064
CTD-2066L21.2,0.2885939225392478
RP11-84A14.4,0.2884245499678955
ATP6AP1L,0.2883763420137441
RP11-54O7.17,0.2883323494573052
SLC4A5,0.28816831006849214
MEGF10,0.2876168413190437
HSPA8P9,0.2876077822037043
RP5-994D16.3,0.28734069114001526
EPS8L3,0.2871583183411128
SLC15A2,0.2870475390167699
RNF180,0.2868638473506941
DKK2,0.28661858656724887
RP11-231E6.1,0.286617462652951
DAP3P2,0.28655378363807366
MCCC1-AS1,0.28648515295639515
HSPD1P11,0.2859762005023623
RP11-567G11.1,0.2856811944395187
RP11-46A10.4,0.285627774694247
TRABD2A,0.2853220195224932
FILIP1L,0.2847528792477186
ALDH7A1P1,0.2846655520844262
FOXO6,0.28455342257776506
SOD3,0.2843482336013227
RP11-630I5.1,0.28432679857542076
VIL1,0.2843075612487896
AC073254.1,0.28429740316648827
AC016722.2,0.2840929936991519
OAZ3,0.28382412729201295
RP11-378J18.8,0.2837413808840478
AC005042.2,0.28332818404657223
CXXC4,0.28314009199026435
RP11-183G22.1,0.2830700567039628
ISL1,0.2830670979540274
ACAP2-IT1,0.2828085604330161
ALPP,0.28275532410989573
RP11-231G3.1,0.28268752567067384
IQCA1,0.2825933518855925
AC080125.1,0.28236431977301124
TAS1R3,0.28197929843433506
RP11-219G10.1,0.28152515462083055
RP11-511I2.2,0.2814387859389467
FNDC5,0.28143094235430804
STX18-AS1,0.28134969736968346
LEPREL1-AS1,0.28129704670118477
RP11-362F19.1,0.2811376157276078
RP11-657O9.1,0.2810120657214451
DOK7,0.2806748552297496
RP11-390G14.1,0.28059639498797345
COPS8P2,0.2801998899905958
CFL1P4,0.28015763478411804
ANAPC1P1,0.2801534943188667
MAPK10,0.27960240829167454
AL513477.1,0.27945681967627467
LINC01060,0.2790752834396403
AMY2B,0.27891126618513234
ST13P19,0.27875189693947394
HSP90AA6P,0.27862513064359795
RP11-493E12.2,0.2786113092606109
RP11-70P17.1,0.2783237849555718
FAM184B,0.27797348694811846
RP13-131K19.2,0.2779066474595288
RP11-510C10.3,0.2777486900728217
CETN4P,0.27756795070462065
PAQR9,0.2772816590867757
RP11-526A4.1,0.2770042302287057
RP5-1109J22.1,0.2769689165900575
RP11-301G21.1,0.27670235361978457
ZBTB20,0.2765309248754438
RP11-200A1.1,0.276374898316852
AC093157.1,0.2762830462055031
CTD-2083E4.5,0.275909042759326
RP11-314N14.1,0.2754967343445785
COLQ,0.275447890750027
RP11-350G8.3,0.2754292682523253
FOXI3,0.27539223655429884
HNRNPA1P12,0.2753689135846746
GREM2,0.2753209954602295
RFESD,0.27496628436030374
ANO7,0.27471812312689853
RP11-188D8.1,0.2747168183164201
RPL39P5,0.27448610298471177
VIPR1,0.2742388995333674
RP4-789D17.5,0.27394481404553295
REEP1,0.273462470102339
SYNPO2,0.27344829331702525
GPR15,0.27338937071065234
RP11-415F23.4,0.2733871633746631
KLF7-IT1,0.27330090478713553
RP11-373D23.3,0.2732260837377507
IVL,0.2731491665732864
ALG1L15P,0.27309582598654086
RP4-660H19.1,0.2728352604628717
RP11-26P13.2,0.2724911532513257
RFTN2,0.2714448236309033
RP11-77O7.1,0.27105669316652536
RP11-381N20.1,0.270103990582194
TIE1,0.2699477386260973
RP11-367N14.2,0.2695854619055171
RP11-367N14.3,0.2692625054873869
NEK10,0.2692221901106418
C2orf62,0.26906894105580903
RP11-475J5.4,0.26905642034335314
WWTR1-AS1,0.2687300672043686
RP11-113I22.1,0.2685531278672932
RP11-21I10.2,0.26841028552475626
SLC45A1,0.2683534435798875
EPHA10,0.2682687278183787
AC116366.6,0.2680129981718782
RP11-245J9.5,0.2679510916933744
RP11-696N14.1,0.2677683023514786
EPHA6,0.2675795213941297
MYL3,0.2674898444625409
RP11-307L14.1,0.2674356653553942
UGT1A2P,0.2673214835609798
TUBA3D,0.2670413372278378
TRIM17,0.2668125064051933
RP11-15L13.4,0.2668100707484447
RP11-73M7.1,0.2667949942592987
EFHB,0.266261082214883
RP11-65L3.4,0.2655820866024999
RP11-352E6.2,0.2652943918532336
EML6,0.26519847608652625
RP11-463J7.3,0.26510193330790766
AC008592.3,0.2649988088304555
SPRR3,0.2648568589631512
AC093495.4,0.2647940264742575
RP11-396C23.4,0.2646742827876612
H1FX-AS1,0.2644121231114008
TRPM8,0.26424592813276815
KIF26B,0.26407602697070914
DUTP6,0.26376060536901236
RP11-1399P15.1,0.2636074447583035
RP4-794H19.1,0.26341875787237473
HRNR,0.26338834554368434
CTC-325J23.2,0.26336167755924095
RP11-564A8.4,0.26331923577324895
BTF3P5,0.2630370251147541
LGR6,0.2629423551438769
RP4-580N22.2,0.2628733407127121
RP11-44N22.3,0.2626722394493653
AC074091.13,0.2623714826018788
KCNAB1,0.26221407628378207
RP11-373D23.2,0.26193693964301873
RP1-150O5.3,0.2617783596174896
ITIH4,0.26140787155005135
HNRNPA1P22,0.2612981200996143
AKR7L,0.2612658313054506
RSAD2,0.2611607112583704
NEK2P4,0.26110293973032167
CTD-2007H13.3,0.26108531572664767
HSP90AA4P,0.260963378236912
EFCAB12,0.260315843191898
SDHDP6,0.2601395201159557
TTC22,0.2593747126519313
MGARP,0.25932939685594536
CTC-484M2.1,0.25890869118438503
AC124861.1,0.25888314693945774
RP11-206P5.2,0.25876939886500233
MST1L,0.2584926302130947
RP1-65J11.1,0.25834928709624355
DIRC3,0.2572987658749573
HS6ST1P1,0.2571114469231924
IL36G,0.2569465370797532
C4BPB,0.2568468601718368
RPL39P6,0.25667606820743216
RP11-148B18.3,0.2565252429571231
AC017099.3,0.2564852885373121
EGOT,0.2558547599004895
RYR2,0.25583556752289777
RP11-739P1.2,0.2554612476803612
CTC-428H11.2,0.2552960022036553
RP11-144L1.8,0.25485805885607515
PRKG2,0.2548180555248772
AC104667.3,0.25475639528569705
LMOD1,0.25474007918667796
ROPN1,0.2545296999144228
PPP1R14BP2,0.2543416567595788
AC072062.1,0.2542575820399937
KLB,0.25411814231135904
RP11-93K22.13,0.25391870923373544
MRPS36P2,0.25374962214272145
KMO,0.2536018711104277
RP11-277B15.3,0.25352114905475465
XCL1,0.2534955961764198
RP11-536L3.4,0.2530417658429772
RP11-206L10.9,0.2529541181717086
PPIEL,0.2527867155506178
PRLR,0.2525588754111058
CCDC30,0.252454443357142
RP11-122G18.8,0.25238439426131976
AC110771.1,0.2523072866051405
GPA33,0.25222316984474574
NKAIN1,0.25218118249092586
RP11-379F4.4,0.2521325404131735
CALML6,0.25179070248319335
RP11-142A22.4,0.2515737488466964
RP11-206L10.5,0.25129552651859244
CCDC17,0.2512048536791018
AC113617.1,0.2511554790134309
LINC00862,0.25079331622127926
KISS1,0.25077196283241837
AC079145.4,0.250543582802682
RP13-15M17.1,0.24993164855386166
IL36B,0.2496338434601002
RP11-384K6.4,0.24915615013387704
ZBED3-AS1,0.24913061914478682
AC139452.2,0.24888954894376294
ACKR4,0.248685666801592
C5orf49,0.2482993112223323
TMIE,0.24823620206558053
LINC00992,0.24804213971039135
RP11-110J1.2,0.24801543409457547
ACVR2B-AS1,0.2479908528294341
B3GALT2,0.24736495574985384
AC097724.3,0.24723761518203027
TM4SF1-AS1,0.24687932930703035
TRABD2B,0.24682560228433412
HOPX,0.24681377312079422
RP11-326I11.5,0.24675559063831645
RN7SKP16,0.24632435225422558
FCER1G,0.24608096219150286
RP11-173E2.1,0.24593253640605997
RP11-439M11.1,0.24576962463061433
RP11-382D12.2,0.2457256223486132
AKR1B1P1,0.24571513925794872
GAPDHP32,0.24543828898493628
AC012360.6,0.24518079062489487
RP11-203F10.6,0.24515598790338833
RP11-379F4.8,0.24501995387597678
POTEE,0.24472741283793684
HSPD1P5,0.24459961948801798
RP5-882O7.1,0.24451641333493182
AKR7A2P1,0.2443503680847535
RP4-671G15.2,0.24430359341625904
RP11-430L17.1,0.24352055208183285
EPB41L4A-AS2,0.2434551932956577
RPS26P13,0.24337137065818223
CTD-2083E4.6,0.2433528316239276
UBBP1,0.24331459046300155
GJC2,0.24323919244746975
RP11-152K4.1,0.24314009552104024
RP11-223I10.1,0.2421659275993062
RP5-1198O20.4,0.24203998076290734
CCT6P2,0.2417155439539217
HMGN1P8,0.24161425772849118
RP11-462G22.2,0.24147787821489752
RP11-27K13.3,0.24144565947212637
CTD-2023N9.2,0.24116885255240206
FAM47E,0.24105891808699062
AC012354.8,0.24086465253393696
SNORA13,0.24054555967739047
TMED10P2,0.24036794657454266
ESYT3,0.24027454675753102
FHAD1,0.240259185902962
ITPR1-AS1,0.24016437860279014
ATP1B3P1,0.2401216781727543
ESPN,0.2400833130465965
AC084193.1,0.23994871314807031
PTGFR,0.23975556970040965
RP11-451F20.1,0.2396910383766976
TMOD4,0.23929422742342069
AC068138.1,0.2392534467548559
RP11-792D21.2,0.23922335304769007
HHIP,0.2390378588929862
NLRC4,0.23892708295131862
RNA5SP187,0.2385745193158062
RP11-84D1.1,0.23846411898861108
RP11-274H2.3,0.23824655391037744
RP11-640M9.1,0.23814209338570566
IL20RB-AS1,0.23757143452137433
RP11-127B20.2,0.23746050693682808
PCSK1,0.23741926786951126
RN7SL130P,0.23737524435652382
RP5-1028L10.2,0.23736677965620148
NEXN-AS1,0.23735953885601146
CICP16,0.23719892693433234
C1orf95,0.23691249460998465
RP11-82H13.2,0.23671864594112865
RP11-20I20.4,0.23666980333686138
RP4-694A7.4,0.23655234204990597
RP11-16N11.2,0.236256716718511
RP11-164P12.3,0.23583026222547465
WNT4,0.23554355335972912
TMEM51-AS1,0.2354516496322903
RP4-794H19.4,0.2350484303533976
RPL5P9,0.23467135598132996
OXCT2,0.23465894420415714
LINC00624,0.2346062260335395
RP11-451B8.1,0.2341009325135138
RP11-67L3.4,0.23344033139747844
RP11-434H6.6,0.23295088129310795
AC005042.4,0.2327726944843481
GDF9,0.23269413912883508
SMG7-AS1,0.2323457935566102
AC114812.5,0.23133745417066956
AC009492.1,0.2313198728989384
PTCH2,0.23129916964381905
RP11-190A12.8,0.23129531417109392
ACOXL,0.2312765157079688
LEF1-AS1,0.23115918570566563
RHOA-IT1,0.23090214922760308
ZP4,0.23062493949981758
EI24P2,0.23060800807424853
GBP4,0.23057962529293685
MAEL,0.23055893459876364
RP11-782C8.1,0.2299687523832096
CTD-2073O6.1,0.22990101440320743
PIFO,0.22963530986517933
PP13439,0.22952150722272466
RP11-367J11.2,0.22947266121336204
CTD-2308L22.1,0.22916407191173174
RN7SL574P,0.22889596631615483
CRCT1,0.2283577735954283
RP11-365H22.2,0.228285573422828
RP11-6B6.3,0.22807897827939475
RGS4,0.22783594479894198
RP11-259O2.1,0.2275734315676975
CD164L2,0.2274342409201634
RP11-757F18.3,0.22721315657343252
RPL36AP21,0.2270664907692603
RP11-423F24.3,0.22692541181068995
RP11-477H21.2,0.2268371030485796
NT5DC4,0.22679049219803624
CAPN14,0.22655611020369307
SNORA81,0.22633499159415973
GJA5,0.22629992599425142
RP13-644M16.5,0.22626866186424502
C1orf220,0.2261923204604378
LEKR1,0.2260957722430105
AC017002.2,0.22588323486874917
RP11-344P13.6,0.22587154686217328
SNRK-AS1,0.22583462085656103
RHCE,0.22575133428577873
BHLHE40-AS1,0.22551866287290942
RP4-613B23.1,0.22550881290628463
RP11-466F5.8,0.22528391189273075
KRT8P30,0.22498550003644802
AC020594.5,0.2243661667378268
RNVU1-14,0.22429637046571574
UBE2QL1,0.22426343753838263
CTSE,0.2239727158316611
NDST4,0.22379452755091944
SNCAIP,0.22289713679748877
RP11-395C3.1,0.22265049201236578
LINC00488,0.22263932685912427
MED12L,0.22245949469830625
RP11-54O7.11,0.22233114424603287
DCST2,0.22231329847547512
RP11-631M6.2,0.2220604043959397
CTC-428G20.6,0.22188373642449075
IGSF10,0.22161276550714978
AC026202.3,0.22142771822458152
RP11-338N10.3,0.2213871185221026
RP11-495P10.8,0.22128708557770502
ACADL,0.22117210846690014
RP11-534L20.4,0.22090519555855534
RP11-815N9.2,0.22060143447451797
DDIT4L,0.22048475104070156
IGKV1-5,0.22021771533782827
PLCH2,0.21999563026518512
RP11-241F15.9,0.21975056894718148
ACTBL2,0.21974457896750374
AC018816.3,0.21970355228136948
RP11-329A14.1,0.2193019327096247
RP11-79E3.1,0.21914581558055116
RBP1,0.21876380139167675
CTC-203F4.2,0.21862700278504868
CFL1P2,0.21851706634487886
MED15P9,0.2183134254935677
GCNT4,0.2182778467539589
RNU1-143P,0.21812415224615714
RP11-221J22.1,0.21809698547262324
CTD-2031P19.3,0.2178719076091067
RP11-9G1.3,0.21752232123764514
ALK,0.21750053750250534
HES2,0.21746958183765497
CHRNA9,0.21708834720565814
RP11-222K16.2,0.21708013396942075
AC012363.4,0.217022867281926
LINC00461,0.21688933709457903
AL592284.1,0.21685472275176276
GPR45,0.2167118387137608
RP11-279O9.4,0.21658511939138902
SPAG17,0.21657854679104413
KRT18P34,0.21652555143826926
ZKSCAN7,0.2159826512288571
POTEKP,0.21589965591000956
RP5-956O18.2,0.21588110862032572
RP11-610P16.1,0.21571848162391902
NAP1L1P3,0.2156145229977033
RP11-393I23.2,0.21538892390641085
RP6-206I17.1,0.21507103943038933
RP11-608O21.1,0.21505242922247145
SLC2A5,0.21487232805112547
DNAH7,0.2148385951544851
FKSG48,0.21435925764020328
RP11-527D7.1,0.21423083439946825
XBP1P1,0.21402525999341582
RP11-227J5.3,0.21402150443376908
DNAJB3,0.21399753698979596
RP11-224O19.2,0.21358493634112444
RP11-36B15.1,0.21348034806641525
AC021188.4,0.2134641343595957
CDO1,0.21342997830660415
CD1D,0.21331951241404978
RP5-1007M22.2,0.21298527077434795
RP11-488L18.6,0.21286521632697195
NIM1,0.21262525051613534
AC114812.8,0.21260305830651557
PDLIM1P4,0.21250583084894004
NR1I3,0.21220028091568474
YWHAQP6,0.21218462615414613
NPPB,0.21183943362049992
RP11-361K17.2,0.21166138590058212
RP4-631H13.2,0.21156421052805227
RP11-10G12.1,0.2113519474030914
APOA2,0.21127598114558496
AC064875.2,0.21119472143198703
CTC-487M23.7,0.21073204597969883
DLEU2L,0.21069457397685798
CTD-2306M5.1,0.21069201024247483
RP11-394I13.2,0.21053812333902458
ZNF197-AS1,0.21043407478805184
RP11-90K6.1,0.21021187132300798
RP3-477M7.5,0.2100342947687133
SLAMF7,0.20985829859030325
AC012066.1,0.20918396267822573
AC064850.4,0.20909804554866018
KIRREL-IT1,0.20901434068725963
PART1,0.20848436754544508
HOXD12,0.20833063528511722
RP11-170N16.3,0.20807365552158194
IPO8P1,0.20802479777181515
CLSTN2,0.20793338390126237
RP4-773A18.4,0.20781042588228116
RP11-1319K7.1,0.207579006329202
AC021016.6,0.20745030686351942
STX19,0.20738664568187948
KRBOX1,0.20737662459554987
GKN2,0.2073338094463297
PSMD10P2,0.20721024397070673
AC024704.2,0.207048498747925
RPS15AP10,0.2069409543130097
DLG1-AS1,0.20684783137242965
SEMA3G,0.2068232681564071
RP11-353N4.4,0.2067756111795461
RP11-195E2.1,0.20659324874991017
KRT18P16,0.20655016970747583
ACTBP11,0.20621046289587205
MAP10,0.20601514222388015
AC009499.1,0.2059116593238064
RP11-567E21.3,0.20586039066573214
COLEC11,0.2056153601167233
DQX1,0.20555545470354206
RP11-69E11.8,0.20547572228360908
CTD-2015B23.2,0.20545075780290176
ACTA1,0.20542990221183802
AC027612.4,0.20535493087268034
FOXD4L1,0.20481518683321667
RP11-141C7.4,0.2047866195721515
AC027612.1,0.20442808506784618
AL390877.1,0.20412915745334156
RP11-96L14.7,0.2040117386392675
HHIP-AS1,0.20392642333772024
KRT18P28,0.20378470901096282
LRRC15,0.20344657096640795
ATP6V1E1P1,0.20339632234610794
AC093677.1,0.20291482053034535
RP11-342I1.2,0.20286088670595706
RN7SL431P,0.20285217563793978
RP11-420K8.2,0.20274018555979448
Y_RNA,0.20262407784809175
AC127904.2,0.20229191323098286
ENPP7P4,0.2018135867678793
ZBBX,0.20172459260043685
SCARNA5,0.20152930458828414
SNORA58,0.20151530227059677
RP11-555M1.3,0.2014694183054627
RIMKLA,0.20145849913752442
RP11-646I6.6,0.20134170197647483
RP11-382D8.3,0.2012581345005597
GABRD,0.2011560532940071
RP11-217E13.1,0.20112113328996561
AC019185.4,0.20108189622441044
RP1-118J21.25,0.2009267694930019
RP11-216N14.7,0.20086296875358792
RP11-227F19.5,0.2008175913165917
AC079779.6,0.20073176607759693
RP11-574F21.2,0.20053445404546086
RN7SKP296,0.20050713252674016
ISCA1P1,0.2004515237250956
SELL,0.2004148204824017
MTHFD2P7,0.20017505220940038
AC104801.1,0.19999114441704544
SNORA70F,0.19997878598451735
SPRR2G,0.19988309495102355
CTD-2165H16.4,0.19963430982923305
UGT1A7,0.19953811083853332
RP11-435B5.4,0.19925382461838267
RPS15P5,0.19919190718117
KRT18P29,0.19914112049106727
AC007041.2,0.19894209086683257
RP11-798M19.3,0.19893864444647325
C1orf204,0.19893651896451622
RP11-503P10.1,0.19887592649768085
ATP5LP3,0.19887456979343887
RP11-375I20.6,0.1987972369241802
CTD-2152M20.2,0.1986987464418717
RP11-96K19.5,0.1984308856884214
NHLH1,0.19839764738407487
WNT6,0.19825080731145595
RP11-261C10.3,0.19799519264047985
NPM1P32,0.1979844155424708
RP11-168J18.6,0.1975936147045881
CCT5P1,0.19750330738136834
AC069257.6,0.1973673083182069
TEX41,0.19730123546997777
RP11-353H3.1,0.1970489839949631
AC074289.1,0.196854328204112
AC108059.2,0.19681943149650968
AC092594.1,0.19681229166361236
AL136115.1,0.1965286066857668
CYP8B1,0.1965269811913628
IGKJ3,0.1963568257130791
RP11-168F9.2,0.19625511536461962
DDX50P1,0.19604966540429614
AC104135.2,0.1960387269737156
RP11-497H16.8,0.1956843264910628
SERBP1P6,0.19541459346969972
TLR2,0.195212851342184
HNRNPCP5,0.19498220934552
F11-AS1,0.19496305823332905
CTD-2194D22.3,0.19493166321496946
RPL4P2,0.19485277112197594
RP11-316I3.2,0.19473355880994872
SLC6A20,0.19469702074465153
PGAM1P6,0.1946086452286688
RP1-317E23.3,0.19445766420413077
RP1-313L4.3,0.19439260801298786
SPATA12,0.1941755210607353
RP11-58A11.2,0.19412432386350045
RP11-265F19.1,0.19395942151876736
RP11-455J20.3,0.19393956662307796
RP11-1E6.1,0.19372165838956015
RP11-440L14.4,0.1936330406722163
CHI3L2,0.19355318352692055
RNU2-11P,0.19353449348241727
ACMSD,0.19343872855683056
GFI1,0.19328996219487923
AL020996.1,0.19293773818167806
RP11-384O8.1,0.19286362589338854
AGBL5-IT1,0.1926368814558365
SIAH2-AS1,0.1923825458126901
RP11-17P16.2,0.1923720114208862
RP11-485M7.1,0.19229227185726958
RP11-428K3.1,0.19214255757729
RP11-378J18.6,0.19207962124192793
CTD-3179P9.1,0.1920775147213828
FAM87B,0.1920241885358186
HIST2H2BA,0.19198389810870642
RP11-84C13.2,0.19198169775524163
ALS2CR12,0.19189472513265127
AC104088.1,0.191850928513194
ANKRD45,0.1918469220500251
RP11-325P15.2,0.19182811782201503
RP11-353N4.6,0.19177033064059298
ZC3H11B,0.1916624354146217
RP11-365D23.4,0.19161671377320308
RP11-250B16.1,0.19154486358632708
MOGAT1,0.1914620874292449
BHMT,0.19139548243577964
RN7SL444P,0.1912771205460636
RP5-1033H22.2,0.19120263982722085
EEF1B2P2,0.1911248644129827
RGPD2,0.19098053489310216
AC079767.4,0.19097499924782302
RP11-141C7.3,0.19035587735824386
AL591704.7,0.19026778671844116
RP11-458D21.6,0.18992911795801803
HSP90B3P,0.18990160802292524
AC009237.16,0.1898439023115485
PFN1P8,0.18954337095498408
GUSBP5,0.18915538990580963
DAZAP2P1,0.1890392077746125
ANP32C,0.18903341678809082
RGS7,0.18897600680070678
ABHD1,0.18894696641392864
RP11-91K9.1,0.18894531150161412
RP4-740C4.7,0.18880752558311878
COL8A2,0.18871241823503296
AL589739.1,0.1886944782734926
RP11-417J8.3,0.18867923547549206
AC018890.6,0.18851529939951947
ZBTB12P1,0.18792208450617562
RP11-195C7.1,0.18779154433102385
RNU4ATAC,0.18769519902003576
AC009950.2,0.18756961050976495
RP11-177F15.1,0.1870309032712177
AC012065.7,0.18635755548686941
RP11-415F23.2,0.1862312244016704
CAPN13,0.18612225629683402
CTB-40H15.4,0.18578854131579514
RP4-738P11.3,0.18556969430733394
RP11-477N3.1,0.18546176843591422
RP4-713B5.2,0.18530764147565884
KIAA0825,0.18526746172327932
CTD-2199O4.6,0.1849727108851269
AC007279.2,0.18445706229756176
FOSL1P1,0.18440177032375027
RP11-105N14.1,0.18430722750439085
CTD-2206G10.2,0.18413132918374595
RP11-465N4.2,0.18379731831077536
ILDR2,0.18377225068148073
CTD-2035E11.3,0.18373414605680247
RN7SKP269,0.18353202406945654
RPL5P5,0.18340428809758325
RP1-228H13.1,0.18338541885504187
GS1-388B5.1,0.18335386861284889
RP4-669L17.10,0.1829981794043817
IGKV2D-40,0.18249315426377336
NDUFB1P1,0.18235319153134413
RP11-553N16.1,0.18225204501823
MED28P3,0.1821721980154455
RP11-38J22.6,0.18214463900767264
GDNF-AS1,0.18206324117327052
RP4-758J18.10,0.18155181667386824
RP11-46J23.1,0.18124472395016758
RP11-521J5.1,0.1812129362236992
CCDC36,0.1811644928994441
RP5-1160K1.6,0.18103607883442852
AGTR1,0.1808274076701392
AC010900.2,0.18077297289515296
PLCXD3,0.1807048833321725
RP11-529F4.1,0.1807035651671959
RP11-143A12.3,0.18065661086081106
RP11-83M16.4,0.18063881176883667
RP11-221J22.2,0.18057829510149814
RP11-439E19.3,0.18053239010915853
AC107021.1,0.18051234144714032
AC098820.4,0.1804771354691985
RP11-77P16.4,0.18042864177705634
RP11-415J8.7,0.18009385041198708
AC097461.4,0.17998352752567215
RP11-465B22.5,0.17990629429002145
DHRS9,0.17989286222577153
RP11-256I23.1,0.17988966011714633
KDR,0.1798232176955233
RP11-723O4.6,0.17957033193885974
RP3-522D1.1,0.17923606907724468
AC093642.3,0.17919081385437766
RP3-426I6.2,0.17910796305358134
CTB-118N6.3,0.1790650744007738
DNAJC27-AS1,0.17900811040009143
RP11-488L18.1,0.1789284142851135
ANGPTL1,0.17835028834423938
RP11-402J7.2,0.17818432023843278
LRRC2,0.17810993152382945
CTD-2201I18.1,0.17793911160487252
AC131097.3,0.17790793378190817
FBLN2,0.17770411875148207
NEUROG2,0.17765644991802923
SSBP3-AS1,0.17756717848564962
RP11-89K21.1,0.17752200146482064
RP3-395M20.9,0.177405276965672
RP11-782C8.3,0.17736283601642758
GPR55,0.17734125801945153
GNG12-AS1,0.1772811811246259
AC008937.3,0.17723322627637117
ASB14,0.1769764571890882
CACNA1D,0.17692652688110325
MCF2L2,0.176891409311531
ZNF385B,0.17672194753716833
RP11-108M9.6,0.17671392949048045
RP11-521D12.1,0.17664723965321172
ASCL5,0.17661057028788443
ST3GAL1P1,0.17651887968771487
AC078882.1,0.17649574628563283
RP11-79O8.1,0.17635942061668963
MTATP6P2,0.17635645189808313
AC012442.6,0.17616761014238158
RP11-68I18.10,0.1759922657863556
ANKRD20A14P,0.1757536828934092
NBPF11,0.17557575034930617
RP11-83M16.3,0.17556837893589602
RP11-15B17.2,0.17510393345819494
CTBP2P8,0.175053999272022
PRDM6,0.17502732678665253
CTC-458G6.4,0.1747211457439308
FMO5,0.17463884647923703
SNORA42,0.1743813141050092
RP11-64K7.1,0.1743194112371087
ARL14EPL,0.17406488947367602
KRT18P15,0.17389847628910923
AC092415.1,0.17383509170563147
RP11-355F16.1,0.17382192719309866
PHBP3,0.1735725930637689
RN7SKP203,0.17351634738430266
TLR9,0.17333325103614652
SCN5A,0.17330878352611492
GAP43,0.17320318280412114
C1orf228,0.17297960745404484
CACNA2D2,0.1727513762447458
Z95704.1,0.1722982931049847
AC079135.1,0.17198222819999276
RP11-728B21.3,0.17173462429513986
ESPNP,0.17165646048346653
AC096664.1,0.17081338279609948
RP11-213H15.1,0.17028063521183298
RP11-606P2.1,0.1701536180246331
DES,0.16987183209336265
SPTSSB,0.1696836940402904
GS1-174L6.4,0.16967094004556302
AC009299.2,0.16928678852640058
RP11-553K23.2,0.16906654408484703
RP11-142L4.2,0.16870598189855412
AC053503.4,0.1684911652773936
RP11-400D2.3,0.16821258359581248
AC068039.4,0.1681103975995899
TNFRSF18,0.1680078877429997
RP4-612B15.2,0.16796728649483225
AC093698.2,0.16792298590584367
BNIPL,0.1676987947989582
HPCAL4,0.16754738030669666
AC104655.2,0.16752962092910018
FAM201B,0.1673671641115635
GUCA1C,0.16727018592273488
AC079753.4,0.16711323620037344
ACPP,0.16710818885603687
RP11-714G18.1,0.16707397547964029
RAPGEF4,0.16707376052371892
RPL7AP28,0.16668772175630509
AC098831.4,0.16667340355891413
RP13-585F24.1,0.1666665023676244
RP11-663P9.2,0.16653538891555622
Y_RNA,0.166470259722468
C1orf101,0.16644562343810662
TNNI3K,0.16644157218749459
RP11-5P18.10,0.16618587859282155
RP5-1074L1.1,0.1657510968721086
RP11-104L21.2,0.16531408755810986
PVRL3-AS1,0.16528976417190214
RP11-122C5.1,0.16527829672251942
MIR4258,0.16525058588697736
TNFSF18,0.1649003030821368
GNAT2,0.16476170003002216
ZNF474,0.1647155081049192
CTD-2340E1.2,0.16441080318884949
CYP51P1,0.1643794084453718
RP13-131K19.6,0.16433728445103415
RP11-1280N14.3,0.16425543106903304
RP11-156N15.1,0.1641689412496782
RP11-215G15.4,0.16414604116409606
AC097639.8,0.16396553385687104
VSIG8,0.16393884007901358
RP4-784A16.1,0.16390703210758598
RP11-318C24.2,0.16382106351425132
TMEFF2,0.16356325407338462
ALB,0.1634967691804975
RP11-439E19.9,0.1633992533351834
CTD-2016O11.1,0.16317163113903785
OPRD1,0.1627021244031518
RP11-379F4.9,0.16267630986419715
CTBP2P4,0.1625587055803643
STEAP3-AS1,0.16234111128049547
BTNL10,0.16222375813574627
RXFP3,0.16215179802484514
AC007283.4,0.16214723052649913
CTD-2154I11.2,0.16199391630258633
SLC25A24P2,0.1615067344276678
BMP8A,0.16128213897018343
RP11-342F17.2,0.1612241877248215
GBP1P1,0.16099936332978634
SEPHS1P6,0.160951450000396
CTD-2235C13.3,0.16083406171121098
AC073052.1,0.16078139860512516
ANO7P1,0.16072184915302867
ST6GALNAC5,0.16067909476084546
NPY1R,0.16060896823555784
RP5-836N10.1,0.1605964226434847
CCRL2,0.16046244669928633
ARID4B-IT1,0.16043563618834564
CTC-303L1.2,0.16026998658735828
NME9,0.16017858395630158
AC073869.20,0.159988069607502
MAN1C1,0.15993482154954547
RP11-782C8.2,0.159895831029086
SNORA59A,0.1597215158811699
PHBP11,0.15971964868775598
CFLAR-AS1,0.15968112190946784
FAM46C,0.15951005296727042
RP11-328N19.1,0.15948843248667896
AC010980.2,0.15948741890288876
RPL27AP5,0.15941793914644012
TBX15,0.15936166192864798
RP5-858B6.3,0.15934872305077213
NTRK1,0.1592795300103475
AC092155.1,0.15926964865036902
AC012358.7,0.15911154947988376
RP11-65L3.2,0.15885984763274574
RP11-217E22.5,0.15865266363248254
HNRNPA1P51,0.1585866254530636
CTC-250P20.2,0.15855684591192842
RP11-475J5.6,0.15849606760802262
RP11-572O6.1,0.15847551130588536
RP11-34P13.15,0.15840665991378416
FAM13A-AS1,0.15838424826277742
HMGN1P4,0.15825864256669858
CNTN4,0.15791639169768681
ERI3-IT1,0.15784933733287657
LINC00882,0.15775639509761388
RP11-397P13.7,0.15764249637188746
RP11-804H8.6,0.15759458586765038
AC005355.1,0.15738192270278675
TNK2-AS1,0.15728082674226274
RN7SL9P,0.15723424520173268
ZNF876P,0.15723123304715814
RP11-93L9.1,0.1570973923304938
XXcos-LUCA11.4,0.15708227205637554
RP11-366M4.1,0.1569419300021795
RPL21P39,0.1569401581214956
CKMT2,0.15692693985409747
ROPN1B,0.15691711309156267
RP5-887A10.1,0.1567489483591429
RP11-297K7.1,0.15657143378641722
RP3-465N24.5,0.15648925038562286
RBBP4P2,0.15635119101058131
RPL24P7,0.15621842401454492
RP11-130L8.2,0.15605754480444345
KCNQ4,0.15604333475723978
RP11-601I15.1,0.1559506034005924
CIB4,0.15585424282782392
AC007365.3,0.15562508183495224
AHSG,0.15547609868721993
SPDYA,0.155394770122989
RP11-528I4.2,0.1553011896931231
AC018799.1,0.1552244086632452
IBA57-AS1,0.15515086988877969
CTD-2035E11.4,0.1549825744265513
KRT8P13,0.15497826848949228
RP11-791G16.4,0.15490086732994443
BSN,0.15471069422552752
HIST3H3,0.15466523117465866
AC105053.4,0.15462553454709224
CYP4X1,0.15454190361706546
RP11-115L11.1,0.15430801177833756
RASGEF1B,0.1541968968222141
MRPS18AP1,0.1540404082671055
PPIAP16,0.1535715990540459
RN7SL559P,0.1533846250400812
RP11-466G12.2,0.15318525542550657
IL37,0.15315024083588336
LSMEM2,0.15293005365316567
RP11-111J6.2,0.15289265251192422
RNU6-909P,0.15281000459055916
RP11-400L8.2,0.152679113683942
CTD-2012J19.2,0.15256878889969083
SNORA67,0.15241234385425984
CTD-2366F13.2,0.15211501506368993
AC108938.2,0.15167594215095
AC140481.1,0.15160930823146732
AC006460.2,0.15158115592712015
C1orf100,0.15151279962338282
LCE3E,0.15148408028971033
CICP27,0.15141945404063406
RP11-386I14.3,0.15140634140674594
U1,0.15123613688407725
RP11-731D1.4,0.151178666733241
RP11-435F13.2,0.1510292318303828
CTB-55B8.1,0.15079612163347234
TMEM108,0.1506639533751671
HGFAC,0.15028607553255494
ANKRD65,0.1494346492846594
HMGN2P17,0.14930265062658457
AC079354.2,0.14908932078338613
RP11-191G24.1,0.14904785372796106
SCRG1,0.14903074721581266
RP1-127C7.6,0.1489747809105967
HMGB3P14,0.1488084922614807
RP11-497H16.9,0.1487225937488172
SI,0.14871374311787333
CTC-428G20.1,0.14866100024139706
LINC01087,0.14862882913359673
RP11-568N6.1,0.14844020994648643
TNFRSF8,0.14794994540553905
RBMXP4,0.14773213936099772
RP11-341N2.1,0.14757207751809828
CPO,0.1473391006835703
AC005034.3,0.14724004379487496
RP11-57H12.3,0.14719496415284003
ANKRD31,0.1469502225389616
RP11-12M5.3,0.14691904560981012
RAC1P5,0.1468886916773954
RP11-107N15.1,0.1467279533100061
RP11-328K4.1,0.14657197940077105
RP5-827C21.6,0.14630255249684668
RP11-215P8.1,0.14624909161790944
AC069513.4,0.14622503150169916
MAB21L3,0.14607675354126906
RP11-360D2.2,0.14606088627130673
RP11-443B7.3,0.1460262079821519
DNALI1,0.1459722189530488
RP11-353N4.2,0.1459491853146433
AC073283.4,0.1459206147713186
RP11-281P23.2,0.1456849341455018
RP11-763B22.4,0.14547703019922711
AC079354.5,0.14529434226104435
RP3-476K8.4,0.14521684189318707
RASGRF2,0.14496971157663996
VWA5B2,0.14486322842700294
RP5-1011O1.2,0.1447944837274293
RP11-563E2.2,0.14476782822748704
LEFTY1,0.14466663751335648
RP11-689P11.2,0.144583813253634
AC104058.1,0.1444660063842492
RNU6-418P,0.14428242951161077
C1orf147,0.14426315278667196
RP11-484K9.4,0.14398191143745545
RP11-42A4.1,0.14397560528454
AC012363.10,0.14397414846759315
SEC62-AS1,0.14393317871797023
RP11-171I2.2,0.14386241926720228
RNU6-26P,0.14384169078574163
AC068282.3,0.14366981809690746
ETV5-AS1,0.14356059401374316
RPL36AP13,0.14349491705520734
MTND4P26,0.14333641350246484
GPR98,0.14309453650670712
RP11-443B7.1,0.14306364632312654
RP11-302I18.1,0.14306095293143709
RP11-332J15.4,0.14298656482097302
PRADC1P1,0.14297745486329008
RP11-338N10.2,0.1428868849217149
RP11-48F14.2,0.1427077630423007
CTD-2024P10.2,0.1426797312436071
GCOM2,0.14258552702556607
KLKB1,0.14247413335011483
RP11-104L21.3,0.1424581957412265
COX6B1P5,0.14199416771857373
SLC31A1P1,0.14196391427773114
CHST13,0.14166425798234547
RP6-74O6.6,0.14154431989050434
KLHL41,0.14138665269550363
AC010150.1,0.14130301093108114
AC140481.7,0.14124316824696162
CTD-2003D5.1,0.14117842736912145
RP11-415J8.5,0.14104901740719067
RHOQP2,0.14095425712736637
RP11-621K7.1,0.14091446110396916
SCARNA1,0.14090119440137194
RP4-704D21.2,0.14060502428329477
RP11-241F15.7,0.14060371948414932
KIT,0.1406013090615156
ADAM20P3,0.1405736185133765
NAALADL2-AS2,0.14054881933611318
C2orf66,0.1404281175689999
RP11-423O2.2,0.14032081652363246
AC093690.1,0.14010315739222126
THEM5,0.13988080141682693
RP11-46A10.6,0.1398717964689908
ACAD11,0.13975592220831407
CTD-2210P15.2,0.1397265824438552
LDLRAD2,0.13969926813390862
RP11-495P10.9,0.13931395106754985
RNU5E-1,0.13924879818700955
RHOQP3,0.13924820441550886
AC006445.8,0.13912621772551123
RP11-302F12.1,0.1391165515441682
FCF1P7,0.1389879209761908
RP11-400N13.3,0.1388692110230919
HMGN2P27,0.13884328495616757
ACTBP12,0.13877276618721482
IQCJ,0.13875435900402852
RP5-1098D14.1,0.13857373748647564
RP11-177A2.5,0.13857309025855477
KRT8P32,0.13853012075533355
PP2D1,0.13828801619467307
RP5-884C9.2,0.13816122554351407
AC073869.1,0.13810186659191898
RP11-802O23.3,0.13801990675437828
Y_RNA,0.13796838475511156
RP11-173A6.2,0.13784423320447386
RP4-791M13.3,0.13758402652962604
RP11-533F5.2,0.13753131617912992
SHISA3,0.13735000816985607
LGALS8-AS1,0.137294140360141
HIST2H2AB,0.13698753785001813
RP11-459I19.1,0.13697999500785432
NPPA,0.13695068838075672
RP4-595K12.2,0.1369480969509125
RP11-9N20.3,0.13690835383732058
RP11-383G6.3,0.13685994218886485
EDNRA,0.13678586577015112
ALG1L6P,0.13667385819760067
AC016700.4,0.13654094703567482
TMEM178A,0.13647745378764073
RP11-90H3.2,0.13646511508755502
AC105398.3,0.13644025010398078
ITGA9,0.13635333160196053
CD160,0.1363390002521287
RP11-533E19.5,0.13633438185386948
CTD-2081C10.7,0.1363100191045041
IL1RL1,0.13630872211475156
RP11-211G3.2,0.13628239344368862
AC009413.2,0.13625886682713526
EOMES,0.1362145555822375
AC017080.1,0.1362123971668395
OR7E29P,0.1362000984129216
RP11-57B24.1,0.13619371013804224
RP11-130F10.1,0.13613531519186353
TCTEX1D4,0.13613111060318803
RP11-262M14.2,0.13600618795586852
RP11-181C21.6,0.13597057370202562
AC079305.10,0.13594612872457323
MT1XP1,0.1359324052716839
MAP1LC3C,0.1357097948231591
RP11-6L6.2,0.13567260601619038
ZNF662,0.1352732579185398
AC226119.4,0.13521646461134568
RPL7L1P8,0.13517581923515046
SNORD70,0.13511907691504826
CLDN11,0.13508131920539393
AC007881.4,0.13499973479727964
SYN2,0.1349329114455798
KRT18P39,0.1348000172828275
AC098828.3,0.13459520798531135
AC118278.1,0.13449901230908845
U4,0.1343716178131841
CTD-2256P15.1,0.13431106216400912
RP11-334G22.1,0.13427770780465853
RP11-490G2.2,0.1340995117269174
RP11-83M16.6,0.1339750463891595
SETP20,0.1339710957800278
AC008174.3,0.1339404365806657
GABRA2,0.13393404089491753
RP1-125I3.2,0.13390067358610494
GAL3ST2,0.13375777400418926
AC012363.8,0.13361534967627056
AC097523.1,0.1334076361975686
SPATA9,0.13330750339567476
RP11-469J4.3,0.13327564256126365
RP11-738E22.3,0.13316242201465653
RP11-6F2.5,0.1331288141656204
RP11-434B12.1,0.13309723308847268
SLCO4C1,0.13309467019482832
CCR3,0.13309429733434072
RP11-372K14.2,0.13287608740128923
LGI2,0.13248763063497257
RP11-284M14.1,0.13231175725030284
C3orf35,0.13214120144421457
AC068137.13,0.1321271941679124
RP11-108F13.2,0.13208336108349705
UGT1A4,0.13184366938710623
RP5-1126H10.2,0.13172125155839223
GCKR,0.13158629969963895
CLPTM1LP1,0.13158468062902579
RPL7P22,0.13155792138317074
RNU2-64P,0.13154837973798375
RP11-1C1.7,0.13137526554683399
AC007879.5,0.13122793772784505
AC090044.2,0.13111479256714945
Z95704.5,0.13106222351744565
RP11-480I12.7,0.13096895663026592
RP4-595K12.1,0.13095335522629808
AC098828.2,0.13087220636515498
RP11-690I21.2,0.13082989922330776
RP4-622L5.7,0.13068622757076712
CTNNAP1,0.130669480662096
RP11-376O6.2,0.13052762823771755
SNORD89,0.13047502249090018
HNRNPH1P3,0.1301279157134895
RPL22P11,0.13001948122900758
RP5-1139B12.4,0.12994258688494556
AC012363.7,0.1299319846396749
MTNR1A,0.1298131212205836
RP11-423O2.1,0.12976236388756326
WDR82P1,0.12972564591700317
BCL11A,0.12970264500237155
HNRNPA1P39,0.12946163823250845
SNORA72,0.12942546382600703
AC092106.1,0.1292930173256399
RP3-465N24.6,0.12901482783440907
RNU6-510P,0.12886498917307698
HIST2H3DP1,0.12879163237258257
RP11-602N24.3,0.12878302667363797
BRI3P1,0.12871233559287965
ZBTB8OSP2,0.12869381350800713
RN7SKP30,0.12856169529893272
CCDC140,0.12848974663377669
RP11-118H4.1,0.12847728645363413
UBBP2,0.12847303051091946
LIMD1-AS1,0.12842743751350447
PPIAL4G,0.12838724867578333
NEB,0.1282852122504125
GDF7,0.12824404456986171
RP11-320M2.1,0.12802155197156775
AC099535.4,0.12795589921181102
KCNN3,0.1278252937183244
RP11-809F4.2,0.12769349157754936
KLHL6-AS1,0.1275755867265529
C1orf132,0.12755698753987912
RP11-109E12.1,0.12749930516765662
SLC26A9,0.12725565023735388
AC104297.1,0.1270680981379039
RP11-312J18.6,0.12683935356148207
AC009495.4,0.1267430509338973
C4BPA,0.1264359086762152
AC019100.3,0.1262972626483462
AC013717.3,0.1262523405445518
CHD5,0.12607379696916385
RP11-632F7.1,0.12596344493106043
RP11-314M24.1,0.12593823182658795
AC092168.2,0.12574310729771113
RP5-827C21.2,0.1257253365000682
ZCWPW2,0.12567187641432068
RP11-384B12.2,0.1256287326227139
AC007405.8,0.12529799376172854
VTI1BP1,0.12526023243215464
RP11-367H1.1,0.1248615725250194
KLHL30,0.1246853027453612
RP11-403I13.5,0.12456979423328511
SLC6A11,0.12447370549914642
AC018742.1,0.12443539742170484
RP11-387A1.5,0.12442758663565145
RP11-290M5.4,0.12420464942667443
GUCA2B,0.12408761073015721
TRIM54,0.12408253996060113
RP5-1070A16.1,0.12407946654480513
Y_RNA,0.12401351600211401
AC079776.7,0.12388660596565552
RP11-713C19.2,0.12368502632220639
RP11-557J10.3,0.12358799354739214
CXCL10,0.12352867410552178
PTGES3P2,0.1233725410222375
SLC38A3,0.12311492723083466
RP11-230B22.1,0.12305527079751633
PDE1A,0.12302007296219282
GAPDHP33,0.12301468354606654
C1orf234,0.12294343181631577
RP13-15E13.1,0.12293791605200272
RP11-539G18.2,0.12271972930681012
RP11-510C10.2,0.12266255256781271
RP11-397E7.4,0.12261120049389189
RP11-493E12.1,0.122537670206932
RN7SL255P,0.12252162204772699
AC007405.4,0.12244446834305463
PDE6B,0.1223381201353785
LTF,0.12227517975845204
RP11-363J17.1,0.12217037318688563
LDB2,0.12215746822818385
KCNT2,0.12213190088656134
AC093391.2,0.12201897549875658
RP5-1071N3.1,0.12199471334769225
CTC-228N24.1,0.12193115623163359
RP11-699L21.1,0.12178353287201728
RP11-315I20.1,0.12177712745978168
RP11-1396O13.2,0.12167402020769591
SCN3A,0.12164432807050624
HPCA,0.1215486004249083
ZNF593,0.12148480346760154
LAMTOR5-AS1,0.12148061831804181
GPM6A,0.12102753976825381
AC019171.1,0.12101781389372866
FAM172BP,0.12092936926843263
RNU1-68P,0.12078561472750383
AC022311.1,0.12067950464606929
AC006160.5,0.1206483141586472
SLC25A5P2,0.12058031609343507
RP11-366L5.1,0.12050859548585069
AC092597.3,0.12035966228905166
GNAQP1,0.12033329712829909
WI2-1896O14.1,0.12025123611490078
CCDC85A,0.12014152330101933
RNF212,0.12009332722437564
AGGF1P1,0.12002001669916988
LRRC66,0.1199105033965141
SH2D6,0.11976387994578092
AC092106.2,0.11973965206723675
ETNPPL,0.11967238183847538
CYP1B1-AS1,0.1196316249465597
HSPD1P6,0.1195218752346323
ESRRG,0.11950719677057804
CTB-88F18.3,0.11946824144901384
C2orf70,0.1194634729462734
RP4-784A16.2,0.11944570295612271
CAPSL,0.11936409355244681
ADAMTSL4-AS1,0.11931254326208501
CTD-2589H19.4,0.11931080986957321
RP11-73K9.3,0.1192585312931736
FTOP1,0.11923269602515352
RP11-129K12.4,0.11883871763466458
RP11-90H3.1,0.11868504596369515
RP11-260O18.1,0.1185874769223082
ZMYND12,0.1185702980160499
AC124914.3,0.11854622291051907
AC132008.1,0.1185158450686681
RP4-597N16.4,0.11846695659516333
C1orf143,0.11842292897074931
RP11-797D24.3,0.11838487058869233
RP11-733C7.1,0.1182161493957442
RP11-510I6.2,0.11811071925897415
RP5-1160K1.3,0.11811052173437124
CMYA5,0.11807918036894083
FTH1P1,0.11806554656001074
SNX5P1,0.11805041944773827
DNAH6,0.11805036066905301
CTD-2066L21.1,0.1178416747613475
RP11-480D4.2,0.1178229821275706
AC019185.2,0.11780826031691337
HSD3BP4,0.11778291699180644
RP11-747H12.5,0.11776274368124336
RP11-26H16.1,0.11756709611821586
RP11-311D14.1,0.11745704228125137
RP11-259O2.3,0.11742259857208175
CTD-2314G24.2,0.11724863608792017
ARHGAP15,0.11724518072073409
GS1-204I12.4,0.11721197767691523
RP11-417F21.1,0.11718842405893581
RP11-814H16.2,0.11713234728922454
RP11-278L15.2,0.11707171948090617
TTC23L,0.11706619691248717
RP11-723O4.3,0.11706219555616015
RP11-169K16.4,0.11676385819335805
AC018463.4,0.11672108804295733
CSMD2,0.11662113390405014
RNVU1-15,0.11653799723725179
CTD-2330K9.3,0.11653730094356111
AC107057.1,0.11651278458293252
HAND2,0.11650998628846398
RP11-184M15.2,0.11642776794318704
PEX5L,0.1163843565762137
RP4-680D5.2,0.116300568030688
CTC-332L22.1,0.11619147386534322
RP11-550I24.2,0.11612469990363061
RP11-568G11.4,0.11609048465930354
RP11-597D13.7,0.11595922224127515
STXBP5L,0.1158937675528756
BTF3P9,0.11577054987598068
VTI1BP2,0.11566115677039386
SLC2A9,0.11563199863650042
RP11-245J9.6,0.11552526277618062
RPL36AP15,0.11545284193938536
RP11-380O24.1,0.11544913189295043
HIST2H2AA4,0.11542521773891655
SGIP1,0.11531019722997381
RP11-329B9.3,0.11513000339992653
SPRR2A,0.11512626373201858
RP11-614F17.2,0.11508878959110426
RP11-155O18.6,0.11507488048210168
C1orf194,0.11490338532927084
CTC-441N14.2,0.11488265387399006
POLD2P1,0.11457784561352093
RP11-34P13.13,0.11447792650758899
RP11-415K20.1,0.11443940523799705
CTD-2001C12.1,0.11425550598634333
LPPR4,0.11425085911751642
HSPB3,0.1138965655382218
LINC01085,0.11389508615745077
SULT1C2P1,0.11384746658861084
SNORD46,0.11379534373807561
RP11-430G17.3,0.11377041253793842
RP11-154H23.3,0.11375129104311284
RP11-343H5.6,0.1136897669949025
RP11-307O1.1,0.11361214292892595
RP11-277L2.3,0.11349445887852455
SNORA80B,0.11348392230524762
FSIP2,0.11327508541413821
AC007879.2,0.113086593768292
AC009963.5,0.11302621339313056
AC114730.5,0.11296403892518297
AC018737.6,0.11295541548773462
TIMM8AP1,0.11281196355327554
CORIN,0.11280805795319988
RP11-122M14.1,0.11277281698592656
FCN3,0.11270533436166301
C1orf227,0.11268611089748153
RRH,0.11264561516031002
RP11-782C8.4,0.11251051414821729
AC019172.2,0.11246671004137727
AC016716.1,0.11242537850411738
EXOC5P1,0.11241448179950193
RPS15AP16,0.11239597926648676
RP11-229C3.2,0.11221106666130365
RP1-140A9.1,0.11219166288362775
CYCSP52,0.1121254852275585
HHLA2,0.11205624061240915
AL672183.2,0.11204407206257676
NBPF6,0.11196999345150971
RP11-352E8.2,0.11195507749214195
GCNT1P3,0.11171367206812587
MYCN,0.11168535474540768
LINC00623,0.11162387540455804
AC093510.1,0.1116007998623068
AC092641.2,0.11159928949372148
RP11-379F4.6,0.11156281514470583
RP11-152C17.1,0.11127781774576889
RP11-392O18.2,0.11127310436603477
AC133785.1,0.11123942775074108
SLC11A1,0.1111950403969771
RP11-74C1.4,0.11105866592704976
PGAM1P4,0.1110006169443435
DDTP1,0.11097088474167843
RP11-344H11.4,0.11093001238631874
RPL21P40,0.11092770033684814
RP11-271C24.2,0.11078054471248444
RPL34P6,0.11074271352486098
RNU1-59P,0.1106884696052074
HSPA7,0.11058628296110458
PLEK,0.11044074555839356
AC010974.3,0.11021913595484938
ZIC4,0.1101581389842326
RP11-175P19.2,0.11010900378242866
AC144449.1,0.1101060068422152
BEST4,0.11007550380007164
AC010729.1,0.11004283936240443
RP11-348H3.5,0.11003230227394971
SNX18P23,0.10989472631891108
GLDCP1,0.10989313487860075
RP11-1023L17.2,0.10980672410301938
RPL17P11,0.10970469545537793
RP11-617D20.1,0.10967286631287969
RP11-742B18.1,0.10938656638007589
RP11-63G10.3,0.10927596100942465
RP4-669L17.8,0.10925543303016962
RP11-357G3.2,0.10922073895920155
AC007879.3,0.10915573173161773
MROH7,0.1090285908091319
RP11-529G21.2,0.10889358598343235
C2orf71,0.10878199740174167
KRT18P33,0.1087433534590893
DCST1,0.1087030971846148
VWA3B,0.10857972496400405
RP11-31F15.2,0.10841439798387464
RP11-506H20.1,0.10830530754742851
PLSCR2,0.10830114618258617
RP11-179A18.1,0.10827497399333447
AC091492.2,0.10824968908287423
ASS1P2,0.10821246902909211
RP11-434P11.2,0.10816343493124504
RP4-668G5.1,0.10814221038142931
Y_RNA,0.10800113999229984
TNNI1,0.107929547793066
AKR1B1P2,0.10787886424750968
RP11-103G8.1,0.1078215464445408
AC008074.3,0.10778503879218627
AC097500.2,0.10776748322079581
AC080002.1,0.10776016481957378
ALPPL2,0.10770895713734596
RP11-366M4.8,0.1075496790931016
CTD-2207L17.1,0.10737856312140222
ANKRD35,0.10735404409638087
COL24A1,0.10731436369973646
CTC-325J23.3,0.10729417244795351
AC114812.10,0.1072006875849623
CTD-2288O8.1,0.10714224114362893
AF146191.4,0.10708595545638679
FDPSP1,0.10699388663917046
CHI3L1,0.10694805344559337
C4orf26,0.1068472650415921
SSUH2,0.10677169391201392
RP11-475J5.5,0.10670729984984018
RP11-237D3.1,0.10659126197701341
RN7SL821P,0.10647827384913312
AC097713.5,0.10635149246132135
RP11-803D5.4,0.10635145370472594
CIR1P2,0.10621693614224943
CTC-336P14.1,0.1061919773675312
RP11-666A1.4,0.10612025534514569
RP1-224A6.3,0.10607687555603991
NRADDP,0.10602808875721155
PABPC1P1,0.10599648772930197
RP11-492I21.1,0.10599098822711767
MTND5P28,0.10595134145458464
RPL3P6,0.10582073043836494
AC010243.1,0.10581607631711692
RP5-890O3.3,0.10580390011631592
RP11-460I13.6,0.10579793863154811
SMARCA5-AS1,0.10578374449120992
LMCD1-AS1,0.10577967153370786
PDGFRA,0.10576239798125543
RP11-504P24.3,0.10569160990760379
CDC27P1,0.10562617568832627
ECEL1,0.10561792531488114
LYG2,0.1055897278030951
AL592494.5,0.10558901586921159
OR7E102P,0.10555904529200248
MYLK-AS2,0.10554283681922882
RP11-389O22.1,0.10540374534227533
HFM1,0.10520234044443207
RN7SL32P,0.10520013089129616
ENAM,0.10511224157918665
LIFR-AS1,0.10487529080221673
DAP3P1,0.10467440853329218
RP11-293G6__A.2,0.10465251731923647
EIF3KP1,0.1046167621240921
KCNJ10,0.10460804517886703
C2orf50,0.10458608540340131
RP11-796E10.1,0.10454768089634948
RP11-168E14.1,0.1045380732698788
IL1RL2,0.10453490618487371
CTD-2290P7.1,0.1043159619811778
RP11-472B18.1,0.10420215813643467
RP11-488L18.3,0.10409959951120888
AC012065.5,0.10408188646855805
RP11-315J22.5,0.10398040139361253
AC093899.3,0.10394591988314673
RGPD4,0.10392811695274133
SPARCL1,0.10382305488056011
RPS18P6,0.10365520525151235
RNU6ATAC24P,0.10348240492774811
RP11-171I2.3,0.1033900442805586
RP11-316O14.1,0.1033504711903373
RP3-467L1.4,0.103344115679127
FAM107A,0.10331145241099414
RP11-293G6__A.3,0.10327963739305095
RP4-630A11.3,0.10326341967142916
MKNK1-AS1,0.1032358812275213
C2CD4D,0.10321272173683722
RP11-271C24.3,0.10304635753982395
RNU6-33P,0.10304563977874359
RP11-576I22.2,0.1030115296885649
RP4-803A2.1,0.10294832230287716
AC009495.2,0.102852946350813
RP4-575N6.4,0.10280658391126284
SCARNA4,0.10260885457239588
RP11-314C9.2,0.10248011662141544
RP11-438H8.8,0.10232691115735149
CTD-2044J15.1,0.1022987895849894
FAM81B,0.10218906840746284
ARHGEF38,0.10215829060415944
ASNSP5,0.10214744857812037
RP11-129K12.1,0.10208540518263053
CHRNB2,0.10200321697874364
AC016732.2,0.1019533624716229
AC069154.4,0.10191002496911283
CTC-350I8.1,0.10189602278909819
AC009477.7,0.10182142378539843
RP5-882O7.4,0.10173295819386012
UGT3A2,0.10172644454326762
AC114494.1,0.10166336280617766
RP11-426K3.1,0.10160643623330261
CD46P1,0.10151577200811139
RP11-332H14.1,0.10148148581366151
RP1-35C21.2,0.10140171881067432
AC017002.1,0.10112639454880686
CICP3,0.10089786803870339
GPR113,0.1008627234102611
GKN1,0.10077438428764725
LENEP,0.1006840968068754
RP11-389O22.4,0.10067007045080062
AC010095.5,0.10065952843490633
RP5-1065J22.4,0.10058300956212217
LINC01037,0.10055495848781588
SATB2-AS1,0.10046259546030611
RP11-256I23.2,0.10039715806378087
HMGN3P1,0.10032977319433238
AC097711.1,0.10031824130828583
COX7A2P2,0.10022087653232777
RP11-295K2.3,0.10021481653902409
RP11-449G16.1,0.10021016585427318
RP11-453E17.3,0.10020360963995593
C1orf162,0.1001850054008122
PROX1,0.10006125842320596
RP11-316I3.1,0.1000609183105776
RAD23BP1,0.10004550426448329
AC013410.2,0.1000340147423448
RN7SL600P,0.09996062048234751
SUCNR1,0.09992894303363077
TMEM88B,0.09992769614831383
RP11-8L2.1,0.0997722194912803
RP11-694I15.7,0.09969329089599481
MRPL50P1,0.09958598648000148
RXFP4,0.09954041359511635
NPM1P29,0.0992187010195316
THEGL,0.09920386308137145
AC092798.2,0.09915973324937921
RP11-332J15.3,0.09905630175379698
RP11-432M8.8,0.09903921311573073
TBCAP3,0.09900245965506886
ACA59,0.09899691945727541
RP11-451G4.2,0.09887348879250546
RP11-223A3.1,0.09875650640284013
CACNB4,0.09874280278936591
AC195454.1,0.09873315384240249
RNU11,0.09869209669085137
GNRHR,0.09866349688220659
AC079776.1,0.09859446860348052
RP4-633I8.1,0.09835641835559024
RP5-850O15.4,0.09833470505681019
RP11-1365D11.1,0.09823020673866491
HMGB4,0.09822601409774757
RP11-188P17.2,0.09822286097032368
REN,0.09805637081940675
AC006994.2,0.09800242197502879
RP11-84H6.1,0.0979738786125493
GCG,0.09792564381290177
CLDN18,0.09785173486165695
ELL2P1,0.09775654008362668
RP5-831K15.1,0.09765948852358963
PLCXD2-AS1,0.09760793094655423
AC144521.1,0.09760391562901151
RP11-372E1.6,0.09754319547047363
AC114730.3,0.09738494778094246
RP11-297P16.4,0.09727565045513203
AADACL2,0.09716282473837777
EIF4A1P11,0.09710253310702925
NDUFB1P2,0.09694660041139269
UBXN7-AS1,0.09687667161741449
RP11-473P24.2,0.09677753879104097
AC010904.1,0.09676633139288808
APOB,0.09674921694568805
CTD-2245E15.3,0.09671751789530096
UQCRHP4,0.09665237362633938
RP11-426L16.8,0.0966152663554442
RP11-3B7.1,0.09659475765200125
AC073465.3,0.0965937444174032
RP11-261C10.7,0.09648137631377195
CTC-276P9.1,0.09636618306322703
HAPLN2,0.09634436896498237
SPATA4,0.09630832451843054
TCHH,0.0963041241834618
MIR429,0.09625677330952326
RP11-345I18.1,0.09623794856373301
CTC-236F12.4,0.0961593516890416
RP11-46A10.2,0.09612336593946565
TNFAIP8L2,0.09605842519303011
RP11-504A18.1,0.09605152841232911
SIX3,0.09602983460506988
SNORA2,0.0959667871847909
NBPF24,0.09593823085119117
RP11-389O22.5,0.09579948248721833
CD86,0.09578030177311747
AC141928.1,0.09571438882769899
RP11-458I7.1,0.09557371398211051
AC105393.2,0.09545299826997221
COL6A4P1,0.09542872223523478
HMGN1P9,0.09542405836100354
LRRC31,0.09541287397399113
SYPL2,0.0953206686062119
NT5C1B,0.09529680867324992
RP11-157F20.3,0.09521974564513254
RP11-255E6.6,0.09520325608288127
RP13-539J13.1,0.095111324651305
CTD-2134P3.2,0.0950862224436216
U3,0.09503901090005516
RP4-753F5.1,0.09500471805057231
ATP8A1,0.09497660410741916
ALS2CR11,0.09489463067623216
AC024560.2,0.09463593266649019
SMARCE1P6,0.0944554508634443
AC007249.3,0.0944291527670712
RP11-323J4.1,0.09439830179509345
RP11-573D15.3,0.09437258544824882
AC018866.1,0.09424149992752785
HYI-AS1,0.09409686020324637
CTC-436P18.1,0.09406763641265468
CTD-2012J19.1,0.09402695652866817
RP5-1139B12.3,0.09401746181369026
AC064836.3,0.09397155203100517
PROKR1,0.09393706565431813
RP11-392O17.1,0.09393615604610943
AC010982.1,0.0938403283368708
AC010148.1,0.09382517257848906
SETP12,0.09376913255870763
RP11-1C1.6,0.09365610451330098
RP11-537I16.2,0.093618190304767
AC142293.3,0.09353112833420923
AC009238.8,0.09347156457349158
RP11-651P23.5,0.0934481659275293
SERBP1P3,0.09344588655878393
RP11-135J2.4,0.09343134287366513
AC073641.2,0.0933754528655289
RP11-145G20.1,0.09330459106971294
RPL38P4,0.0932936332802569
CFHR3,0.09323559224944479
RP1-313L4.4,0.0930648691178017
RP11-354K1.1,0.09289560517822605
NRBF2P3,0.09281781785679337
CTC-339F2.2,0.09278458306601452
GPX7,0.09265402160191966
ABC7-43041300I9.1,0.09262755535574994
RP11-681L8.1,0.09261238006816118
RP11-480D4.6,0.09254862495767957
CTD-2269F5.1,0.09251887499284128
AC010967.2,0.09248960747702752
C2orf15,0.09244280702229947
TACR1,0.09241103850342013
MSTN,0.09240065823705303
RP11-565J7.1,0.09239839797255224
LRRC70,0.09235903871279315
SNRPFP4,0.09234798244794586
AC104654.1,0.09233556055536225
RP11-223C24.1,0.09227386334843045
AC073271.1,0.09227191874319922
CRYBA2,0.09210893251149986
RP11-522D2.1,0.09203424979659852
SPATA1,0.09179350086163522
RN7SL762P,0.09168491278900692
RNVU1-13,0.09150076034200551
KRT8P35,0.09126448778751865
IGKV3D-15,0.09116212795773328
RP11-324J13.1,0.09114467255258092
MTAPP2,0.09109683295741189
SZT2-AS1,0.09105203474440078
NPM1P33,0.09104605779070364
RP11-615J4.4,0.09099410911165114
RPS23P3,0.09096308524198164
RP11-549J18.1,0.09091011024109445
AC012074.2,0.09084438714962413
RPS2P25,0.09080152421243194
RP4-803A2.2,0.09080099756659639
SLC38A11,0.09064622649599659
RAB6C,0.09062227648360988
TRIM67,0.09061006794587477
RP11-153M7.1,0.09045004621925139
ALG1L2,0.0904359201710961
CCDC152,0.09039184340137008
RP1-308E4.1,0.09039129253415883
AC016999.2,0.09038987990042546
RP11-548O1.3,0.09036865524143983
CTD-2015H6.1,0.09031293365440672
ZDHHC19,0.09028186376194713
RP11-366M4.17,0.09018491230896608
TPRG1-AS1,0.09011621237626559
RP11-360F5.1,0.09010705485894673
AC007401.2,0.09003673623425328
RP11-567N4.3,0.09002772996291347
TMEM89,0.09001589047386348
RP11-404O13.1,0.0898561182493131
RP11-255C15.3,0.08981522810152691
AC016995.3,0.08980129625230139
RP11-12M5.1,0.08974792909352379
TTN,0.08968581967959892
RP11-206L10.3,0.08967716476525972
HMGN2P7,0.08966885659633395
RP11-177J6.1,0.08965665129174304
AC016723.4,0.08951454531826382
FAM110D,0.08943051560206498
LDHAP1,0.08940473654616776
RP11-495P10.2,0.08930264234156232
MSH4,0.08929775406522504
RP11-174O3.1,0.08926473754511823
RP11-54A4.2,0.08914704922030654
RP11-226L15.1,0.08910663433803312
RP11-430C7.5,0.08905000060462447
RP11-519M16.1,0.08902331827764291
RN7SKP160,0.08890748914281464
RP11-713D19.1,0.0888990855131992
MGC10955,0.08889110340115484
RP11-564C24.1,0.08880846751295401
NBPF18P,0.08879685446526263
RP11-397E7.2,0.08876224777637746
RP11-467P9.1,0.08872032971415154
RP1-39G22.4,0.08868863072176784
AC079779.4,0.08868094035059754
AC141930.2,0.08863693502397636
C2orf73,0.08858080000698935
BZW1P1,0.08843996996605678
ATP5A1P2,0.08841566398011709
RNU1-122P,0.08835861203477328
RP11-478C6.2,0.08824055322727996
RP11-297K8.2,0.08824008397402927
HTN1,0.08823647741553958
DYNLT3P2,0.08819803993406529
AC012358.8,0.08819272793392534
GJA1P1,0.08816274788787815
AC011239.1,0.08810313747318847
RNU1-70P,0.08779650488313916
AC097635.5,0.08774602699495315
RP11-231P20.5,0.08770128996885469
LINC00466,0.0875241304350966
AC107218.3,0.08752325655561932
RP11-557L19.1,0.08751006310964775
AC034229.1,0.08737714690311166
ESRG,0.08729214703144915
AL590452.1,0.08728744610008671
RBM44,0.08728576509768578
RP11-782C8.5,0.08720153405116594
RP11-513G11.4,0.08718770055310097
RP11-162O12.2,0.08715513843568073
ABLIM2,0.0871382972576661
LINC00884,0.08707409015736374
MRPS10P1,0.08694459325444527
RPL17P22,0.08692138155701606
AC012074.1,0.08691013506421845
AL590822.1,0.08687394282211454
RNU6-725P,0.08686792748512169
C1orf61,0.08680429958017888
AC091878.1,0.08678777292948986
SNORD2,0.086779669451724
RP4-803J11.2,0.08670804775411711
ERMN,0.08667124710149345
AC012360.4,0.08662489804560795
RPL5P11,0.08644360593601914
MROH3P,0.08642517455465315
SNORA16B,0.08624974114038779
GAPDHP27,0.08624345883901528
ASIC4,0.08608487165056462
ORAOV1P1,0.08593002136782414
RP11-144C15.1,0.08592285874574251
THSD7B,0.08585980596519305
LAMTOR5P1,0.08584560456441026
SNRPEP5,0.08583707856696611
RP11-666A1.5,0.08581963112871606
CTD-2631K10.1,0.08578262443831348
AC007256.5,0.0857195268183924
RP11-323D18.5,0.08570177792798757
RNU2-22P,0.08568599654930853
RGPD3,0.08546519798790919
RP4-612C19.2,0.08545794523133265
RP11-422P24.9,0.08522174961273708
AC010731.2,0.08513774338403675
GPR78,0.08509962200066773
AC010240.3,0.08504515365038452
IGKV2-40,0.08500317507999594
RTP3,0.08499064811285677
RNU6-37P,0.0849137746869692
RNU6-404P,0.08478755920297155
RP11-124N2.1,0.08477120463860612
HSBP1P2,0.08469205240394706
SERF1A,0.08462861477138058
RP11-517B11.2,0.08457695986395698
RP4-613A2.1,0.08447086365990224
TCEB1P21,0.08443704839421938
PF4,0.0844244342777562
RP11-79L9.2,0.08439396100643039
IGKV1-39,0.08436215620626787
RP11-785G17.1,0.08429397229793593
ABHD17AP3,0.0842555357112066
RP11-15I11.3,0.08422664452823314
RP11-245P10.6,0.08417410055976775
SNORA51,0.08401212459456443
CD200R1,0.0839955472418114
HIGD1AP14,0.0839505791146669
SDHCP3,0.08394118211130801
GHRL,0.08380878637119211
PTPN2P1,0.08372846002326595
RP11-475J5.11,0.08371619079149488
SOWAHA,0.08370044709620461
RP11-29H23.6,0.08357936271204336
AC009502.4,0.08353038332600161
FDPSP8,0.08334151688084596
RP11-571I18.4,0.08327808628532761
KRT18P25,0.08323700344500262
TSSC1-IT1,0.08322695578080742
TDRD5,0.08321224153375674
AC105399.2,0.08318191694729084
RP11-816J6.3,0.0830787406615292
RP4-635A23.4,0.08304583061870012
RP11-548H18.2,0.08300620645820507
AC090043.1,0.08300610508680957
IL21-AS1,0.08296224600470152
RP11-494H4.3,0.08291369568193172
RP11-414H23.3,0.08288140156771176
CTD-2089O24.1,0.08275157115063443
RN7SL113P,0.08271248276428465
RP11-549K20.1,0.0827025090852669
RNU2-63P,0.08268939298811691
UBE2V2P3,0.08266596542841138
RP11-803P9.1,0.08254984306231634
RP11-539G18.1,0.08245456149972101
RN7SL541P,0.0824073931145997
RP4-738P11.4,0.08235702514801038
RP5-1057J7.1,0.08234584791827902
RP11-700N1.1,0.08233837859525842
AC110299.5,0.082337846349841
ARHGAP25,0.08229599633337899
RP4-736L20.3,0.08227975327526449
RP11-184E9.1,0.08223881146389082
RP11-622J8.1,0.08213960668747707
POU3F1,0.08201882143291438
SLC9B1,0.08185790454224988
RP11-350G8.7,0.08184339540912676
MIR181A1HG,0.08179823102793148
RP1-206D15.5,0.08174665406276303
PHBP8,0.08165426932244664
RP11-503N18.5,0.081596990788125
AC116609.2,0.0815638677420357
AC009229.6,0.08148506271618709
RP11-90L20.2,0.08146213845878464
RP11-348H3.2,0.08135064363712759
LINC00607,0.081344140011519
UROC1,0.08133868695469289
RP11-342K6.3,0.08103988628553789
RP11-274H2.2,0.080984477199488
FBXW12,0.0809304246453565
AC007389.1,0.08080903227544962
BCAN,0.08080645667968282
CD53,0.08073520225115001
JAKMIP1,0.08073292781045757
RUVBL1-AS1,0.08068223982818647
NEU4,0.08068062049887091
AC079753.5,0.08060427794086743
RP11-76N22.2,0.08059252725739868
AC024937.2,0.08048120980622589
RP11-1C1.4,0.08044714661336434
RNU6-4P,0.08040535059584333
RP11-342K6.4,0.0803922612685518
HNRNPA1P61,0.08037832992065108
AC013268.3,0.08035576706106996
RP11-257I8.1,0.08033006763897217
KRT18P63,0.08026386101403549
CAMKV,0.08011667142909483
Y_RNA,0.07996505845593953
AF213884.2,0.07987049095472167
MFSD7,0.07986233759056098
RNF7P1,0.07981144160634213
GPR17,0.07979560633490757
RP11-389C8.1,0.07971959508269086
RP11-772E11.1,0.07970790093839036
CHRM3-AS2,0.0796542084337585
ZNF660,0.07964149673469248
MAL,0.07962451449281607
RP3-476K8.3,0.07956485591990958
RP11-476C8.2,0.0795397035878832
ANAPC10P1,0.07948839097998754
RP11-88H12.2,0.07948784455525397
DCHS2,0.07944202194559209
AC112721.1,0.07943488580461476
RP11-461L13.3,0.07939083237868534
RNU1-36P,0.07937143096750372
RP5-1160K1.1,0.07935410554541875
RP11-398M15.1,0.07933558559266046
HMGN2P21,0.07928466849024607
MED15P8,0.07911569755047333
HMGN2P24,0.07910263861835048
AC112721.2,0.07898816494248426
NPPC,0.0787967111045095
NDUFAF4P3,0.0787679392317493
RP11-763F8.1,0.07868158011143539
AC005237.4,0.07864794891669309
UBE2Q1-AS1,0.07862134383753093
MIR3917,0.0781549030064798
FETUB,0.07802354060144817
RP11-275I14.4,0.078015273401958
MLK7-AS1,0.07798482765517917
AC025750.5,0.07795480636535822
COX20P2,0.0779431016003825
RP11-367J11.3,0.07790610761285434
AC104651.2,0.07788129739521356
CTC-428G20.2,0.07770935309563852
CTD-2256P15.5,0.07767999489916345
TGIF2P1,0.07760195157013855
RP11-269F20.1,0.07756039958138981
ATP5G2P1,0.0775428342055215
RP11-377G16.2,0.0775093096744251
RP11-177C12.4,0.07748939179103644
ATG12P2,0.07742326173522063
CISD1P1,0.077333004158549
RP11-91A18.4,0.07726318942319865
AC094019.4,0.07722951199620406
RP11-175B9.2,0.07718753987701747
AC063976.7,0.0770916589607905
PF4V1,0.07700173750787319
RP11-383I23.2,0.07696698573033449
AC068538.2,0.07693788166285663
RP5-966M1.5,0.07688211438061165
RP11-96K19.4,0.07678714957542003
TLX2,0.0767842027637396
Y_RNA,0.07677082049577712
RP11-401N16.1,0.07665695240480673
RN7SL208P,0.0766205806592924
RP11-82K18.2,0.07660186989574821
SETP22,0.0765642018108975
SLAMF8,0.07650250320432056
RP11-478C6.6,0.07644743757453172
RP11-180C1.1,0.07635727254736391
RP11-404I7.2,0.07620451306528953
MTND3P10,0.07616459989214683
AC009236.2,0.07614713171688502
SNORA47,0.076132507895033
RP11-435B5.5,0.07609933576723758
RP11-503N18.4,0.07607332654291693
AC131160.1,0.0760638002470967
ALPL,0.07599183324601365
TMEM232,0.07588562617046522
CTD-2007H13.1,0.07584460456314064
ZBTB8B,0.0758306401740955
RP11-551G24.2,0.07576415969532635
RP4-740C4.9,0.0757184666334082
AC092574.1,0.07565645296894707
RP11-1299A16.3,0.07564912407028608
RP11-542G1.1,0.0756206779297118
RP11-803B1.8,0.07561700959748284
TMEM163,0.07554112198375518
TLL1,0.075508305359879
RP11-673E1.3,0.07548339116128712
NPFFR2,0.07545069576889996
SCTR,0.07538800269451966
RP11-543D10.2,0.07531758066684542
GPBAR1,0.07507805956106987
LCE3C,0.07499414610483936
CD34,0.0749060381983724
RP11-73M7.6,0.07477808613799049
RNVU1-19,0.07477088686363127
RP11-8J9.1,0.07474793694713283
SNORA40,0.0747340412058096
FAM151A,0.07466383294482326
TMEM155,0.07463351060368362
KIAA1257,0.07462722581599207
FABP5P10,0.07462499128373966
AC073409.1,0.07462337136419452
RP5-1052I5.1,0.07460532120760045
CTD-2339M3.1,0.07433947011898287
KCNC4-AS1,0.07433638375878288
CTD-2325A15.3,0.0743133551643378
CTD-2218G20.1,0.07428874044011352
RP11-435D7.3,0.07418505449298303
Y_RNA,0.0741117249715701
RP11-799M12.2,0.0741032058776131
AC069394.1,0.0740151901109121
AC090505.5,0.07397885963031961
AC097658.1,0.07395279914131504
AC078852.2,0.07392899780546215
RP11-114O18.1,0.07389110247785534
RP11-4K3__A.3,0.0738860732988154
SNORA63,0.07387056266122279
RP11-160H22.5,0.07374727992782186
AC104600.1,0.07367548770536335
RP13-1039J1.2,0.07363020241451822
AC078883.3,0.073564590680389
TUBB8P8,0.0734944670807574
RP11-734K21.5,0.07342949143419875
RP11-114H7.1,0.0734019363328258
AC064834.2,0.07338205586289792
RPE65,0.07332752392725139
THPO,0.07329322672677252
RP11-84A19.4,0.07318244036604397
RP11-269F19.2,0.0731633640380992
RNVU1-18,0.0731450506516937
TOX4P1,0.07312007372480332
AC008063.2,0.07309219910256552
AC009234.1,0.07295850030153196
AL591704.5,0.07283111259798841
AC079586.1,0.07273293792843534
RP5-1139B12.2,0.07273114617778466
RP11-466F5.10,0.07271425117071384
AC093843.1,0.07263670206768759
RP11-454P21.1,0.07260807504822533
AC012513.4,0.07248483757294381
UBE2E1-AS1,0.07244688174518658
LINC00501,0.07233446112112617
SP5,0.07229757504335824
CTD-2280E9.1,0.07215473595273807
SETP21,0.07212462512815936
CTD-2372A4.1,0.07212103453345249
SOX2-OT,0.07194068726659515
RP4-713A8.1,0.07192446239324228
GOT2P2,0.07184856406792468
SLC5A9,0.0717433506301991
SNORA77,0.07163175831192291
RN7SL532P,0.07162223667202003
RP5-857K21.15,0.07156469893329634
RP11-269M20.1,0.07155323677338032
SLC25A24P1,0.07126444881052144
RP11-79P5.7,0.07126087582516148
RP11-423O2.3,0.07124749153932104
RP11-467D18.2,0.07122731686205741
CTD-2165H16.3,0.07115663720373176
AC064852.5,0.07110080005045014
AC016912.3,0.07096239764925162
AC073283.7,0.07091607209700626
AC011997.1,0.07085403166724845
AC010976.2,0.07076605300935565
RP3-329E20.2,0.07062642698035489
GRIP2,0.07052765988871987
MARK2P8,0.07049535630926147
LINC01018,0.07042679034188473
RNU4-51P,0.0704188279663637
RPS26P21,0.07041785723391672
HMGN2P19,0.07039278900588834
RP11-359H3.1,0.07033991412817207
RP11-325P15.1,0.07029040018708163
RP5-1053E7.3,0.07019872686668643
ALDOAP1,0.07015641711779357
CTD-2130F23.2,0.06993865392053827
BTF3P13,0.06987025520643204
RP11-674I16.2,0.06981897204229731
RN7SL671P,0.06977299104704594
RP11-71H17.1,0.0697579414989321
RP11-521D12.5,0.06972172951432462
CTC-505O3.1,0.06971620280418944
RP11-124N3.3,0.06969958425710812
RP3-426I6.6,0.0696887945110402
RP11-383G10.3,0.06968627011091573
PLD5,0.06966137362652534
RP4-534N18.2,0.06965829151305011
AC012501.3,0.06963838800720905
KPRP,0.06958640395158612
RP11-182B22.2,0.06957932745597731
IGKV3D-20,0.06957099810807438
MTTP,0.06947922181232528
RP11-2H3.6,0.06947898984464058
ZBTB40-IT1,0.06947672401733192
CTC-498J12.1,0.0694729069159719
LAMTOR3P2,0.06935815946921774
RP1-224A6.9,0.06927667081277995
MATN1,0.06926332357649094
RP4-728D4.2,0.06923479275698313
OXCT1-AS1,0.06920539126541785
AL353898.2,0.06920348856537112
RP11-379B18.1,0.06916725304744259
UNC5C,0.06914373641779463
RP11-572M11.4,0.06906210698729105
RN7SKP292,0.06899312755253385
AC073128.10,0.06898205238382808
F5,0.06897576527826711
RP11-231L11.3,0.0689534794201107
SRD5A3-AS1,0.068906545831372
PHBP4,0.0688014835630255
RNA5SP78,0.06879514991226922
KRT18P31,0.06877416974067731
RP4-555D20.3,0.0687481691634512
PPIAL4F,0.06872718368220203
CD52,0.06871148423400615
SRGAP3-AS4,0.06870250382625631
RP11-466F5.9,0.06863801294984839
AC007690.1,0.06860192036239059
RNU6-42P,0.06855153024616063
AC017104.4,0.06852186852444243
SUGT1P2,0.0685062403403401
RP11-333E13.4,0.06846424865378736
RP11-135A1.2,0.06843394498193588
RP11-430C7.2,0.0682934590414424
CTD-2256P15.4,0.06811917587079543
RP11-816B4.1,0.06805442678499364
AC010987.5,0.06805210700365626
NDUFS5P2,0.06786619788697683
ZPLD1,0.06785455641963238
CXCL11,0.06785168422334024
OXCT2P1,0.06781176156486568
DNM3-IT1,0.06780138099309643
RP11-553D4.2,0.0677745043261444
AC007365.4,0.06773571177506214
OR2L13,0.06771746983785161
CICP7,0.06763700176765419
AC114812.9,0.0676305582918567
RNU1-138P,0.06761340735631254
RP11-310P5.1,0.06756405057944563
AC009955.8,0.0675600614893082
RP4-651E10.3,0.06755882994719857
RP5-857K21.2,0.0675120515739606
ALG1L7P,0.06734071395559334
CTD-2195M15.1,0.06732998237560513
CDC42P4,0.06718799614305278
RP11-460I13.2,0.06715895870722147
RP4-773N10.6,0.06715228394203816
NEUROD1,0.06699286836965293
ARL5AP3,0.06697709983187917
RP11-87F15.2,0.06691117083207453
SNX18P25,0.06685154342503109
GPR62,0.06685119102764665
AK2P2,0.06684779269735197
AC097533.1,0.06684656944865373
TUBB8P11,0.06682973389513995
PLGLB1,0.06662168223214608
AC138623.1,0.0665813214855399
COQ10BP2,0.06644748092881943
LINC00578,0.0664316945824141
HMGN2P25,0.06639915261871888
RP11-259O2.2,0.0662922808182483
LNX1-AS2,0.06628660996311371
PRSS44,0.06622658964822142
AC090954.5,0.06611869693861111
SH2D1B,0.06606453611849901
PHBP12,0.06596011774072079
A4GNT,0.06594746864844932
LPPR5,0.06594082016343512
AC007362.3,0.06576449515740716
RP11-348J24.2,0.06572257809420241
CAPN8,0.06569688553914828
RP11-395L14.13,0.06561135738270403
DLEC1,0.06555413503032505
LSP1P3,0.0655517566275207
RP11-1084J3.3,0.06553386360553116
RP6-206I17.2,0.06553234401750845
WWTR1-IT1,0.06547497892110167
AC009411.2,0.06546408425901797
CTD-2060C23.1,0.06544206041113972
C1orf173,0.06539190030753987
AC078883.4,0.06535454076708638
CTD-2374C24.1,0.06528068850919727
AC109828.1,0.06524484674281408
RP11-513G11.2,0.06524289423145584
GBP5,0.06514794354308504
RP11-281P23.1,0.06512666029465321
AC114730.7,0.06512577532164454
PFN1P6,0.06512371557463736
C5orf27,0.06511306030786639
RP11-242O24.5,0.06508284096709425
LCE2A,0.06506169586637273
DAPL1,0.06493147354478683
AC016691.2,0.06490521575854243
RP11-384F7.2,0.06487126222542165
RP11-154D3.1,0.06486651664781205
COL6A4P2,0.06482884869767565
HIST2H2AA3,0.06473270385685688
RP11-480C16.1,0.06471460658329718
CYP4F32P,0.06467749445082106
SST,0.06467362624482813
AC009478.1,0.0645163377447265
UGT1A10,0.06447043245394396
SCARNA18,0.06446454698026294
RP11-534L20.5,0.06445833043114062
RP11-33B1.2,0.06444774986327317
PTPRC,0.06443598887568278
AC074117.13,0.06440703019798068
RP11-644K8.1,0.06438803129925409
RP5-1024N4.4,0.06421475055554972
RP11-399E6.4,0.06418647578193283
CXCR6,0.06417063796306109
NPM1P40,0.06416559518380903
OTOS,0.06414348307109376
snoU13,0.06410205766041693
RP11-404J23.1,0.06405472821459043
RP11-373E16.4,0.06393666120175338
HSD17B13,0.06393632918821614
BCAS2P2,0.0639307863286039
RNU6-1048P,0.06385106705100614
AC018892.9,0.0638245449852634
AC105344.2,0.06379208842401861
RP11-98D18.1,0.06379125812514162
AC097635.4,0.0637824200835327
CCDC13,0.06372887921554293
HTR6,0.06371020256884398
NT5C1A,0.06368482543352959
RNA5SP132,0.06367664281241225
CYP4B1,0.06367034117384222
RP11-145M9.5,0.06361961791132613
AC067940.1,0.06353850764861531
PLGLB2,0.06345435249625424
AC018470.4,0.06342210687396709
RP4-657D16.6,0.06340572148045642
RPL30P2,0.06337189853269577
RP11-254I22.3,0.0633334292456977
RP11-1223D19.1,0.06322917673738931
RN7SKP272,0.06321929545950607
RP11-397E7.1,0.06318466311809913
PDCL3P6,0.0631192268322406
WWP1P1,0.06296828211419685
RN7SKP285,0.06294480580306785
MYO7B,0.06283884136048264
RP11-135J2.3,0.06281342253385007
RP3-426I6.5,0.06280845207746237
AC123886.2,0.06279797973464088
SNORA64,0.06277185875901392
HSD3BP3,0.06268841062518553
GUCA2A,0.06264085022061573
FTH1P25,0.06257325301221182
MIR92B,0.06251571617761974
RP11-93I21.3,0.06245681481191446
RP11-600G3.1,0.062398455545001695
RP11-944L7.4,0.062369485868907476
HIST3H2BA,0.062351448299806184
SNORA63,0.062331125244063756
NAIP,0.062264534240720364
AF224669.3,0.06223366958638158
IQCJ-SCHIP1-AS1,0.06219293901719105
AC010878.3,0.06216803026683482
CTD-2587M2.1,0.062125010665802116
RP11-9D8.1,0.06210674270473244
PSAT1P4,0.062095677102968795
RN7SL751P,0.06207425396681218
DUTP1,0.06207401096646503
HNRNPA1P63,0.061991283202694064
RP11-295M18.6,0.06198754704079753
VEZF1P1,0.06198593168095997
RNU2-28P,0.06196673547706993
RRM2P2,0.06195416965631285
BEND4,0.06193278689715892
RAD51AP2,0.061903670702860236
RGS1,0.061823196375844915
RPL29P7,0.06178866380329057
ZBTB20-AS4,0.06173951522071103
RP11-440K22.1,0.06167601378872726
RP11-734K21.3,0.06166640949438448
ADAMTS9-AS2,0.06161437248879756
PTPN7,0.061613035486917156
RP11-544M22.3,0.06159489431162221
RP11-196G18.3,0.061578458031994264
AC069277.2,0.06156289095528803
AC005037.3,0.06154498493215201
RP11-343N15.2,0.06148649719190588
LRIT3,0.06147755948973821
ATP1B1P1,0.061465037727126415
AKNAD1,0.06145582169767098
RP11-90O23.1,0.06136334614102715
TTLL10,0.06135890864253279
RP11-80H18.4,0.06127282928016623
RP11-352G9.1,0.061258844734580126
RP11-511B7.1,0.06122496941588613
CTC-458I2.2,0.061187813309088214
RP11-401A10.2,0.061134550286824234
AC114803.3,0.06109237201330501
AC016722.3,0.06104539858747349
RP11-44F21.4,0.06098197078775286
RP11-316M1.3,0.06097866889415871
ANKRD53,0.06089988822894932
RP11-71H9.2,0.060866819705028906
TSEN15P2,0.060844961253472864
RP11-184E9.2,0.06083134878184901
FEN1P1,0.060720903388518155
RPL30P7,0.06071909397904058
CCNI2,0.06058440300231561
FAM159B,0.06058428943459362
U73169.1,0.060475150781321374
GRK7,0.06040905333630827
CTD-2091N23.1,0.06038276001377867
AC007743.1,0.0603685907821069
HIST2H4B,0.060302226625085054
UTS2B,0.06029790135538359
RP11-1152H14.1,0.060281824005381235
AC009495.3,0.060278364248951055
UBE2CP3,0.06024360929686578
RP11-348J24.1,0.06022687487190692
RP5-837I24.1,0.06017346943641302
MUC4,0.06014886735399735
TFP1,0.05999388417376766
RP11-474I16.8,0.059981065648817146
RP11-161D15.1,0.05997745119231832
TRIM63,0.05995224208544488
RPS23P2,0.05991376504636472
ABCC5-AS1,0.059867027330143215
GS1-304P7.2,0.059784680661912865
RP11-301L8.2,0.059742731465904225
RP11-584P21.4,0.05973151724159323
NBPF4,0.059727366533995595
AC067945.3,0.059632932031373605
RP5-1102E8.3,0.05960607543131297
CAPN9,0.0595601794018743
AC019129.1,0.05954804323339045
RP11-555K12.1,0.05952140096609717
OFD1P17,0.05947755789788289
RP11-778D9.13,0.05944661101042271
LINC00626,0.05944364120897442
RP11-38J22.3,0.05937016778820603
RNU6-41P,0.05934264295988027
ISCA1P6,0.059259727210976394
KRT8P31,0.05923038278840246
RNA5SP183,0.059197766656823136
AC092159.2,0.059146920765357186
MIR1302-11,0.0590448046744522
RP3-395M20.8,0.058928934117487126
RP11-402J6.1,0.05889643772497074
RP11-335L23.5,0.05879628161963807
AC004237.1,0.05877254455318992
PGBD4P7,0.058759383922240366
AC009303.3,0.05875929258490035
EFCAB14P1,0.05874128505332348
AC114755.7,0.05873889631873413
AC109829.1,0.058730277399352
CLCA2,0.058695255811716814
RP11-384C4.2,0.05865341591778208
CTB-36O1.3,0.05862632016365976
PPIAL4E,0.05857963223560944
RP11-588L15.2,0.058383376713344516
RP5-837M10.1,0.058383258066845654
MTND4P9,0.05837737534295242
SLC9C1,0.058368227649633085
RP11-329B9.5,0.058312230303952994
DCDC2B,0.058311273313069505
PSMD12P,0.05830123599482307
MRPS17P1,0.05822544106162424
RP4-612B18.1,0.05819245741178885
NDST3,0.05814090134477267
RP11-517I3.1,0.058129058337227195
AC011322.1,0.058088517476854305
OSTCP2,0.05807866297282913
RP11-338N10.1,0.0580645064554221
RP11-536C5.2,0.05803877979207619
CCSER1,0.057982520458997544
AC007319.1,0.057963687265078896
RP11-269M20.3,0.057905422716840106
CTD-2334D19.1,0.05778173889045054
RP11-395P16.1,0.057693478293995716
OR2L1P,0.05768871531935504
HMGB1P4,0.057607383292763374
RNU6-48P,0.057565620887246365
RNF138P1,0.05753338959904036
VPS25P1,0.057495029700682994
AC073043.1,0.05746458971195201
HADHAP1,0.057435930361721066
AC073143.1,0.057411959177574766
RP11-439E19.6,0.0574002977300076
RP11-791G16.2,0.05725741230064432
NR0B2,0.057194929879431505
PSMC1P5,0.057122090842325605
KLHDC8A,0.057060936352213966
RNU6-137P,0.05703697935310074
UNC80,0.05695040911586178
AC093732.1,0.056870346750053015
RP11-320H14.1,0.05687029979125555
AC067956.1,0.056862332960658145
AC073410.1,0.05684613141387851
RP4-669L17.2,0.05682237352930386
MTND2P21,0.056811643210599456
RP11-395L14.5,0.05680399259034218
CR1L,0.056768846923913464
AC018735.1,0.05672913557296081
MIR3125,0.056694477047621504
RP4-641G12.4,0.056665589395939464
RP11-517B11.4,0.05652310710191245
HMGN2P23,0.05651857827357632
C1orf111,0.056508323191339305
AC073479.1,0.056485799820890935
AC097468.7,0.05642759994088014
RP11-445P19.3,0.056334312493192075
AC093850.2,0.05633145205755078
PIGR,0.056312285611028336
RP11-10L12.1,0.056230735498313984
AC078852.1,0.05621389307109986
RPS3AP53,0.05620901815924317
RP11-219I21.1,0.056207891558373795
LINC00211,0.05619708228783465
AC138655.4,0.05618422401690538
RP4-680D5.8,0.05616747341182215
PSMC1P10,0.05611285705080457
RP11-377K22.2,0.05611053031734168
B3GALT1,0.05610209879885019
HSP90AA5P,0.05604790078035815
AC097359.2,0.056027565992900846
ZRANB2-AS2,0.05602099602059793
RP11-1029M24.1,0.05599330898252632
RN7SL610P,0.05595974053273133
AC098824.6,0.05593471121944252
RP11-119H12.1,0.055927002483165754
RP4-621B10.8,0.055918464293279985
AC007919.18,0.05590911192551529
EFCAB14-AS1,0.055897714258858845
XCL2,0.055892497773778804
AC079150.3,0.05584412074273463
IMPG2,0.055830088669477806
AMTN,0.0558283093953807
TRPC3,0.05582679241521685
RP11-396C23.3,0.05582458444327621
AC011247.3,0.05580064405512423
OXER1,0.055780042415834286
CTD-2024P10.1,0.05570631094315662
RP11-631M6.3,0.05560276844885222
RP5-930J4.2,0.055587104384157364
RP11-363H12.1,0.05556173139048926
RP11-136C24.2,0.0555562890509416
SPRR2B,0.05552326246245667
RPTN,0.055500307027035116
RP11-674E16.1,0.05547873971667836
SLC6A3,0.05542206201303022
RP11-206L10.4,0.0553993111137821
HSPA8P4,0.05537615769203183
LRRIQ4,0.05533176871745298
AC018463.5,0.05532035612509132
RP11-119H12.4,0.05530885253655768
AC007040.5,0.05523738431514968
RP4-734G22.3,0.05506743025626289
CTD-2533K21.4,0.05506686919161993
RP11-589F5.4,0.05498616648601338
RP4-714D9.4,0.05494163767515194
MTHFD2P6,0.05489992059789325
RPS17P2,0.05489025608217854
RP5-1087E8.2,0.05483828590674541
AC009411.1,0.054810542034998605
CTC-329H14.1,0.05470612292843246
RP3-328E19.4,0.05470353466045506
GSTO3P,0.05468349803750761
RP11-88I21.1,0.054656031970976605
AL139147.1,0.054655758056427396
ANKRD20A12P,0.05465498511662964
AGBL5-AS1,0.05465466119012752
MTND5P15,0.05465309411855118
CHCHD4P4,0.05462179311967188
C4BPAP1,0.05461977123894718
MYO3B,0.05457609057854904
RP11-275F13.3,0.0545179467033562
OR4F5,0.054423108441197576
RP11-384B12.3,0.054408015175024395
DNAJB1P1,0.05436965380473178
RP11-203F10.5,0.054337259897667876
RP11-114M1.1,0.054323884358304216
RP11-410E4.1,0.05429547728044878
TSLP,0.054266160231435455
RP11-91G21.1,0.05420866245045517
HIST2H4A,0.054205971470548085
CTC-506B8.1,0.05419682344154733
Y_RNA,0.05416976152140093
RP11-305O4.3,0.05408878977678518
RP5-891H21.5,0.05406260740638522
ARHGEF26-AS1,0.054056807169024494
RP11-481J13.1,0.05403115936957099
SLC10A6,0.05402972815982621
RP11-766F14.2,0.05402626110373283
RP11-190C22.1,0.054010554005066484
RNU6-1042P,0.05397200403733143
NUDT19P5,0.05395640444525942
ARHGEF33,0.053878981823259196
RP4-535B20.1,0.053874636104748734
AC116366.5,0.05380051938522077
RP11-342F17.1,0.05376504401203036
RP11-496H15.2,0.05370494172535319
AL391357.1,0.05366641611459464
CTD-2227C6.2,0.05366481885097693
CDHR4,0.05365495049239336
AC010894.4,0.05358544242520306
RP11-345J13.1,0.053532770710545984
ZBED1P1,0.0534226890895775
SHMT1P1,0.053320246357654616
BECN1P1,0.05329567038207326
KCNMB2,0.05323691583965648
RP4-597J3.1,0.053122753424736935
AC017104.2,0.05310939869478427
RPL34-AS1,0.05308814795014601
RP11-284F21.11,0.053073079930985395
FKBP4P1,0.05306339527689292
PTCHD2,0.05303951972694856
SDCCAG3P2,0.05300846053936866
AC092635.1,0.0529281032502514
CRHBP,0.052924958101447005
AC009236.1,0.052923196218578224
RP11-78C3.1,0.052892401537233874
LRRC71,0.05285525237430652
AC012365.3,0.052834218207215074
AC012456.4,0.05278671944962446
RP11-359I18.5,0.05275011080877565
ABCA4,0.05268106277777331
RNU4-38P,0.05262122633513449
ABCG5,0.05258386856776104
RP11-126K1.9,0.052526160630727264
AC096574.5,0.052477899805504276
AC079834.1,0.05246412234994494
AC034193.7,0.052462516940003846
AC069257.8,0.05246171555054125
DUX4L9,0.052413377504963186
snoU13,0.052364495188040504
ST13P20,0.052301481074963324
AC092964.2,0.052299356383093666
TNFRSF4,0.05229393572331981
AC016700.2,0.05228995899101718
Y_RNA,0.052281641487679026
FGFBP2,0.0522173189085102
AC104655.3,0.052194545803529134
TEKT2,0.052179944182644815
OSTCP5,0.052179682415043636
LIN28A,0.05207341832368332
CTD-2179L22.1,0.052041599043291725
RN7SL674P,0.05203879983951585
RNA5SP177,0.051968521704078376
RP4-681L3.2,0.051958064608416364
RP11-63E16.1,0.051927149335088525
RP11-11N7.4,0.05191269057316241
RP11-319E12.2,0.05188002259014394
AC006445.7,0.05180946145814744
RPL7L1P9,0.0517667589509048
PRG4,0.05173173247261628
NSRP1P1,0.05171888203013721
RP11-123J14.4,0.05170745223843767
RP11-50D9.3,0.05166377792839021
RP11-269F21.3,0.05156029289166645
HMGN1P7,0.05154780950914344
CTD-2373J6.1,0.05147237220150961
LRRC7,0.05146609432689045
RP3-467K16.2,0.05143186843563027
AL590560.1,0.05128005790357018
RP11-434D9.2,0.051279276104900996
AC026214.2,0.0512171019611537
KCNK12,0.05110959624692418
KCNJ3,0.05099742740600673
RP11-2L8.1,0.05099386002585241
AC012368.1,0.05099078383398126
CTNND2,0.050950349240782435
ENTPD3,0.05094830843001372
TEKT4,0.05093906111269708
RN7SL694P,0.05093102549836359
LCE1F,0.050922105456337526
RNU1-51P,0.05088536446235515
RP5-857K21.4,0.05086015349338358
RP4-811H24.9,0.05084357913901614
RP11-7G12.1,0.05083672190489708
AC016738.3,0.0507294593604117
CTD-2002J20.1,0.05068666137969325
HIST2H2BB,0.050648646155055856
FAM218BP,0.05061103410017146
ALMS1P,0.050539618664127726
ANKRD20A17P,0.050468420923522904
GPR37L1,0.05041889797970337
RP11-755B10.2,0.05041716536755373
snoU13,0.050400279371570135
AC007386.3,0.05038811917312819
RP11-102M11.2,0.05035663620009783
AC013444.1,0.050344644151178876
ABCF2P1,0.050342480212326575
RP11-365O16.6,0.05032529492309871
AC013268.2,0.050315997747682494
AVPR1B,0.05029258277802362
RP4-758J18.7,0.05026772919665363
OR14K1,0.050226020503320624
RP11-363I22.3,0.05021348039837053
AC017076.5,0.05020479907290082
FAM194A,0.05019247051516499
ST6GAL2-IT1,0.05017871676210067
DBIP2,0.05016531821084932
RP11-159F24.2,0.05000832238631914
TPM3P7,0.04996441468466655
C5orf17,0.04994354329171394
RP5-857K21.3,0.049936213883755486
RHBG,0.04989167700266702
AC096559.1,0.04986795042420111
RNA5S9,0.04986140779676688
RP11-576N17.3,0.049851945251829954
RP11-1E22.1,0.049845477451417854
RD3,0.049833645220409915
HNRNPA1P67,0.04981911611838511
RP11-195C7.3,0.04981259856798187
AC092667.2,0.04977734049990335
PDZRN3-AS1,0.04973042489223236
PRSS42,0.04970811767925266
RP11-17E2.2,0.04961174559203723
AC012501.1,0.0495657540561491
RP11-332J15.1,0.04951938992975544
RP11-204H9.2,0.04951218853439709
RP11-33B1.3,0.04944817263997334
RP11-272L13.3,0.04942917677846942
SLC4A10,0.049421120416447195
LOR,0.04937157171067542
RNU2-37P,0.04934891842084941
SNORD81,0.04932390734194799
RP11-552M14.1,0.049310675840600865
RP11-379F4.1,0.04926228858595485
RNU6-431P,0.049181711592280915
RP11-245P10.4,0.04913428662820194
RP11-3K16.1,0.04913278726887629
RP11-734K21.2,0.049071801663980896
RP11-439L8.2,0.049038257236512596
RP11-680B3.2,0.04899885029890908
RP11-341G5.2,0.04899144928645174
WBP1LP6,0.04893662211297764
RP1-184J9.2,0.048904441947678484
GRAMD4P8,0.04878718237286992
RBMX2P5,0.048742695023870165
RP11-235D19.2,0.04873565552536496
RP11-362K14.7,0.048713397885318366
RP11-475J5.8,0.04868588598272402
RP11-470B22.1,0.04861469457687934
RP11-312B8.1,0.04860139434563434
SNORA70,0.0485259532117612
AC007970.1,0.04846621806854114
RP11-455G16.1,0.04845015981713389
PTP4A1P7,0.0483460841161131
RP11-347P5.1,0.04834018787199009
RP11-538D16.2,0.04832092167289562
SLC8A1-AS1,0.04827297375724807
ZNF101P2,0.04827080623508508
TMEM247,0.04824785067384962
RUFY4,0.04822922066771428
EVX2,0.04821202220324478
RP11-344P13.4,0.048179635123292375
RP11-477G18.1,0.04817044564346993
AC068620.1,0.04816429546897796
PPIAL4B,0.04808536603457076
RP11-430C7.4,0.048075857578344844
HLA-AS1,0.04799365209781084
RP11-161I10.1,0.047975474634944025
RP11-489M13.1,0.047921258866158896
AC007966.1,0.04790667345713645
C1orf189,0.047875953527696385
RP4-782L23.1,0.047814448616454897
RP11-12M5.4,0.04779352503499199
ZAP70,0.04778392306470016
RBM46,0.047706699356183574
MTND1P28,0.047665267640528135
RP11-337C18.4,0.047618742779622115
RP11-314B1.2,0.047607436288924415
RP11-540E16.2,0.0475805140608855
PCP4L1,0.04758001085047368
RP11-715I4.1,0.047559734156085415
RP11-529H22.1,0.047508884103819864
PPP1R8P1,0.047489913614964525
AQPEP,0.047486265963867146
RP11-170N16.1,0.0474727125797618
CTD-2377O17.1,0.04741915385496073
CTD-2287O16.4,0.04741403685852594
AC004775.5,0.047391713606781384
AC097382.5,0.0473749321505445
SCHIP1,0.04737461664135531
RP11-333I13.1,0.047338534203028325
AC124944.3,0.047320379497320285
RP11-681L4.1,0.047309705911170834
RPL21P17,0.04730874467840835
NPM1P48,0.047204616431960146
RP11-963H1.1,0.04710314495931453
RP11-116O11.1,0.04708998748060309
PPATP1,0.04704775694039375
RP11-19E11.1,0.04698053841112537
FCGR2C,0.04692663524770479
TGM4,0.04688057237699347
SULT1E1,0.046875732149284643
AC104306.1,0.046874693766386
RP11-337N6.2,0.04685532685360664
Y_RNA,0.04679285209845118
FMOD,0.04672769027518981
HRG,0.04671891322601448
RP4-655J12.4,0.046684476375685735
MYBPHL,0.046673476393859964
AC018878.3,0.04663603433252958
MME-AS1,0.04652194342438476
AC114765.1,0.0464310136456863
RPL34P1,0.04638040009459834
LINC00885,0.04636422311460991
AC079610.2,0.046337275222062324
AC012485.2,0.04631848758901874
SLC25A14P1,0.04630487036528851
HMGB1P11,0.0462966283468866
CR2,0.046294603737018845
MIR554,0.04626891097262068
RNU1-31P,0.046194785525233796
RBMX2P3,0.046176353414326056
RP4-771M4.3,0.04614044183413429
AGXT2,0.0460992536419387
RP11-292E2.2,0.04606941019602545
RP11-131L23.2,0.046022149933045785
PNPT1P1,0.04602116698448878
CDH18,0.0460022417836444
RP11-375H19.2,0.045983259315152646
RNU6-5P,0.045978935396148064
HNRNPA1P68,0.045967442821280374
CTD-2083E4.7,0.0458694111232241
YWHAQP5,0.0458316085568178
RP11-241J12.1,0.04581561664393056
AC009961.2,0.04581118790022639
DDX11L1,0.045809213373927626
KLF17,0.0457905085398802
SEC13P1,0.04576335119842362
RP11-145M9.6,0.045634848200408314
HMGB1P21,0.04563331100758084
CTD-2353F22.1,0.04559869272777175
RP11-632F7.3,0.045588880078477494
CTD-2325A15.5,0.04556803229651373
RP11-253A20.1,0.04555016108015817
AC016735.2,0.04549434416881304
RPS14P4,0.045445583766025456
MYOZ2,0.045443984449741896
TMPRSS7,0.04540742535001199
AC024937.4,0.045374132519725524
DNM3OS,0.04537331273462445
HNRNPKP5,0.04536553811963225
RP11-372E1.7,0.045354163448578816
RP5-857K21.5,0.045340702471981936
AC090044.1,0.04533303498728635
RP11-576N17.2,0.04529774545752437
IL36A,0.045247155640823856
RP5-915N17.3,0.04524540923454338
DIO1,0.04518810285486371
U1,0.045163957987262755
AC016717.1,0.04515963847850187
HMGN1P15,0.04515749055453124
RP11-333O1.1,0.04514870838738445
AC093162.3,0.04511441520338475
TMPRSS11E,0.04509990868289826
RN7SKP281,0.04508337294940276
RP11-89F3.2,0.045048768067168954
RP11-431K24.1,0.04501094780844741
CTD-2316B1.2,0.044990735871401205
AC007405.2,0.04496457631000921
MARCO,0.044927127725660876
RP11-362J17.1,0.04490386525005093
CH17-12M21.1,0.04487980335438798
RP4-603I14.3,0.04486577269611227
CTD-2005D20.1,0.04484223097778725
HNRNPA1P6,0.04478404809736062
ZAR1,0.044749137503763796
AC144450.1,0.04468234082143665
RNU6ATAC35P,0.044659649838215576
AXDND1,0.04465249034163939
RP11-710F7.2,0.04462359532092713
CD207,0.044605182945906985
AC025442.3,0.04459266036236748
RP11-399F2.2,0.04458686552581975
RP11-291L19.1,0.0443989396165169
RP11-169K17.3,0.044364777376809654
RP11-65E22.2,0.044330147015374126
RP11-58B17.2,0.0442559769101409
AC128709.4,0.044219927470651656
GIPC2,0.04419391250110782
RP4-735C1.4,0.04402271111360351
CPNE9,0.0439643630702658
RP11-418J17.2,0.043915284230442664
CAMP,0.04391366832641797
AC023271.1,0.04389628080377402
AC019186.1,0.04372920031412816
RN7SKP98,0.04372422573794179
CTD-2313D3.1,0.04372074849519811
CTC-470C15.1,0.04362729851715468
THOC7-AS1,0.0436251345796012
STPG2,0.043610602693197
RP11-475O23.3,0.04359709413238549
RP11-22L13.1,0.04355655250710395
MSANTD1,0.04351247024468557
FAM124B,0.04351010750726392
SCARNA3,0.0434588776621966
AL391994.1,0.04345708177928751
RP11-539L10.2,0.043452127321042526
MIR302B,0.04341080477801815
RP11-420O16.2,0.043406491398768614
CDH12,0.043374714098922885
API5P2,0.043368464401445345
CTD-2297D10.2,0.043331634851567935
GALNTL6,0.04331320410795623
AL583842.3,0.04330748854600907
RP11-331N16.1,0.04320525886887918
RP11-503N18.1,0.04319711777637945
SNORA36,0.043177151428173514
MPL,0.04313958625518571
RP11-360I2.1,0.04311236886402776
FCF1P6,0.043100440532547184
PSMA2P3,0.04297244273001457
RP11-290F5.2,0.04293806375886086
RN7SL773P,0.04292422648428728
RP13-514E23.2,0.04285835168786873
CPHL1P,0.042849689845428716
RP13-514E23.1,0.042840341566509337
CTD-2206G10.1,0.04278779788941455
SLC30A10,0.0427753180665246
DPPA2P3,0.04277397571675038
RP11-548P2.2,0.04271723186980145
snoU13,0.04263380610045298
RNU6-289P,0.04260077731245169
AC007277.3,0.04259707210449868
RP11-777B9.1,0.04259176747168005
AC079305.8,0.04256644780739011
ADH5P2,0.04254028086187097
UQCRBP3,0.0424624569096132
RP11-466P24.4,0.04243742759631632
HMGB1P26,0.042432934449522945
EPHA8,0.04238151848942559
RHD,0.04230841199880384
ADH5P3,0.0422864037578179
SRD5A2,0.04228600050516535
AC116050.1,0.042280984151557045
AC098820.2,0.04227790360480968
AC010240.2,0.0422778611306883
RP4-612C19.1,0.04227779349036783
AC006994.1,0.042270157149801084
GAPDHP23,0.0421935568190348
CTD-2215E18.1,0.04219146521141845
HTR5BP,0.04217397386035177
MAGI1-IT1,0.042097797193688585
CTA-215D11.4,0.042086297949141205
OR4G11P,0.04205479503354806
RP11-384F7.1,0.04202809464508253
RP5-1073O3.7,0.04201520318688204
U1,0.042001241888385964
RP11-337N6.1,0.04199938803905834
FCER1A,0.041862664642596685
RP11-46A10.8,0.04175926095948162
RN7SL767P,0.04173144023977913
RP11-532L16.1,0.041713199030174584
RP11-686O6.1,0.041689531617642106
RP1-117O3.2,0.041546956612100436
Y_RNA,0.041533563686506146
PGLYRP3,0.04151398078323892
AC009238.7,0.041509690534444164
PLA2G2A,0.041462841624212904
RN7SL724P,0.04136336512352152
RP11-259P15.4,0.04132913960190305
RN7SL411P,0.04131188247339657
KRT8P18,0.04130208526081975
RP11-336K24.5,0.04124978360773845
LYPLA1P2,0.04124973437574151
MYOG,0.04124459403993038
AC006369.2,0.041234898373071295
RPL5P6,0.04122765742203061
AC021860.1,0.041216485667261764
CTD-2516K3.3,0.041201064040460186
RP11-264E23.1,0.04119730038653712
RP11-521O16.1,0.04119520145039563
AC013448.1,0.04115070064920418
CFL1P3,0.041135494626871084
RP11-430H12.2,0.04107201256296244
TAL1,0.041051921878809766
CTD-2175A23.1,0.04103993721438661
RP11-148B18.1,0.041001699500121724
ADH1C,0.040999613593822
FAM41C,0.040984864244052864
RP11-666A1.3,0.0409844639022191
AC023469.1,0.04097240589876888
RP11-474O21.2,0.040950854986049355
RBP2,0.040938862065283445
AC074391.1,0.04092082013145032
CALR4P,0.0408785392735588
Y_RNA,0.04087192672475059
RP11-648M2.2,0.040861920301932975
RCSD1,0.04085793658166575
HAAO,0.04081251913416171
TMA16P2,0.04077485354132936
RP11-475J5.9,0.040633514429785154
RP11-449J1.1,0.04062759153402052
AC021016.8,0.04056346891823853
AC007750.5,0.040553233151596826
WI2-89927D4.1,0.04054730983202743
Y_RNA,0.040518687071771566
PSMC1P7,0.04047764252169021
RP11-15I20.1,0.04046725254694319
IHH,0.04045075220027239
SPZ1,0.04043585910594837
ADH6,0.040434867953286706
SLC22A13,0.04043293681373437
RP11-285C1.2,0.040403264215777994
RP11-353N4.3,0.04039779196340818
LINC00620,0.04029866889297607
POU5F1P4,0.04029587652901059
RP11-43F13.3,0.040284403980347216
C3orf49,0.04026770900140342
CTD-2653M23.3,0.040221914617813555
5S_rRNA,0.04020949218608236
AC019068.2,0.04020296809298163
GRID2,0.04013235994828774
VIPR1-AS1,0.04009704839134869
CLEC3B,0.040062878937649066
CX3CR1,0.04005402894036221
RP11-389G6.3,0.040046809165557175
RP11-353N4.7,0.040043832497158836
RP11-122C5.3,0.04002377016065712
MROH9,0.04002281853530178
RP11-243J18.2,0.040015079805570244
CTD-2090I13.2,0.03999708553810821
AC073464.7,0.039993839713322994
AC019118.3,0.03999330702836263
HMGN1P17,0.03994498528139783
RP11-286B14.2,0.03993348279112254
RP11-629B11.4,0.03990050433308498
LINC00184,0.03988309896117927
AC010884.1,0.03988243315945738
RP11-534C12.1,0.03987775804085616
RP11-634B7.4,0.03986626706850512
RP11-80B9.1,0.03985050540742493
RP11-136B18.2,0.03984813597423731
TDGF1P6,0.03984415178825661
SLC22A14,0.03983781724330682
RP11-764E7.1,0.03982719012629819
RP11-38J22.2,0.03978998705543729
RP11-74C13.3,0.039778558983396266
RPS20P15,0.03975933621154257
MFSD2B,0.03973413857110881
ISCA1P2,0.039727798186928544
RPL31P20,0.039709680969309255
TTLL10-AS1,0.039692607834471184
RP11-93K22.14,0.03969162206393244
RP5-892F13.2,0.03953008988996885
AC016644.1,0.0395080068233528
AC013271.3,0.039480533821834175
MIR933,0.03945111867052461
RP11-145A3.4,0.03937573928261589
PSAPL1,0.039371665848185744
RP11-302F12.10,0.03935266193342684
SETP10,0.039315881361397256
RN7SL124P,0.03931278653179957
HNRNPA1P21,0.039281185146940754
RPL7AP26,0.03926665053887834
RP4-665N4.4,0.039262488434630115
RP11-495P10.3,0.039259629985861424
RP5-857K21.1,0.039251623108324966
AC079354.6,0.03924046351484922
SLC25A39P1,0.039233293256138564
RP11-408H1.3,0.03922050325941398
LIMS3,0.03921976113577582
ERC2,0.03921698764276913
RN7SL269P,0.039203425604758396
AC046143.2,0.03914596490290868
RP11-83A24.1,0.03909501096854666
AC125238.2,0.039090407687946284
HNRNPA1P43,0.03903326636609961
PABPC1P10,0.03896846811846617
MIR199A2,0.0389298902469507
MMP23B,0.03880671059282231
RP6-206I17.4,0.03878296906200596
RP11-435P24.2,0.03872428899954393
AC022498.1,0.03868472290505771
RP4-612B18.3,0.03864380843269517
RP11-413E6.1,0.0386248706089993
RP11-367J7.4,0.03861771954258644
RN7SL153P,0.038606911199664855
RNA5SP159,0.03855997821968621
RP11-47K11.2,0.038549181800368315
AC107079.1,0.03852756678478119
AC009229.4,0.03852734236708196
SNORA62,0.03851739946258691
CTD-2134P3.1,0.0384811143898084
ACTN2,0.03835765112644313
RNU7-57P,0.03833375377192014
AC007969.4,0.038330007958189145
DRC1,0.038321555462616556
GPR61,0.038313797006899006
NR1I2,0.03829537615472499
RP11-496B10.3,0.03828233509104449
MRPL53P1,0.038275844785668714
NIP7P2,0.03825885104572848
RP11-34P13.9,0.038254605227933836
RP11-696F12.1,0.03824947784097971
RP11-43F13.4,0.03824474240838694
AC009303.1,0.03822316000672186
CTD-2324F15.2,0.03819631645411568
LINC00880,0.03817651015470639
NMNAT1P3,0.03816987798801357
RP11-359E8.5,0.038153068925774754
CHRNG,0.03808601630334916
AC007163.6,0.037949518476776745
RP4-784A16.4,0.037885890391421144
RGPD1,0.03784719242842336
CD48,0.037821345962262755
LCE2D,0.03780957453032888
PKLR,0.037785536211615324
RP11-445O3.2,0.037752038170331785
CTRC,0.03773902344264762
GNL3LP1,0.03771843602448884
AC098614.1,0.03771398431717888
RP5-1092A11.2,0.03770435693689909
RP11-340B18.1,0.037693363464583206
PRDM16,0.03768581570385533
L1TD1,0.037672011257406206
RP11-134F2.2,0.037608847514116917
RP11-495P10.5,0.037602448986665704
AC092933.4,0.037552859921935654
AKT3-IT1,0.03745291192931267
RP11-440I14.2,0.03744811508074484
RP11-113A11.1,0.03744531576523017
RP13-644M16.1,0.03744119175600678
RP4-782G3.1,0.03743493029161483
RP11-569G9.7,0.037427145859314476
RP3-395M20.7,0.03738261174937386
LINC01014,0.03733698411717063
RP5-1065J22.2,0.037329958154488994
AL133245.2,0.03732001087636437
SPTA1,0.037302692059680564
GS1-304P7.1,0.037291592523637805
NAT8,0.03727783358294836
C3orf65,0.037275717728786885
AC144450.2,0.037235181617176795
IGFBP7-AS1,0.03721908380217362
RP11-522M21.3,0.03720513497617243
PRELP,0.03719493403869709
RP11-192H6.2,0.03718786404523417
RNU6-312P,0.037174678885583456
LSAMP-AS1,0.037151889064386906
AC104841.1,0.03710807783315711
RP11-544M22.8,0.03710163907489066
RP4-633I8.2,0.03705384063867075
RNU6-25P,0.03703641251803251
RP11-3P17.4,0.03701183694813315
RP11-170N16.2,0.03699263253069537
TPI1P4,0.03698782588301946
BOK-AS1,0.03693708756183424
POLHP1,0.03691414218360194
RP11-4M23.2,0.036896207151760785
RP11-196G18.23,0.03688473293018641
RPL19P11,0.03679226575350041
AC093159.1,0.03678411661951384
RFX8,0.03673926555193647
BOLL,0.0367315842450904
GPR128,0.03672019310521426
RP11-404E16.1,0.03668827478291341
hsa-mir-5588,0.036640326101214975
FAM19A4,0.03660680906033387
RP11-365H8.2,0.03659833556362361
RP11-414H23.2,0.03653562607877219
RN7SL40P,0.03652194839546619
LMOD3,0.03648499660790814
PLGLA,0.036473952468856055
CTC-512J14.7,0.03646452417468177
ZNF385D-AS1,0.036451750573208666
RP11-366M4.11,0.03644206470193153
AC007389.3,0.03640064245724489
LCK,0.03639335423763213
RP11-480D4.4,0.03638522228610569
TAF9BP1,0.03637977082553865
AC007879.4,0.03636276473537515
RGPD5,0.036319786414289706
RP11-427M20.1,0.0362757216294998
RP11-540K16.1,0.03627233773635747
C1orf65,0.03627231076353202
RP11-101O6.2,0.036267649833736815
LECT2,0.03626222273186825
RP11-460I19.2,0.03626065812048457
AC073987.1,0.03619439392086709
RNU1-89P,0.03618174554022232
HELT,0.0361814018686512
HMGN2P22,0.03617073732542877
MEF2C-AS1,0.0361438475773257
RP11-813N20.3,0.03612653046828227
RP11-1E1.2,0.036108307090560794
RP11-561O4.1,0.0360415626162686
CTNNA2,0.03602181658240248
CTD-2218G20.2,0.03601565357869901
AC133644.3,0.03599950114588735
RPL21P54,0.0359734854879717
LINC01088,0.03593946901962026
Y_RNA,0.03592879166117597
FAM228A,0.03588770865206412
LINC01036,0.03588224029217995
RP11-689K5.3,0.035876908073655296
B4GALT4-AS1,0.03584496216771334
KCNJ13,0.035839467934920474
AC096649.2,0.035816120834896194
RP11-315A16.1,0.035801239428054535
AIM2,0.035790830144526255
CHRNA1,0.03578910149819165
ANKRD55,0.03571865786428686
RP11-486G15.1,0.035674572697500406
LRP2,0.03564010909852964
RP3-340N1.2,0.03564007740581016
RP11-701P16.1,0.035622690394086505
RP4-665J23.4,0.03562186669719269
SYT2,0.03561235535212461
AC096921.2,0.035538649558848584
RP11-933H2.4,0.03552848566711076
EIF2S2P2,0.03551862045731622
RP11-1029M24.4,0.035444706016137396
RP11-848G14.5,0.03541015719910893
AC007098.1,0.035380699256242064
INTS6P1,0.03537303056969851
RPS12P5,0.035318293108924946
RP1-144F13.4,0.03526753600309462
RP11-403I13.10,0.03525731910449611
UGT2B4,0.035239904023243215
SGOL1-AS1,0.035188848022338
MIR425,0.035188848022338
SLC25A5P6,0.03516396584561248
CTD-2290C23.1,0.035150881780362804
RP11-572M11.3,0.03510805695365756
RP11-6N13.1,0.03507655092477859
RP11-95I19.1,0.0350746288384361
RP3-467K16.4,0.035063119930102075
RP11-447H19.1,0.035052968293189
KRT18P19,0.03504585013372897
RP11-169K17.2,0.03503711623334455
TPRXL,0.03499301597696051
BSN-AS2,0.034985675830204226
REG4,0.03495743580582075
AC019048.1,0.034951088854728696
RP11-40H20.5,0.03492679731347043
ACA64,0.034898298664471965
RP11-136C24.1,0.03489136522236266
RP11-364P2.2,0.03487997160501819
RP11-301H24.4,0.03485689963976528
RP11-162K6.1,0.03483746903617237
SPP2,0.03474966022201652
F13B,0.03471117078633248
UNC93B7,0.03470323138439609
AC007682.1,0.03470212090766498
MMP23A,0.03466972117629721
C1orf229,0.034624618854003454
SNORA1,0.03460279618102333
RP11-350G8.5,0.03459665457475481
CTC-250P20.1,0.03457319473010988
AC092431.3,0.034558606690050016
SNX18P24,0.034550706248465235
RP11-789F5.1,0.03446116423451523
BIRC6-AS1,0.03444882935734025
PLCL1,0.03442334220574149
RP11-564A8.8,0.03436382885768813
RP11-5P4.1,0.03432538456781545
AL713999.1,0.034317161494088165
CASQ1,0.034239658493669715
UCP1,0.034223510560164996
RN7SL612P,0.03421873256325771
CTC-321K16.1,0.03420995951962052
PRSS45,0.03420409208518119
RP11-342A1.1,0.03412841767301974
snoZ6,0.03412841767301974
C2orf61,0.034107874223176106
SNORA36B,0.03408417991812176
AC103564.7,0.03402959926507511
CTC-498M16.4,0.03402773694712757
ASIC5,0.03398836384999411
RP11-573D15.6,0.033974036332609724
RP11-30O15.1,0.03392407766852463
CTD-2538A21.1,0.03390019923617319
CCDC13-AS1,0.033882589372796805
RP11-483A20.3,0.03386651235430322
RP11-455B3.1,0.03385274219337112
FCF1P8,0.03382830611226331
KCNN2,0.03380409152649164
CTC-498J12.3,0.033790080459918645
TUBB7P,0.03373659166283511
TRIM60P14,0.03371795052745391
KCNA3,0.03371181924634114
CTD-2061E9.1,0.03365695980159695
AC007282.6,0.033629394271381126
RP11-417J8.6,0.03362401553110054
RP11-421L10.1,0.03361415162093492
AC018470.1,0.03358928541037047
RNU6-1100P,0.03357614662224698
RP11-45I20.1,0.033573442091508005
KLHL6,0.03356706731895149
RP11-403I13.4,0.03350641818665071
RP11-731J8.1,0.03350452374883892
CDKL4,0.0334895200100165
SNORA43,0.03340316282014718
AC093585.6,0.03339507804633759
RP11-315I20.3,0.03338909452163375
SNAP47-AS1,0.033388953252734534
RP11-454L1.2,0.03337262776328096
RP11-174O3.3,0.03333521669070206
RNU5D-1,0.033328164009611964
AC097381.1,0.033318329231092784
FTH1P24,0.033305983765332746
AC073834.3,0.03329390303667681
CATSPER4,0.03327500499277763
SPTLC1P4,0.033260325105370823
SKINTL,0.03317314741887664
AC131097.4,0.033170869049421924
SNORA58,0.033167289501124804
CTD-2131I18.1,0.03315736319173678
MIR4271,0.03310519790734654
RP11-477G18.2,0.03309360556181918
RP11-419C19.1,0.033047991634716806
AC022431.2,0.03304722162475682
CTB-161M19.4,0.03301872390970643
RP11-626E13.1,0.03297754799870741
AC092580.4,0.03297598395821355
AC074363.1,0.03296683390394329
UQCRHP2,0.03294761511318842
RP11-299J3.6,0.03290003850991652
TEX37,0.03287401854987701
RP11-344P13.3,0.03284979172355285
RP11-782C8.7,0.0328481837778316
FAM138A,0.032819998192578366
RP11-436K8.1,0.032816932622289144
MIXL1,0.03279518257122286
LY9,0.03277405370062168
RORC,0.03276540751845688
CH17-132F21.1,0.0327441458514644
BEND5,0.032731144075158904
RP5-1057J7.7,0.03272267450184792
RP11-254I22.1,0.03270698434802744
PDCL2,0.032680894545840285
RP11-559M23.1,0.03262409041763671
RP5-1182A14.5,0.032602952887263524
RP11-447H19.3,0.0325851310574845
RPS15AP6,0.03258081762806445
RP11-554J4.1,0.03257809213932038
RN7SL393P,0.03253758218501446
C3orf20,0.032509911695941286
RP11-789C2.1,0.0325091729354496
RP11-446H18.1,0.03250599690974474
AC084149.2,0.03246790644026921
RP5-1109J22.2,0.0324594823036166
RP11-181G12.4,0.032431979868623804
RP11-15I11.2,0.03238458780346789
snoU13,0.03235435759926738
RP5-1115A15.1,0.03235358930704183
AC078941.1,0.03228701905446482
RP11-495P10.1,0.03228161149314346
PPIAL4C,0.032261918593381386
RN7SL419P,0.03224945632269458
CADM2,0.0322093081930667
AC136289.1,0.03219260378058283
KY,0.032150397441353874
CELA2B,0.03214002336362553
AC068491.3,0.032134292821876236
AC015977.6,0.03213296927759977
RP11-1258F18.1,0.03211623207287904
CTXN3,0.03210958685557708
AL358813.1,0.03210748293425075
S100Z,0.03210102959338923
RNU6-387P,0.03209550862276483
COX6CP6,0.03207199945752277
RP1-13P20.6,0.03205593861052741
RP11-119J18.1,0.032050545913879964
NMUR1,0.032034853605398976
RNU4-8P,0.03203247557120809
RP11-707F2.1,0.03199784316066979
C1orf105,0.031992568675056225
RP11-24H1.1,0.03197516729924411
DCTN1-AS1,0.03195150976807732
RP11-115H18.1,0.03194500715759096
AC073257.2,0.03191582664729086
METTL11B,0.03190240158656231
RP11-141P6.1,0.0318610021477159
RP11-59E19.4,0.03185030065354674
RPS3AP14,0.031841516709140726
GMFBP1,0.03182948471396747
TMEM256P2,0.03180969817581631
AC092669.3,0.03179922865792386
WBP1LP7,0.031795680541887895
GBP6,0.03179394116755445
AC110769.3,0.031792460018791956
RP11-221E20.5,0.03176424588990936
RP11-543B16.3,0.031760083557299416
REG3G,0.031743783960372106
AC007040.6,0.031703105216742904
RP11-340E6.1,0.03169715884849759
TNRC18P1,0.03168651624943455
RP11-1E1.1,0.03167034325743901
VCAN-AS1,0.03165416710793864
RP11-10N16.2,0.03159522983858464
ACA64,0.03151469576981794
RP11-278H7.4,0.03150563739833619
RP11-310P5.2,0.031452936505920105
PPIAP15,0.031439404804937905
SLC30A2,0.03140013434759978
RP11-417F21.2,0.031380643701289984
AC013448.2,0.03137356500794849
SLC2A7,0.03137321703802359
AC019050.1,0.03135373120588312
CTD-2195M15.3,0.031352882569648834
AC097713.2,0.03135203554514682
RP11-3B7.7,0.031342751746680046
NYAP2,0.031339752062504486
CLEC4F,0.031294425570848675
ITLN2,0.031260455696900884
RP11-775J23.2,0.031246224987624593
RN7SL473P,0.03124322902201146
LINC00498,0.031235085383627997
RN7SKP230,0.031211479923364926
AC116614.1,0.03120483896807723
PAPPA2,0.031172774057503464
GNLY,0.03117235482774523
ITGB5-AS1,0.031161938905433006
AC016700.3,0.03113138936092469
RP11-305O4.2,0.03111396948723397
LEMD1-AS1,0.031059882984309412
RN7SL614P,0.031059582545684652
CHRM3-AS1,0.031050950665163498
ATOH1,0.03103254396628113
EMX1,0.031021686531773795
CTD-2118P12.1,0.03101157659566651
AC090957.2,0.030992342597859306
RN7SL664P,0.03098561510469137
IBSP,0.030962030533809443
NUPL1P1,0.030921734295324285
RP11-432M8.9,0.030908413638174367
RP11-366M4.14,0.03088277459993946
CTB-161M19.1,0.030873067891885386
CTC-537E7.3,0.030867411811028964
RP11-67M1.1,0.030836880636705866
RP11-169K17.4,0.03079037387173449
RP11-21M7.2,0.03079028008108142
RP11-557J10.4,0.030774649569674944
RP11-451G4.3,0.030766280692626807
RP11-461M2.2,0.03072925521339957
DUXAP1,0.030728618303784025
CTD-2061E19.1,0.03070364283832056
AC092573.2,0.030692431463506514
AC092839.1,0.030690569154273446
RP11-64D22.1,0.03065801516893794
RP11-217C7.1,0.030612193103122104
ILF2P1,0.030608039877276293
RP11-884K10.6,0.030599971964707377
AC009502.1,0.03054744388260973
RP11-396D18.1,0.03052597859863677
AC018737.3,0.030470183555895345
SNORA51,0.030469291787475
THRB-AS1,0.030443128764853694
AC074011.2,0.030440605292788026
RP11-1057B6.1,0.03038175920454464
RP1-118J21.24,0.030380491038037565
RP11-214J9.1,0.030373043648228754
AC069155.1,0.030347395917652675
TTC29,0.0303380586408126
RP11-950K24.2,0.030332643614565363
AC008065.1,0.030323754221147654
RP11-80H8.4,0.030312239314450356
RP11-38J22.1,0.030294703028942303
AC013733.5,0.030291353332662595
OR4F29,0.03028373119944582
AC114730.8,0.030274680118088194
